solid OpenSCAD_Model
  facet normal -0 0.336879 0.941548
    outer loop
      vertex -36.1 -7.72571 4.30765
      vertex -35 -7.95671 4.3903
      vertex -35 -7.72571 4.30765
    endloop
  endfacet
  facet normal 0 0.336879 0.941548
    outer loop
      vertex -35 -7.95671 4.3903
      vertex -36.1 -7.72571 4.30765
      vertex -36.1 -7.95671 4.3903
    endloop
  endfacet
  facet normal 0 -0.242977 0.970032
    outer loop
      vertex -36.1 -6.27429 4.30765
      vertex -35 -6.51227 4.24804
      vertex -35 -6.27429 4.30765
    endloop
  endfacet
  facet normal 0 -0.242977 0.970032
    outer loop
      vertex -35 -6.51227 4.24804
      vertex -36.1 -6.27429 4.30765
      vertex -36.1 -6.51227 4.24804
    endloop
  endfacet
  facet normal 0 0.336879 -0.941548
    outer loop
      vertex -36.1 -7.95671 9.0097
      vertex -35 -7.72571 9.09235
      vertex -35 -7.95671 9.0097
    endloop
  endfacet
  facet normal 0 0.336879 -0.941548
    outer loop
      vertex -35 -7.72571 9.09235
      vertex -36.1 -7.95671 9.0097
      vertex -36.1 -7.72571 9.09235
    endloop
  endfacet
  facet normal 0 -0.970032 0.242977
    outer loop
      vertex -36.1 -4.60765 5.97429
      vertex -35 -4.54804 6.21227
      vertex -36.1 -4.54804 6.21227
    endloop
  endfacet
  facet normal 0 -0.970032 0.242977
    outer loop
      vertex -35 -4.54804 6.21227
      vertex -36.1 -4.60765 5.97429
      vertex -35 -4.60765 5.97429
    endloop
  endfacet
  facet normal 0 -0.242977 -0.970032
    outer loop
      vertex -36.1 -6.51227 9.15196
      vertex -35 -6.27429 9.09235
      vertex -35 -6.51227 9.15196
    endloop
  endfacet
  facet normal -0 -0.242977 -0.970032
    outer loop
      vertex -35 -6.27429 9.09235
      vertex -36.1 -6.51227 9.15196
      vertex -36.1 -6.27429 9.09235
    endloop
  endfacet
  facet normal 0 0.989176 -0.146732
    outer loop
      vertex -35 -9.48796 6.94504
      vertex -36.1 -9.45196 7.18773
      vertex -35 -9.45196 7.18773
    endloop
  endfacet
  facet normal 0 0.989176 -0.146732
    outer loop
      vertex -36.1 -9.45196 7.18773
      vertex -35 -9.48796 6.94504
      vertex -36.1 -9.48796 6.94504
    endloop
  endfacet
  facet normal 0 -0.0490756 0.998795
    outer loop
      vertex -36.1 -6.75496 4.21204
      vertex -35 -7 4.2
      vertex -35 -6.75496 4.21204
    endloop
  endfacet
  facet normal 0 -0.0490756 0.998795
    outer loop
      vertex -35 -7 4.2
      vertex -36.1 -6.75496 4.21204
      vertex -36.1 -7 4.2
    endloop
  endfacet
  facet normal 0 -0.857734 -0.514094
    outer loop
      vertex -36.1 -4.7952 7.87849
      vertex -35 -4.92133 8.08893
      vertex -36.1 -4.92133 8.08893
    endloop
  endfacet
  facet normal 0 -0.857734 -0.514094
    outer loop
      vertex -35 -4.92133 8.08893
      vertex -36.1 -4.7952 7.87849
      vertex -35 -4.7952 7.87849
    endloop
  endfacet
  facet normal 0 0.90398 0.427575
    outer loop
      vertex -35 -9.2048 5.52151
      vertex -36.1 -9.3097 5.74329
      vertex -35 -9.3097 5.74329
    endloop
  endfacet
  facet normal 0 0.90398 0.427575
    outer loop
      vertex -36.1 -9.3097 5.74329
      vertex -35 -9.2048 5.52151
      vertex -36.1 -9.2048 5.52151
    endloop
  endfacet
  facet normal 0 -0.427575 0.90398
    outer loop
      vertex -36.1 -5.82151 4.4952
      vertex -35 -6.04329 4.3903
      vertex -35 -5.82151 4.4952
    endloop
  endfacet
  facet normal 0 -0.427575 0.90398
    outer loop
      vertex -35 -6.04329 4.3903
      vertex -36.1 -5.82151 4.4952
      vertex -36.1 -6.04329 4.3903
    endloop
  endfacet
  facet normal 0 0.989176 0.146732
    outer loop
      vertex -35 -9.45196 6.21227
      vertex -36.1 -9.48796 6.45496
      vertex -35 -9.48796 6.45496
    endloop
  endfacet
  facet normal 0 0.989176 0.146732
    outer loop
      vertex -36.1 -9.48796 6.45496
      vertex -35 -9.45196 6.21227
      vertex -36.1 -9.45196 6.21227
    endloop
  endfacet
  facet normal 0 0.998795 -0.0490756
    outer loop
      vertex -35 -9.5 6.7
      vertex -36.1 -9.48796 6.94504
      vertex -35 -9.48796 6.94504
    endloop
  endfacet
  facet normal 0 0.998795 -0.0490756
    outer loop
      vertex -36.1 -9.48796 6.94504
      vertex -35 -9.5 6.7
      vertex -36.1 -9.5 6.7
    endloop
  endfacet
  facet normal 0 0.941548 0.336879
    outer loop
      vertex -35 -9.3097 5.74329
      vertex -36.1 -9.39235 5.97429
      vertex -35 -9.39235 5.97429
    endloop
  endfacet
  facet normal 0 0.941548 0.336879
    outer loop
      vertex -36.1 -9.39235 5.97429
      vertex -35 -9.3097 5.74329
      vertex -36.1 -9.3097 5.74329
    endloop
  endfacet
  facet normal 0 -0.514094 -0.857734
    outer loop
      vertex -36.1 -5.82151 8.9048
      vertex -35 -5.61107 8.77867
      vertex -35 -5.82151 8.9048
    endloop
  endfacet
  facet normal -0 -0.514094 -0.857734
    outer loop
      vertex -35 -5.61107 8.77867
      vertex -36.1 -5.82151 8.9048
      vertex -36.1 -5.61107 8.77867
    endloop
  endfacet
  facet normal -0 0.671548 0.740961
    outer loop
      vertex -36.1 -8.58598 4.76747
      vertex -35 -8.76777 4.93223
      vertex -35 -8.58598 4.76747
    endloop
  endfacet
  facet normal 0 0.671548 0.740961
    outer loop
      vertex -35 -8.76777 4.93223
      vertex -36.1 -8.58598 4.76747
      vertex -36.1 -8.76777 4.93223
    endloop
  endfacet
  facet normal 0 0.242977 -0.970032
    outer loop
      vertex -36.1 -7.72571 9.09235
      vertex -35 -7.48773 9.15196
      vertex -35 -7.72571 9.09235
    endloop
  endfacet
  facet normal 0 0.242977 -0.970032
    outer loop
      vertex -35 -7.48773 9.15196
      vertex -36.1 -7.72571 9.09235
      vertex -36.1 -7.48773 9.15196
    endloop
  endfacet
  facet normal -0 0.146732 0.989176
    outer loop
      vertex -36.1 -7.24504 4.21204
      vertex -35 -7.48773 4.24804
      vertex -35 -7.24504 4.21204
    endloop
  endfacet
  facet normal 0 0.146732 0.989176
    outer loop
      vertex -35 -7.48773 4.24804
      vertex -36.1 -7.24504 4.21204
      vertex -36.1 -7.48773 4.24804
    endloop
  endfacet
  facet normal 0 0.857734 0.514094
    outer loop
      vertex -35 -9.07867 5.31107
      vertex -36.1 -9.2048 5.52151
      vertex -35 -9.2048 5.52151
    endloop
  endfacet
  facet normal 0 0.857734 0.514094
    outer loop
      vertex -36.1 -9.2048 5.52151
      vertex -35 -9.07867 5.31107
      vertex -36.1 -9.07867 5.31107
    endloop
  endfacet
  facet normal 0 0.671548 -0.740961
    outer loop
      vertex -36.1 -8.76777 8.46777
      vertex -35 -8.58598 8.63253
      vertex -35 -8.76777 8.46777
    endloop
  endfacet
  facet normal 0 0.671548 -0.740961
    outer loop
      vertex -35 -8.58598 8.63253
      vertex -36.1 -8.76777 8.46777
      vertex -36.1 -8.58598 8.63253
    endloop
  endfacet
  facet normal 0 -0.90398 0.427575
    outer loop
      vertex -36.1 -4.7952 5.52151
      vertex -35 -4.6903 5.74329
      vertex -36.1 -4.6903 5.74329
    endloop
  endfacet
  facet normal 0 -0.90398 0.427575
    outer loop
      vertex -35 -4.6903 5.74329
      vertex -36.1 -4.7952 5.52151
      vertex -35 -4.7952 5.52151
    endloop
  endfacet
  facet normal 0 0.514094 -0.857734
    outer loop
      vertex -36.1 -8.38893 8.77867
      vertex -35 -8.17849 8.9048
      vertex -35 -8.38893 8.77867
    endloop
  endfacet
  facet normal 0 0.514094 -0.857734
    outer loop
      vertex -35 -8.17849 8.9048
      vertex -36.1 -8.38893 8.77867
      vertex -36.1 -8.17849 8.9048
    endloop
  endfacet
  facet normal -0 0.242977 0.970032
    outer loop
      vertex -36.1 -7.48773 4.24804
      vertex -35 -7.72571 4.30765
      vertex -35 -7.48773 4.24804
    endloop
  endfacet
  facet normal 0 0.242977 0.970032
    outer loop
      vertex -35 -7.72571 4.30765
      vertex -36.1 -7.48773 4.24804
      vertex -36.1 -7.72571 4.30765
    endloop
  endfacet
  facet normal 0 0.857734 -0.514094
    outer loop
      vertex -35 -9.2048 7.87849
      vertex -36.1 -9.07867 8.08893
      vertex -35 -9.07867 8.08893
    endloop
  endfacet
  facet normal 0 0.857734 -0.514094
    outer loop
      vertex -36.1 -9.07867 8.08893
      vertex -35 -9.2048 7.87849
      vertex -36.1 -9.2048 7.87849
    endloop
  endfacet
  facet normal 0 -0.857734 0.514094
    outer loop
      vertex -36.1 -4.92133 5.31107
      vertex -35 -4.7952 5.52151
      vertex -36.1 -4.7952 5.52151
    endloop
  endfacet
  facet normal 0 -0.857734 0.514094
    outer loop
      vertex -35 -4.7952 5.52151
      vertex -36.1 -4.92133 5.31107
      vertex -35 -4.92133 5.31107
    endloop
  endfacet
  facet normal 0 -0.595693 0.803212
    outer loop
      vertex -36.1 -5.41402 4.76747
      vertex -35 -5.61107 4.62133
      vertex -35 -5.41402 4.76747
    endloop
  endfacet
  facet normal 0 -0.595693 0.803212
    outer loop
      vertex -35 -5.61107 4.62133
      vertex -36.1 -5.41402 4.76747
      vertex -36.1 -5.61107 4.62133
    endloop
  endfacet
  facet normal 0 -0.803212 -0.595693
    outer loop
      vertex -36.1 -4.92133 8.08893
      vertex -35 -5.06747 8.28598
      vertex -36.1 -5.06747 8.28598
    endloop
  endfacet
  facet normal 0 -0.803212 -0.595693
    outer loop
      vertex -35 -5.06747 8.28598
      vertex -36.1 -4.92133 8.08893
      vertex -35 -4.92133 8.08893
    endloop
  endfacet
  facet normal 0 -0.941548 -0.336879
    outer loop
      vertex -36.1 -4.60765 7.42571
      vertex -35 -4.6903 7.65671
      vertex -36.1 -4.6903 7.65671
    endloop
  endfacet
  facet normal 0 -0.941548 -0.336879
    outer loop
      vertex -35 -4.6903 7.65671
      vertex -36.1 -4.60765 7.42571
      vertex -35 -4.60765 7.42571
    endloop
  endfacet
  facet normal 0 0.0490756 -0.998795
    outer loop
      vertex -36.1 -7.24504 9.18796
      vertex -35 -7 9.2
      vertex -35 -7.24504 9.18796
    endloop
  endfacet
  facet normal 0 0.0490756 -0.998795
    outer loop
      vertex -35 -7 9.2
      vertex -36.1 -7.24504 9.18796
      vertex -36.1 -7 9.2
    endloop
  endfacet
  facet normal 0 -0.941548 0.336879
    outer loop
      vertex -36.1 -4.6903 5.74329
      vertex -35 -4.60765 5.97429
      vertex -36.1 -4.60765 5.97429
    endloop
  endfacet
  facet normal 0 -0.941548 0.336879
    outer loop
      vertex -35 -4.60765 5.97429
      vertex -36.1 -4.6903 5.74329
      vertex -35 -4.6903 5.74329
    endloop
  endfacet
  facet normal 0 -0.146732 0.989176
    outer loop
      vertex -36.1 -6.51227 4.24804
      vertex -35 -6.75496 4.21204
      vertex -35 -6.51227 4.24804
    endloop
  endfacet
  facet normal 0 -0.146732 0.989176
    outer loop
      vertex -35 -6.75496 4.21204
      vertex -36.1 -6.51227 4.24804
      vertex -36.1 -6.75496 4.21204
    endloop
  endfacet
  facet normal 0 -0.989176 -0.146732
    outer loop
      vertex -36.1 -4.51204 6.94504
      vertex -35 -4.54804 7.18773
      vertex -36.1 -4.54804 7.18773
    endloop
  endfacet
  facet normal 0 -0.989176 -0.146732
    outer loop
      vertex -35 -4.54804 7.18773
      vertex -36.1 -4.51204 6.94504
      vertex -35 -4.51204 6.94504
    endloop
  endfacet
  facet normal -0 0.0490756 0.998795
    outer loop
      vertex -36.1 -7 4.2
      vertex -35 -7.24504 4.21204
      vertex -35 -7 4.2
    endloop
  endfacet
  facet normal 0 0.0490756 0.998795
    outer loop
      vertex -35 -7.24504 4.21204
      vertex -36.1 -7 4.2
      vertex -36.1 -7.24504 4.21204
    endloop
  endfacet
  facet normal -0 0.514094 0.857734
    outer loop
      vertex -36.1 -8.17849 4.4952
      vertex -35 -8.38893 4.62133
      vertex -35 -8.17849 4.4952
    endloop
  endfacet
  facet normal 0 0.514094 0.857734
    outer loop
      vertex -35 -8.38893 4.62133
      vertex -36.1 -8.17849 4.4952
      vertex -36.1 -8.38893 4.62133
    endloop
  endfacet
  facet normal 0 -0.803212 0.595693
    outer loop
      vertex -36.1 -5.06747 5.11402
      vertex -35 -4.92133 5.31107
      vertex -36.1 -4.92133 5.31107
    endloop
  endfacet
  facet normal 0 -0.803212 0.595693
    outer loop
      vertex -35 -4.92133 5.31107
      vertex -36.1 -5.06747 5.11402
      vertex -35 -5.06747 5.11402
    endloop
  endfacet
  facet normal 0 0.740961 -0.671548
    outer loop
      vertex -35 -8.93253 8.28598
      vertex -36.1 -8.76777 8.46777
      vertex -35 -8.76777 8.46777
    endloop
  endfacet
  facet normal 0 0.740961 -0.671548
    outer loop
      vertex -36.1 -8.76777 8.46777
      vertex -35 -8.93253 8.28598
      vertex -36.1 -8.93253 8.28598
    endloop
  endfacet
  facet normal 0 0.998795 0.0490756
    outer loop
      vertex -35 -9.48796 6.45496
      vertex -36.1 -9.5 6.7
      vertex -35 -9.5 6.7
    endloop
  endfacet
  facet normal 0 0.998795 0.0490756
    outer loop
      vertex -36.1 -9.5 6.7
      vertex -35 -9.48796 6.45496
      vertex -36.1 -9.48796 6.45496
    endloop
  endfacet
  facet normal 0 -0.336879 0.941548
    outer loop
      vertex -36.1 -6.04329 4.3903
      vertex -35 -6.27429 4.30765
      vertex -35 -6.04329 4.3903
    endloop
  endfacet
  facet normal 0 -0.336879 0.941548
    outer loop
      vertex -35 -6.27429 4.30765
      vertex -36.1 -6.04329 4.3903
      vertex -36.1 -6.27429 4.30765
    endloop
  endfacet
  facet normal -0 0.595693 0.803212
    outer loop
      vertex -36.1 -8.38893 4.62133
      vertex -35 -8.58598 4.76747
      vertex -35 -8.38893 4.62133
    endloop
  endfacet
  facet normal 0 0.595693 0.803212
    outer loop
      vertex -35 -8.58598 4.76747
      vertex -36.1 -8.38893 4.62133
      vertex -36.1 -8.58598 4.76747
    endloop
  endfacet
  facet normal 0 0.427575 -0.90398
    outer loop
      vertex -36.1 -8.17849 8.9048
      vertex -35 -7.95671 9.0097
      vertex -35 -8.17849 8.9048
    endloop
  endfacet
  facet normal 0 0.427575 -0.90398
    outer loop
      vertex -35 -7.95671 9.0097
      vertex -36.1 -8.17849 8.9048
      vertex -36.1 -7.95671 9.0097
    endloop
  endfacet
  facet normal 0 -0.0490756 -0.998795
    outer loop
      vertex -36.1 -7 9.2
      vertex -35 -6.75496 9.18796
      vertex -35 -7 9.2
    endloop
  endfacet
  facet normal -0 -0.0490756 -0.998795
    outer loop
      vertex -35 -6.75496 9.18796
      vertex -36.1 -7 9.2
      vertex -36.1 -6.75496 9.18796
    endloop
  endfacet
  facet normal 0 0.970032 0.242977
    outer loop
      vertex -35 -9.39235 5.97429
      vertex -36.1 -9.45196 6.21227
      vertex -35 -9.45196 6.21227
    endloop
  endfacet
  facet normal 0 0.970032 0.242977
    outer loop
      vertex -36.1 -9.45196 6.21227
      vertex -35 -9.39235 5.97429
      vertex -36.1 -9.39235 5.97429
    endloop
  endfacet
  facet normal 0 -0.998795 -0.0490756
    outer loop
      vertex -36.1 -4.5 6.7
      vertex -35 -4.51204 6.94504
      vertex -36.1 -4.51204 6.94504
    endloop
  endfacet
  facet normal 0 -0.998795 -0.0490756
    outer loop
      vertex -35 -4.51204 6.94504
      vertex -36.1 -4.5 6.7
      vertex -35 -4.5 6.7
    endloop
  endfacet
  facet normal 0 -0.998795 0.0490756
    outer loop
      vertex -36.1 -4.51204 6.45496
      vertex -35 -4.5 6.7
      vertex -36.1 -4.5 6.7
    endloop
  endfacet
  facet normal 0 -0.998795 0.0490756
    outer loop
      vertex -35 -4.5 6.7
      vertex -36.1 -4.51204 6.45496
      vertex -35 -4.51204 6.45496
    endloop
  endfacet
  facet normal -0 0.427575 0.90398
    outer loop
      vertex -36.1 -7.95671 4.3903
      vertex -35 -8.17849 4.4952
      vertex -35 -7.95671 4.3903
    endloop
  endfacet
  facet normal 0 0.427575 0.90398
    outer loop
      vertex -35 -8.17849 4.4952
      vertex -36.1 -7.95671 4.3903
      vertex -36.1 -8.17849 4.4952
    endloop
  endfacet
  facet normal 0 0.803212 0.595693
    outer loop
      vertex -35 -8.93253 5.11402
      vertex -36.1 -9.07867 5.31107
      vertex -35 -9.07867 5.31107
    endloop
  endfacet
  facet normal 0 0.803212 0.595693
    outer loop
      vertex -36.1 -9.07867 5.31107
      vertex -35 -8.93253 5.11402
      vertex -36.1 -8.93253 5.11402
    endloop
  endfacet
  facet normal 0 -0.514094 0.857734
    outer loop
      vertex -36.1 -5.61107 4.62133
      vertex -35 -5.82151 4.4952
      vertex -35 -5.61107 4.62133
    endloop
  endfacet
  facet normal 0 -0.514094 0.857734
    outer loop
      vertex -35 -5.82151 4.4952
      vertex -36.1 -5.61107 4.62133
      vertex -36.1 -5.82151 4.4952
    endloop
  endfacet
  facet normal 0 0.90398 -0.427575
    outer loop
      vertex -35 -9.3097 7.65671
      vertex -36.1 -9.2048 7.87849
      vertex -35 -9.2048 7.87849
    endloop
  endfacet
  facet normal 0 0.90398 -0.427575
    outer loop
      vertex -36.1 -9.2048 7.87849
      vertex -35 -9.3097 7.65671
      vertex -36.1 -9.3097 7.65671
    endloop
  endfacet
  facet normal 0 -0.740961 -0.671548
    outer loop
      vertex -36.1 -5.06747 8.28598
      vertex -35 -5.23223 8.46777
      vertex -36.1 -5.23223 8.46777
    endloop
  endfacet
  facet normal 0 -0.740961 -0.671548
    outer loop
      vertex -35 -5.23223 8.46777
      vertex -36.1 -5.06747 8.28598
      vertex -35 -5.06747 8.28598
    endloop
  endfacet
  facet normal 0 -0.90398 -0.427575
    outer loop
      vertex -36.1 -4.6903 7.65671
      vertex -35 -4.7952 7.87849
      vertex -36.1 -4.7952 7.87849
    endloop
  endfacet
  facet normal 0 -0.90398 -0.427575
    outer loop
      vertex -35 -4.7952 7.87849
      vertex -36.1 -4.6903 7.65671
      vertex -35 -4.6903 7.65671
    endloop
  endfacet
  facet normal 0 0.146732 -0.989176
    outer loop
      vertex -36.1 -7.48773 9.15196
      vertex -35 -7.24504 9.18796
      vertex -35 -7.48773 9.15196
    endloop
  endfacet
  facet normal 0 0.146732 -0.989176
    outer loop
      vertex -35 -7.24504 9.18796
      vertex -36.1 -7.48773 9.15196
      vertex -36.1 -7.24504 9.18796
    endloop
  endfacet
  facet normal 0 -0.671548 0.740961
    outer loop
      vertex -36.1 -5.23223 4.93223
      vertex -35 -5.41402 4.76747
      vertex -35 -5.23223 4.93223
    endloop
  endfacet
  facet normal 0 -0.671548 0.740961
    outer loop
      vertex -35 -5.41402 4.76747
      vertex -36.1 -5.23223 4.93223
      vertex -36.1 -5.41402 4.76747
    endloop
  endfacet
  facet normal 0 -0.740961 0.671548
    outer loop
      vertex -36.1 -5.23223 4.93223
      vertex -35 -5.06747 5.11402
      vertex -36.1 -5.06747 5.11402
    endloop
  endfacet
  facet normal 0 -0.740961 0.671548
    outer loop
      vertex -35 -5.06747 5.11402
      vertex -36.1 -5.23223 4.93223
      vertex -35 -5.23223 4.93223
    endloop
  endfacet
  facet normal 0 -0.970032 -0.242977
    outer loop
      vertex -36.1 -4.54804 7.18773
      vertex -35 -4.60765 7.42571
      vertex -36.1 -4.60765 7.42571
    endloop
  endfacet
  facet normal 0 -0.970032 -0.242977
    outer loop
      vertex -35 -4.60765 7.42571
      vertex -36.1 -4.54804 7.18773
      vertex -35 -4.54804 7.18773
    endloop
  endfacet
  facet normal 0 0.941548 -0.336879
    outer loop
      vertex -35 -9.39235 7.42571
      vertex -36.1 -9.3097 7.65671
      vertex -35 -9.3097 7.65671
    endloop
  endfacet
  facet normal 0 0.941548 -0.336879
    outer loop
      vertex -36.1 -9.3097 7.65671
      vertex -35 -9.39235 7.42571
      vertex -36.1 -9.39235 7.42571
    endloop
  endfacet
  facet normal 0 -0.336879 -0.941548
    outer loop
      vertex -36.1 -6.27429 9.09235
      vertex -35 -6.04329 9.0097
      vertex -35 -6.27429 9.09235
    endloop
  endfacet
  facet normal -0 -0.336879 -0.941548
    outer loop
      vertex -35 -6.04329 9.0097
      vertex -36.1 -6.27429 9.09235
      vertex -36.1 -6.04329 9.0097
    endloop
  endfacet
  facet normal 0 -0.671548 -0.740961
    outer loop
      vertex -36.1 -5.41402 8.63253
      vertex -35 -5.23223 8.46777
      vertex -35 -5.41402 8.63253
    endloop
  endfacet
  facet normal -0 -0.671548 -0.740961
    outer loop
      vertex -35 -5.23223 8.46777
      vertex -36.1 -5.41402 8.63253
      vertex -36.1 -5.23223 8.46777
    endloop
  endfacet
  facet normal 0 -0.989176 0.146732
    outer loop
      vertex -36.1 -4.54804 6.21227
      vertex -35 -4.51204 6.45496
      vertex -36.1 -4.51204 6.45496
    endloop
  endfacet
  facet normal 0 -0.989176 0.146732
    outer loop
      vertex -35 -4.51204 6.45496
      vertex -36.1 -4.54804 6.21227
      vertex -35 -4.54804 6.21227
    endloop
  endfacet
  facet normal 0 0.803212 -0.595693
    outer loop
      vertex -35 -9.07867 8.08893
      vertex -36.1 -8.93253 8.28598
      vertex -35 -8.93253 8.28598
    endloop
  endfacet
  facet normal 0 0.803212 -0.595693
    outer loop
      vertex -36.1 -8.93253 8.28598
      vertex -35 -9.07867 8.08893
      vertex -36.1 -9.07867 8.08893
    endloop
  endfacet
  facet normal 0 0.595693 -0.803212
    outer loop
      vertex -36.1 -8.58598 8.63253
      vertex -35 -8.38893 8.77867
      vertex -35 -8.58598 8.63253
    endloop
  endfacet
  facet normal 0 0.595693 -0.803212
    outer loop
      vertex -35 -8.38893 8.77867
      vertex -36.1 -8.58598 8.63253
      vertex -36.1 -8.38893 8.77867
    endloop
  endfacet
  facet normal 0 0.970032 -0.242977
    outer loop
      vertex -35 -9.45196 7.18773
      vertex -36.1 -9.39235 7.42571
      vertex -35 -9.39235 7.42571
    endloop
  endfacet
  facet normal 0 0.970032 -0.242977
    outer loop
      vertex -36.1 -9.39235 7.42571
      vertex -35 -9.45196 7.18773
      vertex -36.1 -9.45196 7.18773
    endloop
  endfacet
  facet normal 0 -0.427575 -0.90398
    outer loop
      vertex -36.1 -6.04329 9.0097
      vertex -35 -5.82151 8.9048
      vertex -35 -6.04329 9.0097
    endloop
  endfacet
  facet normal -0 -0.427575 -0.90398
    outer loop
      vertex -35 -5.82151 8.9048
      vertex -36.1 -6.04329 9.0097
      vertex -36.1 -5.82151 8.9048
    endloop
  endfacet
  facet normal 0 -0.595693 -0.803212
    outer loop
      vertex -36.1 -5.61107 8.77867
      vertex -35 -5.41402 8.63253
      vertex -35 -5.61107 8.77867
    endloop
  endfacet
  facet normal -0 -0.595693 -0.803212
    outer loop
      vertex -35 -5.41402 8.63253
      vertex -36.1 -5.61107 8.77867
      vertex -36.1 -5.41402 8.63253
    endloop
  endfacet
  facet normal 1 0 0
    outer loop
      vertex -36.1 -4.51204 6.94504
      vertex -36.1 -4.51204 6.45496
      vertex -36.1 -4.5 6.7
    endloop
  endfacet
  facet normal 1 0 0
    outer loop
      vertex -36.1 -4.54804 7.18773
      vertex -36.1 -4.51204 6.45496
      vertex -36.1 -4.51204 6.94504
    endloop
  endfacet
  facet normal 1 0 0
    outer loop
      vertex -36.1 -4.54804 7.18773
      vertex -36.1 -4.54804 6.21227
      vertex -36.1 -4.51204 6.45496
    endloop
  endfacet
  facet normal 1 0 0
    outer loop
      vertex -36.1 -4.60765 7.42571
      vertex -36.1 -4.54804 6.21227
      vertex -36.1 -4.54804 7.18773
    endloop
  endfacet
  facet normal 1 0 0
    outer loop
      vertex -36.1 -4.60765 7.42571
      vertex -36.1 -4.60765 5.97429
      vertex -36.1 -4.54804 6.21227
    endloop
  endfacet
  facet normal 1 0 0
    outer loop
      vertex -36.1 -4.6903 7.65671
      vertex -36.1 -4.60765 5.97429
      vertex -36.1 -4.60765 7.42571
    endloop
  endfacet
  facet normal 1 0 0
    outer loop
      vertex -36.1 -4.6903 7.65671
      vertex -36.1 -4.6903 5.74329
      vertex -36.1 -4.60765 5.97429
    endloop
  endfacet
  facet normal 1 0 0
    outer loop
      vertex -36.1 -4.7952 7.87849
      vertex -36.1 -4.6903 5.74329
      vertex -36.1 -4.6903 7.65671
    endloop
  endfacet
  facet normal 1 0 0
    outer loop
      vertex -36.1 -4.7952 7.87849
      vertex -36.1 -4.7952 5.52151
      vertex -36.1 -4.6903 5.74329
    endloop
  endfacet
  facet normal 1 0 0
    outer loop
      vertex -36.1 -4.92133 8.08893
      vertex -36.1 -4.7952 5.52151
      vertex -36.1 -4.7952 7.87849
    endloop
  endfacet
  facet normal 1 0 0
    outer loop
      vertex -36.1 -4.92133 8.08893
      vertex -36.1 -4.92133 5.31107
      vertex -36.1 -4.7952 5.52151
    endloop
  endfacet
  facet normal 1 0 0
    outer loop
      vertex -36.1 -5.06747 8.28598
      vertex -36.1 -4.92133 5.31107
      vertex -36.1 -4.92133 8.08893
    endloop
  endfacet
  facet normal 1 0 0
    outer loop
      vertex -36.1 -5.06747 8.28598
      vertex -36.1 -5.06747 5.11402
      vertex -36.1 -4.92133 5.31107
    endloop
  endfacet
  facet normal 1 0 0
    outer loop
      vertex -36.1 -5.23223 8.46777
      vertex -36.1 -5.06747 5.11402
      vertex -36.1 -5.06747 8.28598
    endloop
  endfacet
  facet normal 1 0 0
    outer loop
      vertex -36.1 -5.23223 8.46777
      vertex -36.1 -5.23223 4.93223
      vertex -36.1 -5.06747 5.11402
    endloop
  endfacet
  facet normal 1 0 0
    outer loop
      vertex -36.1 -5.41402 8.63253
      vertex -36.1 -5.23223 4.93223
      vertex -36.1 -5.23223 8.46777
    endloop
  endfacet
  facet normal 1 0 0
    outer loop
      vertex -36.1 -5.41402 8.63253
      vertex -36.1 -5.41402 4.76747
      vertex -36.1 -5.23223 4.93223
    endloop
  endfacet
  facet normal 1 0 0
    outer loop
      vertex -36.1 -5.61107 8.77867
      vertex -36.1 -5.41402 4.76747
      vertex -36.1 -5.41402 8.63253
    endloop
  endfacet
  facet normal 1 0 0
    outer loop
      vertex -36.1 -5.61107 8.77867
      vertex -36.1 -5.61107 4.62133
      vertex -36.1 -5.41402 4.76747
    endloop
  endfacet
  facet normal 1 0 0
    outer loop
      vertex -36.1 -5.82151 8.9048
      vertex -36.1 -5.61107 4.62133
      vertex -36.1 -5.61107 8.77867
    endloop
  endfacet
  facet normal 1 0 0
    outer loop
      vertex -36.1 -5.82151 8.9048
      vertex -36.1 -5.82151 4.4952
      vertex -36.1 -5.61107 4.62133
    endloop
  endfacet
  facet normal 1 0 0
    outer loop
      vertex -36.1 -6.04329 9.0097
      vertex -36.1 -5.82151 4.4952
      vertex -36.1 -5.82151 8.9048
    endloop
  endfacet
  facet normal 1 0 0
    outer loop
      vertex -36.1 -6.04329 9.0097
      vertex -36.1 -6.04329 4.3903
      vertex -36.1 -5.82151 4.4952
    endloop
  endfacet
  facet normal 1 0 0
    outer loop
      vertex -36.1 -6.27429 9.09235
      vertex -36.1 -6.04329 4.3903
      vertex -36.1 -6.04329 9.0097
    endloop
  endfacet
  facet normal 1 0 0
    outer loop
      vertex -36.1 -6.27429 9.09235
      vertex -36.1 -6.27429 4.30765
      vertex -36.1 -6.04329 4.3903
    endloop
  endfacet
  facet normal 1 0 0
    outer loop
      vertex -36.1 -6.51227 9.15196
      vertex -36.1 -6.27429 4.30765
      vertex -36.1 -6.27429 9.09235
    endloop
  endfacet
  facet normal 1 0 0
    outer loop
      vertex -36.1 -6.51227 9.15196
      vertex -36.1 -6.51227 4.24804
      vertex -36.1 -6.27429 4.30765
    endloop
  endfacet
  facet normal 1 0 0
    outer loop
      vertex -36.1 -6.75496 9.18796
      vertex -36.1 -6.51227 4.24804
      vertex -36.1 -6.51227 9.15196
    endloop
  endfacet
  facet normal 1 0 0
    outer loop
      vertex -36.1 -6.75496 9.18796
      vertex -36.1 -6.75496 4.21204
      vertex -36.1 -6.51227 4.24804
    endloop
  endfacet
  facet normal 1 0 0
    outer loop
      vertex -36.1 -7 9.2
      vertex -36.1 -6.75496 4.21204
      vertex -36.1 -6.75496 9.18796
    endloop
  endfacet
  facet normal 1 0 0
    outer loop
      vertex -36.1 -7 9.2
      vertex -36.1 -7 4.2
      vertex -36.1 -6.75496 4.21204
    endloop
  endfacet
  facet normal 1 -0 0
    outer loop
      vertex -36.1 -7.24504 9.18796
      vertex -36.1 -7 4.2
      vertex -36.1 -7 9.2
    endloop
  endfacet
  facet normal 1 0 0
    outer loop
      vertex -36.1 -7.24504 9.18796
      vertex -36.1 -7.24504 4.21204
      vertex -36.1 -7 4.2
    endloop
  endfacet
  facet normal 1 -0 0
    outer loop
      vertex -36.1 -7.48773 9.15196
      vertex -36.1 -7.24504 4.21204
      vertex -36.1 -7.24504 9.18796
    endloop
  endfacet
  facet normal 1 0 0
    outer loop
      vertex -36.1 -7.48773 9.15196
      vertex -36.1 -7.48773 4.24804
      vertex -36.1 -7.24504 4.21204
    endloop
  endfacet
  facet normal 1 -0 0
    outer loop
      vertex -36.1 -7.72571 9.09235
      vertex -36.1 -7.48773 4.24804
      vertex -36.1 -7.48773 9.15196
    endloop
  endfacet
  facet normal 1 0 0
    outer loop
      vertex -36.1 -7.72571 9.09235
      vertex -36.1 -7.72571 4.30765
      vertex -36.1 -7.48773 4.24804
    endloop
  endfacet
  facet normal 1 -0 0
    outer loop
      vertex -36.1 -7.95671 9.0097
      vertex -36.1 -7.72571 4.30765
      vertex -36.1 -7.72571 9.09235
    endloop
  endfacet
  facet normal 1 0 0
    outer loop
      vertex -36.1 -7.95671 9.0097
      vertex -36.1 -7.95671 4.3903
      vertex -36.1 -7.72571 4.30765
    endloop
  endfacet
  facet normal 1 -0 0
    outer loop
      vertex -36.1 -8.17849 8.9048
      vertex -36.1 -7.95671 4.3903
      vertex -36.1 -7.95671 9.0097
    endloop
  endfacet
  facet normal 1 0 0
    outer loop
      vertex -36.1 -8.17849 8.9048
      vertex -36.1 -8.17849 4.4952
      vertex -36.1 -7.95671 4.3903
    endloop
  endfacet
  facet normal 1 -0 0
    outer loop
      vertex -36.1 -8.38893 8.77867
      vertex -36.1 -8.17849 4.4952
      vertex -36.1 -8.17849 8.9048
    endloop
  endfacet
  facet normal 1 0 0
    outer loop
      vertex -36.1 -8.38893 8.77867
      vertex -36.1 -8.38893 4.62133
      vertex -36.1 -8.17849 4.4952
    endloop
  endfacet
  facet normal 1 -0 0
    outer loop
      vertex -36.1 -8.58598 8.63253
      vertex -36.1 -8.38893 4.62133
      vertex -36.1 -8.38893 8.77867
    endloop
  endfacet
  facet normal 1 0 0
    outer loop
      vertex -36.1 -8.58598 8.63253
      vertex -36.1 -8.58598 4.76747
      vertex -36.1 -8.38893 4.62133
    endloop
  endfacet
  facet normal 1 -0 0
    outer loop
      vertex -36.1 -8.76777 8.46777
      vertex -36.1 -8.58598 4.76747
      vertex -36.1 -8.58598 8.63253
    endloop
  endfacet
  facet normal 1 0 0
    outer loop
      vertex -36.1 -8.76777 8.46777
      vertex -36.1 -8.76777 4.93223
      vertex -36.1 -8.58598 4.76747
    endloop
  endfacet
  facet normal 1 -0 0
    outer loop
      vertex -36.1 -8.93253 8.28598
      vertex -36.1 -8.76777 4.93223
      vertex -36.1 -8.76777 8.46777
    endloop
  endfacet
  facet normal 1 0 0
    outer loop
      vertex -36.1 -8.93253 8.28598
      vertex -36.1 -8.93253 5.11402
      vertex -36.1 -8.76777 4.93223
    endloop
  endfacet
  facet normal 1 -0 0
    outer loop
      vertex -36.1 -9.07867 8.08893
      vertex -36.1 -8.93253 5.11402
      vertex -36.1 -8.93253 8.28598
    endloop
  endfacet
  facet normal 1 0 0
    outer loop
      vertex -36.1 -9.07867 8.08893
      vertex -36.1 -9.07867 5.31107
      vertex -36.1 -8.93253 5.11402
    endloop
  endfacet
  facet normal 1 -0 0
    outer loop
      vertex -36.1 -9.2048 7.87849
      vertex -36.1 -9.07867 5.31107
      vertex -36.1 -9.07867 8.08893
    endloop
  endfacet
  facet normal 1 0 0
    outer loop
      vertex -36.1 -9.2048 7.87849
      vertex -36.1 -9.2048 5.52151
      vertex -36.1 -9.07867 5.31107
    endloop
  endfacet
  facet normal 1 -0 0
    outer loop
      vertex -36.1 -9.3097 7.65671
      vertex -36.1 -9.2048 5.52151
      vertex -36.1 -9.2048 7.87849
    endloop
  endfacet
  facet normal 1 0 0
    outer loop
      vertex -36.1 -9.3097 7.65671
      vertex -36.1 -9.3097 5.74329
      vertex -36.1 -9.2048 5.52151
    endloop
  endfacet
  facet normal 1 -0 0
    outer loop
      vertex -36.1 -9.39235 7.42571
      vertex -36.1 -9.3097 5.74329
      vertex -36.1 -9.3097 7.65671
    endloop
  endfacet
  facet normal 1 0 0
    outer loop
      vertex -36.1 -9.39235 7.42571
      vertex -36.1 -9.39235 5.97429
      vertex -36.1 -9.3097 5.74329
    endloop
  endfacet
  facet normal 1 -0 0
    outer loop
      vertex -36.1 -9.45196 7.18773
      vertex -36.1 -9.39235 5.97429
      vertex -36.1 -9.39235 7.42571
    endloop
  endfacet
  facet normal 1 0 0
    outer loop
      vertex -36.1 -9.45196 7.18773
      vertex -36.1 -9.45196 6.21227
      vertex -36.1 -9.39235 5.97429
    endloop
  endfacet
  facet normal 1 -0 0
    outer loop
      vertex -36.1 -9.48796 6.94504
      vertex -36.1 -9.45196 6.21227
      vertex -36.1 -9.45196 7.18773
    endloop
  endfacet
  facet normal 1 0 0
    outer loop
      vertex -36.1 -9.48796 6.94504
      vertex -36.1 -9.48796 6.45496
      vertex -36.1 -9.45196 6.21227
    endloop
  endfacet
  facet normal 1 0 -0
    outer loop
      vertex -36.1 -9.48796 6.45496
      vertex -36.1 -9.48796 6.94504
      vertex -36.1 -9.5 6.7
    endloop
  endfacet
  facet normal 0 -0.146732 -0.989176
    outer loop
      vertex -36.1 -6.75496 9.18796
      vertex -35 -6.51227 9.15196
      vertex -35 -6.75496 9.18796
    endloop
  endfacet
  facet normal -0 -0.146732 -0.989176
    outer loop
      vertex -35 -6.51227 9.15196
      vertex -36.1 -6.75496 9.18796
      vertex -36.1 -6.51227 9.15196
    endloop
  endfacet
  facet normal 0 0.740961 0.671548
    outer loop
      vertex -35 -8.76777 4.93223
      vertex -36.1 -8.93253 5.11402
      vertex -35 -8.93253 5.11402
    endloop
  endfacet
  facet normal 0 0.740961 0.671548
    outer loop
      vertex -36.1 -8.93253 5.11402
      vertex -35 -8.76777 4.93223
      vertex -36.1 -8.76777 4.93223
    endloop
  endfacet
  facet normal 0 -0.242977 0.970032
    outer loop
      vertex -36.1 7.72571 4.30765
      vertex -35 7.48773 4.24804
      vertex -35 7.72571 4.30765
    endloop
  endfacet
  facet normal 0 -0.242977 0.970032
    outer loop
      vertex -35 7.48773 4.24804
      vertex -36.1 7.72571 4.30765
      vertex -36.1 7.48773 4.24804
    endloop
  endfacet
  facet normal 0 -0.970032 -0.242977
    outer loop
      vertex -36.1 9.45196 7.18773
      vertex -35 9.39235 7.42571
      vertex -36.1 9.39235 7.42571
    endloop
  endfacet
  facet normal 0 -0.970032 -0.242977
    outer loop
      vertex -35 9.39235 7.42571
      vertex -36.1 9.45196 7.18773
      vertex -35 9.45196 7.18773
    endloop
  endfacet
  facet normal 0 -0.595693 0.803212
    outer loop
      vertex -36.1 8.58598 4.76747
      vertex -35 8.38893 4.62133
      vertex -35 8.58598 4.76747
    endloop
  endfacet
  facet normal 0 -0.595693 0.803212
    outer loop
      vertex -35 8.38893 4.62133
      vertex -36.1 8.58598 4.76747
      vertex -36.1 8.38893 4.62133
    endloop
  endfacet
  facet normal 0 -0.0490756 0.998795
    outer loop
      vertex -36.1 7.24504 4.21204
      vertex -35 7 4.2
      vertex -35 7.24504 4.21204
    endloop
  endfacet
  facet normal 0 -0.0490756 0.998795
    outer loop
      vertex -35 7 4.2
      vertex -36.1 7.24504 4.21204
      vertex -36.1 7 4.2
    endloop
  endfacet
  facet normal 0 0.857734 0.514094
    outer loop
      vertex -35 4.92133 5.31107
      vertex -36.1 4.7952 5.52151
      vertex -35 4.7952 5.52151
    endloop
  endfacet
  facet normal 0 0.857734 0.514094
    outer loop
      vertex -36.1 4.7952 5.52151
      vertex -35 4.92133 5.31107
      vertex -36.1 4.92133 5.31107
    endloop
  endfacet
  facet normal 0 0.941548 0.336879
    outer loop
      vertex -35 4.6903 5.74329
      vertex -36.1 4.60765 5.97429
      vertex -35 4.60765 5.97429
    endloop
  endfacet
  facet normal 0 0.941548 0.336879
    outer loop
      vertex -36.1 4.60765 5.97429
      vertex -35 4.6903 5.74329
      vertex -36.1 4.6903 5.74329
    endloop
  endfacet
  facet normal 0 0.514094 -0.857734
    outer loop
      vertex -36.1 5.61107 8.77867
      vertex -35 5.82151 8.9048
      vertex -35 5.61107 8.77867
    endloop
  endfacet
  facet normal 0 0.514094 -0.857734
    outer loop
      vertex -35 5.82151 8.9048
      vertex -36.1 5.61107 8.77867
      vertex -36.1 5.82151 8.9048
    endloop
  endfacet
  facet normal 0 -0.242977 -0.970032
    outer loop
      vertex -36.1 7.48773 9.15196
      vertex -35 7.72571 9.09235
      vertex -35 7.48773 9.15196
    endloop
  endfacet
  facet normal -0 -0.242977 -0.970032
    outer loop
      vertex -35 7.72571 9.09235
      vertex -36.1 7.48773 9.15196
      vertex -36.1 7.72571 9.09235
    endloop
  endfacet
  facet normal 0 -0.740961 -0.671548
    outer loop
      vertex -36.1 8.93253 8.28598
      vertex -35 8.76777 8.46777
      vertex -36.1 8.76777 8.46777
    endloop
  endfacet
  facet normal 0 -0.740961 -0.671548
    outer loop
      vertex -35 8.76777 8.46777
      vertex -36.1 8.93253 8.28598
      vertex -35 8.93253 8.28598
    endloop
  endfacet
  facet normal 0 -0.857734 -0.514094
    outer loop
      vertex -36.1 9.2048 7.87849
      vertex -35 9.07867 8.08893
      vertex -36.1 9.07867 8.08893
    endloop
  endfacet
  facet normal 0 -0.857734 -0.514094
    outer loop
      vertex -35 9.07867 8.08893
      vertex -36.1 9.2048 7.87849
      vertex -35 9.2048 7.87849
    endloop
  endfacet
  facet normal 0 0.989176 0.146732
    outer loop
      vertex -35 4.54804 6.21227
      vertex -36.1 4.51204 6.45496
      vertex -35 4.51204 6.45496
    endloop
  endfacet
  facet normal 0 0.989176 0.146732
    outer loop
      vertex -36.1 4.51204 6.45496
      vertex -35 4.54804 6.21227
      vertex -36.1 4.54804 6.21227
    endloop
  endfacet
  facet normal 0 -0.595693 -0.803212
    outer loop
      vertex -36.1 8.38893 8.77867
      vertex -35 8.58598 8.63253
      vertex -35 8.38893 8.77867
    endloop
  endfacet
  facet normal -0 -0.595693 -0.803212
    outer loop
      vertex -35 8.58598 8.63253
      vertex -36.1 8.38893 8.77867
      vertex -36.1 8.58598 8.63253
    endloop
  endfacet
  facet normal 0 -0.857734 0.514094
    outer loop
      vertex -36.1 9.07867 5.31107
      vertex -35 9.2048 5.52151
      vertex -36.1 9.2048 5.52151
    endloop
  endfacet
  facet normal 0 -0.857734 0.514094
    outer loop
      vertex -35 9.2048 5.52151
      vertex -36.1 9.07867 5.31107
      vertex -35 9.07867 5.31107
    endloop
  endfacet
  facet normal 0 0.857734 -0.514094
    outer loop
      vertex -35 4.7952 7.87849
      vertex -36.1 4.92133 8.08893
      vertex -35 4.92133 8.08893
    endloop
  endfacet
  facet normal 0 0.857734 -0.514094
    outer loop
      vertex -36.1 4.92133 8.08893
      vertex -35 4.7952 7.87849
      vertex -36.1 4.7952 7.87849
    endloop
  endfacet
  facet normal 0 -0.998795 0.0490756
    outer loop
      vertex -36.1 9.48796 6.45496
      vertex -35 9.5 6.7
      vertex -36.1 9.5 6.7
    endloop
  endfacet
  facet normal 0 -0.998795 0.0490756
    outer loop
      vertex -35 9.5 6.7
      vertex -36.1 9.48796 6.45496
      vertex -35 9.48796 6.45496
    endloop
  endfacet
  facet normal 0 -0.989176 0.146732
    outer loop
      vertex -36.1 9.45196 6.21227
      vertex -35 9.48796 6.45496
      vertex -36.1 9.48796 6.45496
    endloop
  endfacet
  facet normal 0 -0.989176 0.146732
    outer loop
      vertex -35 9.48796 6.45496
      vertex -36.1 9.45196 6.21227
      vertex -35 9.45196 6.21227
    endloop
  endfacet
  facet normal 0 -0.336879 -0.941548
    outer loop
      vertex -36.1 7.72571 9.09235
      vertex -35 7.95671 9.0097
      vertex -35 7.72571 9.09235
    endloop
  endfacet
  facet normal -0 -0.336879 -0.941548
    outer loop
      vertex -35 7.95671 9.0097
      vertex -36.1 7.72571 9.09235
      vertex -36.1 7.95671 9.0097
    endloop
  endfacet
  facet normal 0 -0.941548 0.336879
    outer loop
      vertex -36.1 9.3097 5.74329
      vertex -35 9.39235 5.97429
      vertex -36.1 9.39235 5.97429
    endloop
  endfacet
  facet normal 0 -0.941548 0.336879
    outer loop
      vertex -35 9.39235 5.97429
      vertex -36.1 9.3097 5.74329
      vertex -35 9.3097 5.74329
    endloop
  endfacet
  facet normal 0 0.90398 -0.427575
    outer loop
      vertex -35 4.6903 7.65671
      vertex -36.1 4.7952 7.87849
      vertex -35 4.7952 7.87849
    endloop
  endfacet
  facet normal 0 0.90398 -0.427575
    outer loop
      vertex -36.1 4.7952 7.87849
      vertex -35 4.6903 7.65671
      vertex -36.1 4.6903 7.65671
    endloop
  endfacet
  facet normal 0 0.941548 -0.336879
    outer loop
      vertex -35 4.60765 7.42571
      vertex -36.1 4.6903 7.65671
      vertex -35 4.6903 7.65671
    endloop
  endfacet
  facet normal 0 0.941548 -0.336879
    outer loop
      vertex -36.1 4.6903 7.65671
      vertex -35 4.60765 7.42571
      vertex -36.1 4.60765 7.42571
    endloop
  endfacet
  facet normal 0 -0.803212 0.595693
    outer loop
      vertex -36.1 8.93253 5.11402
      vertex -35 9.07867 5.31107
      vertex -36.1 9.07867 5.31107
    endloop
  endfacet
  facet normal 0 -0.803212 0.595693
    outer loop
      vertex -35 9.07867 5.31107
      vertex -36.1 8.93253 5.11402
      vertex -35 8.93253 5.11402
    endloop
  endfacet
  facet normal 0 -0.427575 -0.90398
    outer loop
      vertex -36.1 7.95671 9.0097
      vertex -35 8.17849 8.9048
      vertex -35 7.95671 9.0097
    endloop
  endfacet
  facet normal -0 -0.427575 -0.90398
    outer loop
      vertex -35 8.17849 8.9048
      vertex -36.1 7.95671 9.0097
      vertex -36.1 8.17849 8.9048
    endloop
  endfacet
  facet normal -0 0.595693 0.803212
    outer loop
      vertex -36.1 5.61107 4.62133
      vertex -35 5.41402 4.76747
      vertex -35 5.61107 4.62133
    endloop
  endfacet
  facet normal 0 0.595693 0.803212
    outer loop
      vertex -35 5.41402 4.76747
      vertex -36.1 5.61107 4.62133
      vertex -36.1 5.41402 4.76747
    endloop
  endfacet
  facet normal 0 -0.146732 -0.989176
    outer loop
      vertex -36.1 7.24504 9.18796
      vertex -35 7.48773 9.15196
      vertex -35 7.24504 9.18796
    endloop
  endfacet
  facet normal -0 -0.146732 -0.989176
    outer loop
      vertex -35 7.48773 9.15196
      vertex -36.1 7.24504 9.18796
      vertex -36.1 7.48773 9.15196
    endloop
  endfacet
  facet normal 0 0.336879 -0.941548
    outer loop
      vertex -36.1 6.04329 9.0097
      vertex -35 6.27429 9.09235
      vertex -35 6.04329 9.0097
    endloop
  endfacet
  facet normal 0 0.336879 -0.941548
    outer loop
      vertex -35 6.27429 9.09235
      vertex -36.1 6.04329 9.0097
      vertex -36.1 6.27429 9.09235
    endloop
  endfacet
  facet normal 0 -0.90398 -0.427575
    outer loop
      vertex -36.1 9.3097 7.65671
      vertex -35 9.2048 7.87849
      vertex -36.1 9.2048 7.87849
    endloop
  endfacet
  facet normal 0 -0.90398 -0.427575
    outer loop
      vertex -35 9.2048 7.87849
      vertex -36.1 9.3097 7.65671
      vertex -35 9.3097 7.65671
    endloop
  endfacet
  facet normal -0 0.427575 0.90398
    outer loop
      vertex -36.1 6.04329 4.3903
      vertex -35 5.82151 4.4952
      vertex -35 6.04329 4.3903
    endloop
  endfacet
  facet normal 0 0.427575 0.90398
    outer loop
      vertex -35 5.82151 4.4952
      vertex -36.1 6.04329 4.3903
      vertex -36.1 5.82151 4.4952
    endloop
  endfacet
  facet normal 0 0.803212 -0.595693
    outer loop
      vertex -35 4.92133 8.08893
      vertex -36.1 5.06747 8.28598
      vertex -35 5.06747 8.28598
    endloop
  endfacet
  facet normal 0 0.803212 -0.595693
    outer loop
      vertex -36.1 5.06747 8.28598
      vertex -35 4.92133 8.08893
      vertex -36.1 4.92133 8.08893
    endloop
  endfacet
  facet normal 0 -0.514094 -0.857734
    outer loop
      vertex -36.1 8.17849 8.9048
      vertex -35 8.38893 8.77867
      vertex -35 8.17849 8.9048
    endloop
  endfacet
  facet normal -0 -0.514094 -0.857734
    outer loop
      vertex -35 8.38893 8.77867
      vertex -36.1 8.17849 8.9048
      vertex -36.1 8.38893 8.77867
    endloop
  endfacet
  facet normal 0 0.427575 -0.90398
    outer loop
      vertex -36.1 5.82151 8.9048
      vertex -35 6.04329 9.0097
      vertex -35 5.82151 8.9048
    endloop
  endfacet
  facet normal 0 0.427575 -0.90398
    outer loop
      vertex -35 6.04329 9.0097
      vertex -36.1 5.82151 8.9048
      vertex -36.1 6.04329 9.0097
    endloop
  endfacet
  facet normal -0 0.0490756 0.998795
    outer loop
      vertex -36.1 7 4.2
      vertex -35 6.75496 4.21204
      vertex -35 7 4.2
    endloop
  endfacet
  facet normal 0 0.0490756 0.998795
    outer loop
      vertex -35 6.75496 4.21204
      vertex -36.1 7 4.2
      vertex -36.1 6.75496 4.21204
    endloop
  endfacet
  facet normal 0 -0.146732 0.989176
    outer loop
      vertex -36.1 7.48773 4.24804
      vertex -35 7.24504 4.21204
      vertex -35 7.48773 4.24804
    endloop
  endfacet
  facet normal 0 -0.146732 0.989176
    outer loop
      vertex -35 7.24504 4.21204
      vertex -36.1 7.48773 4.24804
      vertex -36.1 7.24504 4.21204
    endloop
  endfacet
  facet normal -0 0.336879 0.941548
    outer loop
      vertex -36.1 6.27429 4.30765
      vertex -35 6.04329 4.3903
      vertex -35 6.27429 4.30765
    endloop
  endfacet
  facet normal 0 0.336879 0.941548
    outer loop
      vertex -35 6.04329 4.3903
      vertex -36.1 6.27429 4.30765
      vertex -36.1 6.04329 4.3903
    endloop
  endfacet
  facet normal 0 0.970032 0.242977
    outer loop
      vertex -35 4.60765 5.97429
      vertex -36.1 4.54804 6.21227
      vertex -35 4.54804 6.21227
    endloop
  endfacet
  facet normal 0 0.970032 0.242977
    outer loop
      vertex -36.1 4.54804 6.21227
      vertex -35 4.60765 5.97429
      vertex -36.1 4.60765 5.97429
    endloop
  endfacet
  facet normal 0 -0.336879 0.941548
    outer loop
      vertex -36.1 7.95671 4.3903
      vertex -35 7.72571 4.30765
      vertex -35 7.95671 4.3903
    endloop
  endfacet
  facet normal 0 -0.336879 0.941548
    outer loop
      vertex -35 7.72571 4.30765
      vertex -36.1 7.95671 4.3903
      vertex -36.1 7.72571 4.30765
    endloop
  endfacet
  facet normal 0 0.0490756 -0.998795
    outer loop
      vertex -36.1 6.75496 9.18796
      vertex -35 7 9.2
      vertex -35 6.75496 9.18796
    endloop
  endfacet
  facet normal 0 0.0490756 -0.998795
    outer loop
      vertex -35 7 9.2
      vertex -36.1 6.75496 9.18796
      vertex -36.1 7 9.2
    endloop
  endfacet
  facet normal -0 0.146732 0.989176
    outer loop
      vertex -36.1 6.75496 4.21204
      vertex -35 6.51227 4.24804
      vertex -35 6.75496 4.21204
    endloop
  endfacet
  facet normal 0 0.146732 0.989176
    outer loop
      vertex -35 6.51227 4.24804
      vertex -36.1 6.75496 4.21204
      vertex -36.1 6.51227 4.24804
    endloop
  endfacet
  facet normal 0 0.740961 -0.671548
    outer loop
      vertex -35 5.06747 8.28598
      vertex -36.1 5.23223 8.46777
      vertex -35 5.23223 8.46777
    endloop
  endfacet
  facet normal 0 0.740961 -0.671548
    outer loop
      vertex -36.1 5.23223 8.46777
      vertex -35 5.06747 8.28598
      vertex -36.1 5.06747 8.28598
    endloop
  endfacet
  facet normal -0 0.242977 0.970032
    outer loop
      vertex -36.1 6.51227 4.24804
      vertex -35 6.27429 4.30765
      vertex -35 6.51227 4.24804
    endloop
  endfacet
  facet normal 0 0.242977 0.970032
    outer loop
      vertex -35 6.27429 4.30765
      vertex -36.1 6.51227 4.24804
      vertex -36.1 6.27429 4.30765
    endloop
  endfacet
  facet normal 0 -0.427575 0.90398
    outer loop
      vertex -36.1 8.17849 4.4952
      vertex -35 7.95671 4.3903
      vertex -35 8.17849 4.4952
    endloop
  endfacet
  facet normal 0 -0.427575 0.90398
    outer loop
      vertex -35 7.95671 4.3903
      vertex -36.1 8.17849 4.4952
      vertex -36.1 7.95671 4.3903
    endloop
  endfacet
  facet normal 0 -0.740961 0.671548
    outer loop
      vertex -36.1 8.76777 4.93223
      vertex -35 8.93253 5.11402
      vertex -36.1 8.93253 5.11402
    endloop
  endfacet
  facet normal 0 -0.740961 0.671548
    outer loop
      vertex -35 8.93253 5.11402
      vertex -36.1 8.76777 4.93223
      vertex -35 8.76777 4.93223
    endloop
  endfacet
  facet normal 0 -0.671548 0.740961
    outer loop
      vertex -36.1 8.76777 4.93223
      vertex -35 8.58598 4.76747
      vertex -35 8.76777 4.93223
    endloop
  endfacet
  facet normal 0 -0.671548 0.740961
    outer loop
      vertex -35 8.58598 4.76747
      vertex -36.1 8.76777 4.93223
      vertex -36.1 8.58598 4.76747
    endloop
  endfacet
  facet normal 0 -0.941548 -0.336879
    outer loop
      vertex -36.1 9.39235 7.42571
      vertex -35 9.3097 7.65671
      vertex -36.1 9.3097 7.65671
    endloop
  endfacet
  facet normal 0 -0.941548 -0.336879
    outer loop
      vertex -35 9.3097 7.65671
      vertex -36.1 9.39235 7.42571
      vertex -35 9.39235 7.42571
    endloop
  endfacet
  facet normal -0 0.514094 0.857734
    outer loop
      vertex -36.1 5.82151 4.4952
      vertex -35 5.61107 4.62133
      vertex -35 5.82151 4.4952
    endloop
  endfacet
  facet normal 0 0.514094 0.857734
    outer loop
      vertex -35 5.61107 4.62133
      vertex -36.1 5.82151 4.4952
      vertex -36.1 5.61107 4.62133
    endloop
  endfacet
  facet normal 0 -0.90398 0.427575
    outer loop
      vertex -36.1 9.2048 5.52151
      vertex -35 9.3097 5.74329
      vertex -36.1 9.3097 5.74329
    endloop
  endfacet
  facet normal 0 -0.90398 0.427575
    outer loop
      vertex -35 9.3097 5.74329
      vertex -36.1 9.2048 5.52151
      vertex -35 9.2048 5.52151
    endloop
  endfacet
  facet normal 0 0.989176 -0.146732
    outer loop
      vertex -35 4.51204 6.94504
      vertex -36.1 4.54804 7.18773
      vertex -35 4.54804 7.18773
    endloop
  endfacet
  facet normal 0 0.989176 -0.146732
    outer loop
      vertex -36.1 4.54804 7.18773
      vertex -35 4.51204 6.94504
      vertex -36.1 4.51204 6.94504
    endloop
  endfacet
  facet normal 0 0.998795 -0.0490756
    outer loop
      vertex -35 4.5 6.7
      vertex -36.1 4.51204 6.94504
      vertex -35 4.51204 6.94504
    endloop
  endfacet
  facet normal 0 0.998795 -0.0490756
    outer loop
      vertex -36.1 4.51204 6.94504
      vertex -35 4.5 6.7
      vertex -36.1 4.5 6.7
    endloop
  endfacet
  facet normal 0 -0.514094 0.857734
    outer loop
      vertex -36.1 8.38893 4.62133
      vertex -35 8.17849 4.4952
      vertex -35 8.38893 4.62133
    endloop
  endfacet
  facet normal 0 -0.514094 0.857734
    outer loop
      vertex -35 8.17849 4.4952
      vertex -36.1 8.38893 4.62133
      vertex -36.1 8.17849 4.4952
    endloop
  endfacet
  facet normal 0 -0.803212 -0.595693
    outer loop
      vertex -36.1 9.07867 8.08893
      vertex -35 8.93253 8.28598
      vertex -36.1 8.93253 8.28598
    endloop
  endfacet
  facet normal 0 -0.803212 -0.595693
    outer loop
      vertex -35 8.93253 8.28598
      vertex -36.1 9.07867 8.08893
      vertex -35 9.07867 8.08893
    endloop
  endfacet
  facet normal 0 -0.671548 -0.740961
    outer loop
      vertex -36.1 8.58598 8.63253
      vertex -35 8.76777 8.46777
      vertex -35 8.58598 8.63253
    endloop
  endfacet
  facet normal -0 -0.671548 -0.740961
    outer loop
      vertex -35 8.76777 8.46777
      vertex -36.1 8.58598 8.63253
      vertex -36.1 8.76777 8.46777
    endloop
  endfacet
  facet normal 0 0.998795 0.0490756
    outer loop
      vertex -35 4.51204 6.45496
      vertex -36.1 4.5 6.7
      vertex -35 4.5 6.7
    endloop
  endfacet
  facet normal 0 0.998795 0.0490756
    outer loop
      vertex -36.1 4.5 6.7
      vertex -35 4.51204 6.45496
      vertex -36.1 4.51204 6.45496
    endloop
  endfacet
  facet normal 0 -0.989176 -0.146732
    outer loop
      vertex -36.1 9.48796 6.94504
      vertex -35 9.45196 7.18773
      vertex -36.1 9.45196 7.18773
    endloop
  endfacet
  facet normal 0 -0.989176 -0.146732
    outer loop
      vertex -35 9.45196 7.18773
      vertex -36.1 9.48796 6.94504
      vertex -35 9.48796 6.94504
    endloop
  endfacet
  facet normal 0 0.242977 -0.970032
    outer loop
      vertex -36.1 6.27429 9.09235
      vertex -35 6.51227 9.15196
      vertex -35 6.27429 9.09235
    endloop
  endfacet
  facet normal 0 0.242977 -0.970032
    outer loop
      vertex -35 6.51227 9.15196
      vertex -36.1 6.27429 9.09235
      vertex -36.1 6.51227 9.15196
    endloop
  endfacet
  facet normal 0 0.970032 -0.242977
    outer loop
      vertex -35 4.54804 7.18773
      vertex -36.1 4.60765 7.42571
      vertex -35 4.60765 7.42571
    endloop
  endfacet
  facet normal 0 0.970032 -0.242977
    outer loop
      vertex -36.1 4.60765 7.42571
      vertex -35 4.54804 7.18773
      vertex -36.1 4.54804 7.18773
    endloop
  endfacet
  facet normal 0 0.740961 0.671548
    outer loop
      vertex -35 5.23223 4.93223
      vertex -36.1 5.06747 5.11402
      vertex -35 5.06747 5.11402
    endloop
  endfacet
  facet normal 0 0.740961 0.671548
    outer loop
      vertex -36.1 5.06747 5.11402
      vertex -35 5.23223 4.93223
      vertex -36.1 5.23223 4.93223
    endloop
  endfacet
  facet normal 0 -0.970032 0.242977
    outer loop
      vertex -36.1 9.39235 5.97429
      vertex -35 9.45196 6.21227
      vertex -36.1 9.45196 6.21227
    endloop
  endfacet
  facet normal 0 -0.970032 0.242977
    outer loop
      vertex -35 9.45196 6.21227
      vertex -36.1 9.39235 5.97429
      vertex -35 9.39235 5.97429
    endloop
  endfacet
  facet normal 1 0 0
    outer loop
      vertex -36.1 9.48796 6.94504
      vertex -36.1 9.48796 6.45496
      vertex -36.1 9.5 6.7
    endloop
  endfacet
  facet normal 1 0 0
    outer loop
      vertex -36.1 9.45196 7.18773
      vertex -36.1 9.48796 6.45496
      vertex -36.1 9.48796 6.94504
    endloop
  endfacet
  facet normal 1 0 0
    outer loop
      vertex -36.1 9.45196 7.18773
      vertex -36.1 9.45196 6.21227
      vertex -36.1 9.48796 6.45496
    endloop
  endfacet
  facet normal 1 0 0
    outer loop
      vertex -36.1 9.39235 7.42571
      vertex -36.1 9.45196 6.21227
      vertex -36.1 9.45196 7.18773
    endloop
  endfacet
  facet normal 1 0 0
    outer loop
      vertex -36.1 9.39235 7.42571
      vertex -36.1 9.39235 5.97429
      vertex -36.1 9.45196 6.21227
    endloop
  endfacet
  facet normal 1 0 0
    outer loop
      vertex -36.1 9.3097 7.65671
      vertex -36.1 9.39235 5.97429
      vertex -36.1 9.39235 7.42571
    endloop
  endfacet
  facet normal 1 0 0
    outer loop
      vertex -36.1 9.3097 7.65671
      vertex -36.1 9.3097 5.74329
      vertex -36.1 9.39235 5.97429
    endloop
  endfacet
  facet normal 1 0 0
    outer loop
      vertex -36.1 9.2048 7.87849
      vertex -36.1 9.3097 5.74329
      vertex -36.1 9.3097 7.65671
    endloop
  endfacet
  facet normal 1 0 0
    outer loop
      vertex -36.1 9.2048 7.87849
      vertex -36.1 9.2048 5.52151
      vertex -36.1 9.3097 5.74329
    endloop
  endfacet
  facet normal 1 0 0
    outer loop
      vertex -36.1 9.07867 8.08893
      vertex -36.1 9.2048 5.52151
      vertex -36.1 9.2048 7.87849
    endloop
  endfacet
  facet normal 1 0 0
    outer loop
      vertex -36.1 9.07867 8.08893
      vertex -36.1 9.07867 5.31107
      vertex -36.1 9.2048 5.52151
    endloop
  endfacet
  facet normal 1 0 0
    outer loop
      vertex -36.1 8.93253 8.28598
      vertex -36.1 9.07867 5.31107
      vertex -36.1 9.07867 8.08893
    endloop
  endfacet
  facet normal 1 0 0
    outer loop
      vertex -36.1 8.93253 8.28598
      vertex -36.1 8.93253 5.11402
      vertex -36.1 9.07867 5.31107
    endloop
  endfacet
  facet normal 1 0 0
    outer loop
      vertex -36.1 8.76777 8.46777
      vertex -36.1 8.93253 5.11402
      vertex -36.1 8.93253 8.28598
    endloop
  endfacet
  facet normal 1 0 0
    outer loop
      vertex -36.1 8.76777 8.46777
      vertex -36.1 8.76777 4.93223
      vertex -36.1 8.93253 5.11402
    endloop
  endfacet
  facet normal 1 0 0
    outer loop
      vertex -36.1 8.58598 8.63253
      vertex -36.1 8.76777 4.93223
      vertex -36.1 8.76777 8.46777
    endloop
  endfacet
  facet normal 1 0 0
    outer loop
      vertex -36.1 8.58598 8.63253
      vertex -36.1 8.58598 4.76747
      vertex -36.1 8.76777 4.93223
    endloop
  endfacet
  facet normal 1 0 0
    outer loop
      vertex -36.1 8.38893 8.77867
      vertex -36.1 8.58598 4.76747
      vertex -36.1 8.58598 8.63253
    endloop
  endfacet
  facet normal 1 0 0
    outer loop
      vertex -36.1 8.38893 8.77867
      vertex -36.1 8.38893 4.62133
      vertex -36.1 8.58598 4.76747
    endloop
  endfacet
  facet normal 1 0 0
    outer loop
      vertex -36.1 8.17849 8.9048
      vertex -36.1 8.38893 4.62133
      vertex -36.1 8.38893 8.77867
    endloop
  endfacet
  facet normal 1 0 0
    outer loop
      vertex -36.1 8.17849 8.9048
      vertex -36.1 8.17849 4.4952
      vertex -36.1 8.38893 4.62133
    endloop
  endfacet
  facet normal 1 0 0
    outer loop
      vertex -36.1 7.95671 9.0097
      vertex -36.1 8.17849 4.4952
      vertex -36.1 8.17849 8.9048
    endloop
  endfacet
  facet normal 1 0 0
    outer loop
      vertex -36.1 7.95671 9.0097
      vertex -36.1 7.95671 4.3903
      vertex -36.1 8.17849 4.4952
    endloop
  endfacet
  facet normal 1 0 0
    outer loop
      vertex -36.1 7.72571 9.09235
      vertex -36.1 7.95671 4.3903
      vertex -36.1 7.95671 9.0097
    endloop
  endfacet
  facet normal 1 0 0
    outer loop
      vertex -36.1 7.72571 9.09235
      vertex -36.1 7.72571 4.30765
      vertex -36.1 7.95671 4.3903
    endloop
  endfacet
  facet normal 1 0 0
    outer loop
      vertex -36.1 7.48773 9.15196
      vertex -36.1 7.72571 4.30765
      vertex -36.1 7.72571 9.09235
    endloop
  endfacet
  facet normal 1 0 0
    outer loop
      vertex -36.1 7.48773 9.15196
      vertex -36.1 7.48773 4.24804
      vertex -36.1 7.72571 4.30765
    endloop
  endfacet
  facet normal 1 0 0
    outer loop
      vertex -36.1 7.24504 9.18796
      vertex -36.1 7.48773 4.24804
      vertex -36.1 7.48773 9.15196
    endloop
  endfacet
  facet normal 1 0 0
    outer loop
      vertex -36.1 7.24504 9.18796
      vertex -36.1 7.24504 4.21204
      vertex -36.1 7.48773 4.24804
    endloop
  endfacet
  facet normal 1 0 0
    outer loop
      vertex -36.1 7 9.2
      vertex -36.1 7.24504 4.21204
      vertex -36.1 7.24504 9.18796
    endloop
  endfacet
  facet normal 1 0 0
    outer loop
      vertex -36.1 7 9.2
      vertex -36.1 7 4.2
      vertex -36.1 7.24504 4.21204
    endloop
  endfacet
  facet normal 1 -0 0
    outer loop
      vertex -36.1 6.75496 9.18796
      vertex -36.1 7 4.2
      vertex -36.1 7 9.2
    endloop
  endfacet
  facet normal 1 0 0
    outer loop
      vertex -36.1 6.75496 9.18796
      vertex -36.1 6.75496 4.21204
      vertex -36.1 7 4.2
    endloop
  endfacet
  facet normal 1 -0 0
    outer loop
      vertex -36.1 6.51227 9.15196
      vertex -36.1 6.75496 4.21204
      vertex -36.1 6.75496 9.18796
    endloop
  endfacet
  facet normal 1 0 0
    outer loop
      vertex -36.1 6.51227 9.15196
      vertex -36.1 6.51227 4.24804
      vertex -36.1 6.75496 4.21204
    endloop
  endfacet
  facet normal 1 -0 0
    outer loop
      vertex -36.1 6.27429 9.09235
      vertex -36.1 6.51227 4.24804
      vertex -36.1 6.51227 9.15196
    endloop
  endfacet
  facet normal 1 0 0
    outer loop
      vertex -36.1 6.27429 9.09235
      vertex -36.1 6.27429 4.30765
      vertex -36.1 6.51227 4.24804
    endloop
  endfacet
  facet normal 1 -0 0
    outer loop
      vertex -36.1 6.04329 9.0097
      vertex -36.1 6.27429 4.30765
      vertex -36.1 6.27429 9.09235
    endloop
  endfacet
  facet normal 1 0 0
    outer loop
      vertex -36.1 6.04329 9.0097
      vertex -36.1 6.04329 4.3903
      vertex -36.1 6.27429 4.30765
    endloop
  endfacet
  facet normal 1 -0 0
    outer loop
      vertex -36.1 5.82151 8.9048
      vertex -36.1 6.04329 4.3903
      vertex -36.1 6.04329 9.0097
    endloop
  endfacet
  facet normal 1 0 0
    outer loop
      vertex -36.1 5.82151 8.9048
      vertex -36.1 5.82151 4.4952
      vertex -36.1 6.04329 4.3903
    endloop
  endfacet
  facet normal 1 -0 0
    outer loop
      vertex -36.1 5.61107 8.77867
      vertex -36.1 5.82151 4.4952
      vertex -36.1 5.82151 8.9048
    endloop
  endfacet
  facet normal 1 0 0
    outer loop
      vertex -36.1 5.61107 8.77867
      vertex -36.1 5.61107 4.62133
      vertex -36.1 5.82151 4.4952
    endloop
  endfacet
  facet normal 1 -0 0
    outer loop
      vertex -36.1 5.41402 8.63253
      vertex -36.1 5.61107 4.62133
      vertex -36.1 5.61107 8.77867
    endloop
  endfacet
  facet normal 1 0 0
    outer loop
      vertex -36.1 5.41402 8.63253
      vertex -36.1 5.41402 4.76747
      vertex -36.1 5.61107 4.62133
    endloop
  endfacet
  facet normal 1 -0 0
    outer loop
      vertex -36.1 5.23223 8.46777
      vertex -36.1 5.41402 4.76747
      vertex -36.1 5.41402 8.63253
    endloop
  endfacet
  facet normal 1 0 0
    outer loop
      vertex -36.1 5.23223 8.46777
      vertex -36.1 5.23223 4.93223
      vertex -36.1 5.41402 4.76747
    endloop
  endfacet
  facet normal 1 -0 0
    outer loop
      vertex -36.1 5.06747 8.28598
      vertex -36.1 5.23223 4.93223
      vertex -36.1 5.23223 8.46777
    endloop
  endfacet
  facet normal 1 0 0
    outer loop
      vertex -36.1 5.06747 8.28598
      vertex -36.1 5.06747 5.11402
      vertex -36.1 5.23223 4.93223
    endloop
  endfacet
  facet normal 1 -0 0
    outer loop
      vertex -36.1 4.92133 8.08893
      vertex -36.1 5.06747 5.11402
      vertex -36.1 5.06747 8.28598
    endloop
  endfacet
  facet normal 1 0 0
    outer loop
      vertex -36.1 4.92133 8.08893
      vertex -36.1 4.92133 5.31107
      vertex -36.1 5.06747 5.11402
    endloop
  endfacet
  facet normal 1 -0 0
    outer loop
      vertex -36.1 4.7952 7.87849
      vertex -36.1 4.92133 5.31107
      vertex -36.1 4.92133 8.08893
    endloop
  endfacet
  facet normal 1 0 0
    outer loop
      vertex -36.1 4.7952 7.87849
      vertex -36.1 4.7952 5.52151
      vertex -36.1 4.92133 5.31107
    endloop
  endfacet
  facet normal 1 -0 0
    outer loop
      vertex -36.1 4.6903 7.65671
      vertex -36.1 4.7952 5.52151
      vertex -36.1 4.7952 7.87849
    endloop
  endfacet
  facet normal 1 0 0
    outer loop
      vertex -36.1 4.6903 7.65671
      vertex -36.1 4.6903 5.74329
      vertex -36.1 4.7952 5.52151
    endloop
  endfacet
  facet normal 1 -0 0
    outer loop
      vertex -36.1 4.60765 7.42571
      vertex -36.1 4.6903 5.74329
      vertex -36.1 4.6903 7.65671
    endloop
  endfacet
  facet normal 1 0 0
    outer loop
      vertex -36.1 4.60765 7.42571
      vertex -36.1 4.60765 5.97429
      vertex -36.1 4.6903 5.74329
    endloop
  endfacet
  facet normal 1 -0 0
    outer loop
      vertex -36.1 4.54804 7.18773
      vertex -36.1 4.60765 5.97429
      vertex -36.1 4.60765 7.42571
    endloop
  endfacet
  facet normal 1 0 0
    outer loop
      vertex -36.1 4.54804 7.18773
      vertex -36.1 4.54804 6.21227
      vertex -36.1 4.60765 5.97429
    endloop
  endfacet
  facet normal 1 -0 0
    outer loop
      vertex -36.1 4.51204 6.94504
      vertex -36.1 4.54804 6.21227
      vertex -36.1 4.54804 7.18773
    endloop
  endfacet
  facet normal 1 0 0
    outer loop
      vertex -36.1 4.51204 6.94504
      vertex -36.1 4.51204 6.45496
      vertex -36.1 4.54804 6.21227
    endloop
  endfacet
  facet normal 1 0 -0
    outer loop
      vertex -36.1 4.51204 6.45496
      vertex -36.1 4.51204 6.94504
      vertex -36.1 4.5 6.7
    endloop
  endfacet
  facet normal 0 0.671548 -0.740961
    outer loop
      vertex -36.1 5.23223 8.46777
      vertex -35 5.41402 8.63253
      vertex -35 5.23223 8.46777
    endloop
  endfacet
  facet normal 0 0.671548 -0.740961
    outer loop
      vertex -35 5.41402 8.63253
      vertex -36.1 5.23223 8.46777
      vertex -36.1 5.41402 8.63253
    endloop
  endfacet
  facet normal 0 0.90398 0.427575
    outer loop
      vertex -35 4.7952 5.52151
      vertex -36.1 4.6903 5.74329
      vertex -35 4.6903 5.74329
    endloop
  endfacet
  facet normal 0 0.90398 0.427575
    outer loop
      vertex -36.1 4.6903 5.74329
      vertex -35 4.7952 5.52151
      vertex -36.1 4.7952 5.52151
    endloop
  endfacet
  facet normal 0 -0.998795 -0.0490756
    outer loop
      vertex -36.1 9.5 6.7
      vertex -35 9.48796 6.94504
      vertex -36.1 9.48796 6.94504
    endloop
  endfacet
  facet normal 0 -0.998795 -0.0490756
    outer loop
      vertex -35 9.48796 6.94504
      vertex -36.1 9.5 6.7
      vertex -35 9.5 6.7
    endloop
  endfacet
  facet normal 0 0.146732 -0.989176
    outer loop
      vertex -36.1 6.51227 9.15196
      vertex -35 6.75496 9.18796
      vertex -35 6.51227 9.15196
    endloop
  endfacet
  facet normal 0 0.146732 -0.989176
    outer loop
      vertex -35 6.75496 9.18796
      vertex -36.1 6.51227 9.15196
      vertex -36.1 6.75496 9.18796
    endloop
  endfacet
  facet normal 0 0.803212 0.595693
    outer loop
      vertex -35 5.06747 5.11402
      vertex -36.1 4.92133 5.31107
      vertex -35 4.92133 5.31107
    endloop
  endfacet
  facet normal 0 0.803212 0.595693
    outer loop
      vertex -36.1 4.92133 5.31107
      vertex -35 5.06747 5.11402
      vertex -36.1 5.06747 5.11402
    endloop
  endfacet
  facet normal 0 0.595693 -0.803212
    outer loop
      vertex -36.1 5.41402 8.63253
      vertex -35 5.61107 8.77867
      vertex -35 5.41402 8.63253
    endloop
  endfacet
  facet normal 0 0.595693 -0.803212
    outer loop
      vertex -35 5.61107 8.77867
      vertex -36.1 5.41402 8.63253
      vertex -36.1 5.61107 8.77867
    endloop
  endfacet
  facet normal 0 -0.0490756 -0.998795
    outer loop
      vertex -36.1 7 9.2
      vertex -35 7.24504 9.18796
      vertex -35 7 9.2
    endloop
  endfacet
  facet normal -0 -0.0490756 -0.998795
    outer loop
      vertex -35 7.24504 9.18796
      vertex -36.1 7 9.2
      vertex -36.1 7.24504 9.18796
    endloop
  endfacet
  facet normal -0 0.671548 0.740961
    outer loop
      vertex -36.1 5.41402 4.76747
      vertex -35 5.23223 4.93223
      vertex -35 5.41402 4.76747
    endloop
  endfacet
  facet normal 0 0.671548 0.740961
    outer loop
      vertex -35 5.23223 4.93223
      vertex -36.1 5.41402 4.76747
      vertex -36.1 5.23223 4.93223
    endloop
  endfacet
  facet normal -0.904125 -0.427269 0
    outer loop
      vertex -36.8458 -24.6142 0
      vertex -36.9716 -24.348 20.2
      vertex -36.9716 -24.348 0
    endloop
  endfacet
  facet normal -0.904125 -0.427269 0
    outer loop
      vertex -36.9716 -24.348 20.2
      vertex -36.8458 -24.6142 0
      vertex -36.8458 -24.6142 20.2
    endloop
  endfacet
  facet normal 0.941488 -0.337047 0
    outer loop
      vertex 36.9716 -24.348 20.2
      vertex 37.0708 -24.0709 0
      vertex 37.0708 -24.0709 20.2
    endloop
  endfacet
  facet normal 0.941488 -0.337047 0
    outer loop
      vertex 37.0708 -24.0709 0
      vertex 36.9716 -24.348 20.2
      vertex 36.9716 -24.348 0
    endloop
  endfacet
  facet normal 0 -1 0
    outer loop
      vertex -34.2 -26.2 0
      vertex 34.2 -26.2 20.2
      vertex -34.2 -26.2 20.2
    endloop
  endfacet
  facet normal 0 -1 -0
    outer loop
      vertex 34.2 -26.2 20.2
      vertex -34.2 -26.2 0
      vertex 34.2 -26.2 0
    endloop
  endfacet
  facet normal -0.0489209 0.998803 0
    outer loop
      vertex -34.2 26.2 0
      vertex -34.494 26.1856 20.2
      vertex -34.2 26.2 20.2
    endloop
  endfacet
  facet normal -0.0489209 0.998803 0
    outer loop
      vertex -34.494 26.1856 20.2
      vertex -34.2 26.2 0
      vertex -34.494 26.1856 0
    endloop
  endfacet
  facet normal -0.989174 -0.146746 0
    outer loop
      vertex -37.1424 -23.7853 0
      vertex -37.1856 -23.4941 20.2
      vertex -37.1856 -23.4941 0
    endloop
  endfacet
  facet normal -0.989174 -0.146746 0
    outer loop
      vertex -37.1856 -23.4941 20.2
      vertex -37.1424 -23.7853 0
      vertex -37.1424 -23.7853 20.2
    endloop
  endfacet
  facet normal 0.427269 0.904125 -0
    outer loop
      vertex 35.6142 25.8458 0
      vertex 35.348 25.9716 20.2
      vertex 35.6142 25.8458 20.2
    endloop
  endfacet
  facet normal 0.427269 0.904125 0
    outer loop
      vertex 35.348 25.9716 20.2
      vertex 35.6142 25.8458 0
      vertex 35.348 25.9716 0
    endloop
  endfacet
  facet normal -0.671607 -0.740908 0
    outer loop
      vertex -36.3213 -25.3213 0
      vertex -36.1032 -25.519 20.2
      vertex -36.3213 -25.3213 20.2
    endloop
  endfacet
  facet normal -0.671607 -0.740908 -0
    outer loop
      vertex -36.1032 -25.519 20.2
      vertex -36.3213 -25.3213 0
      vertex -36.1032 -25.519 0
    endloop
  endfacet
  facet normal -0.595699 -0.803208 0
    outer loop
      vertex -36.1032 -25.519 0
      vertex -35.8667 -25.6944 20.2
      vertex -36.1032 -25.519 20.2
    endloop
  endfacet
  facet normal -0.595699 -0.803208 -0
    outer loop
      vertex -35.8667 -25.6944 20.2
      vertex -36.1032 -25.519 0
      vertex -35.8667 -25.6944 0
    endloop
  endfacet
  facet normal 0.671607 0.740908 -0
    outer loop
      vertex 36.3213 25.3213 0
      vertex 36.1032 25.519 20.2
      vertex 36.3213 25.3213 20.2
    endloop
  endfacet
  facet normal 0.671607 0.740908 0
    outer loop
      vertex 36.1032 25.519 20.2
      vertex 36.3213 25.3213 0
      vertex 36.1032 25.519 0
    endloop
  endfacet
  facet normal -1 0 0
    outer loop
      vertex -37.2 -23.2 0
      vertex -37.2 23.2 20.2
      vertex -37.2 23.2 0
    endloop
  endfacet
  facet normal -1 -0 0
    outer loop
      vertex -37.2 23.2 20.2
      vertex -37.2 -23.2 0
      vertex -37.2 -23.2 20.2
    endloop
  endfacet
  facet normal 0 1 -0
    outer loop
      vertex 34.2 26.2 0
      vertex -34.2 26.2 20.2
      vertex 34.2 26.2 20.2
    endloop
  endfacet
  facet normal 0 1 0
    outer loop
      vertex -34.2 26.2 20.2
      vertex 34.2 26.2 0
      vertex -34.2 26.2 0
    endloop
  endfacet
  facet normal 1 0 0
    outer loop
      vertex 37.2 23.2 20.2
      vertex 37.2 5.25 10.7
      vertex 37.2 23.2 0
    endloop
  endfacet
  facet normal 1 0 0
    outer loop
      vertex 37.2 23.2 20.2
      vertex 37.2 -5.25 10.7
      vertex 37.2 5.25 10.7
    endloop
  endfacet
  facet normal 1 0 0
    outer loop
      vertex 37.2 -23.2 0
      vertex 37.2 -5.25 10.7
      vertex 37.2 -23.2 20.2
    endloop
  endfacet
  facet normal 1 -0 0
    outer loop
      vertex 37.2 -23.2 20.2
      vertex 37.2 -5.25 10.7
      vertex 37.2 23.2 20.2
    endloop
  endfacet
  facet normal 1 -0 0
    outer loop
      vertex 37.2 5.25 5.7
      vertex 37.2 23.2 0
      vertex 37.2 5.25 10.7
    endloop
  endfacet
  facet normal 1 -0 0
    outer loop
      vertex 37.2 -5.25 5.7
      vertex 37.2 23.2 0
      vertex 37.2 5.25 5.7
    endloop
  endfacet
  facet normal 1 0 0
    outer loop
      vertex 37.2 -5.25 5.7
      vertex 37.2 -23.2 0
      vertex 37.2 23.2 0
    endloop
  endfacet
  facet normal 1 0 0
    outer loop
      vertex 37.2 -5.25 10.7
      vertex 37.2 -23.2 0
      vertex 37.2 -5.25 5.7
    endloop
  endfacet
  facet normal 0.803208 0.595699 0
    outer loop
      vertex 36.6944 24.8667 20.2
      vertex 36.519 25.1032 0
      vertex 36.519 25.1032 20.2
    endloop
  endfacet
  facet normal 0.803208 0.595699 0
    outer loop
      vertex 36.519 25.1032 0
      vertex 36.6944 24.8667 20.2
      vertex 36.6944 24.8667 0
    endloop
  endfacet
  facet normal 0.337047 0.941488 -0
    outer loop
      vertex 35.348 25.9716 0
      vertex 35.0709 26.0708 20.2
      vertex 35.348 25.9716 20.2
    endloop
  endfacet
  facet normal 0.337047 0.941488 0
    outer loop
      vertex 35.0709 26.0708 20.2
      vertex 35.348 25.9716 0
      vertex 35.0709 26.0708 0
    endloop
  endfacet
  facet normal -0.337047 -0.941488 0
    outer loop
      vertex -35.348 -25.9716 0
      vertex -35.0709 -26.0708 20.2
      vertex -35.348 -25.9716 20.2
    endloop
  endfacet
  facet normal -0.337047 -0.941488 -0
    outer loop
      vertex -35.0709 -26.0708 20.2
      vertex -35.348 -25.9716 0
      vertex -35.0709 -26.0708 0
    endloop
  endfacet
  facet normal -0.740908 -0.671607 0
    outer loop
      vertex -36.3213 -25.3213 0
      vertex -36.519 -25.1032 20.2
      vertex -36.519 -25.1032 0
    endloop
  endfacet
  facet normal -0.740908 -0.671607 0
    outer loop
      vertex -36.519 -25.1032 20.2
      vertex -36.3213 -25.3213 0
      vertex -36.3213 -25.3213 20.2
    endloop
  endfacet
  facet normal -0.941488 0.337047 0
    outer loop
      vertex -37.0708 24.0709 0
      vertex -36.9716 24.348 20.2
      vertex -36.9716 24.348 0
    endloop
  endfacet
  facet normal -0.941488 0.337047 0
    outer loop
      vertex -36.9716 24.348 20.2
      vertex -37.0708 24.0709 0
      vertex -37.0708 24.0709 20.2
    endloop
  endfacet
  facet normal 0.146696 0.989182 -0
    outer loop
      vertex 34.7853 26.1424 0
      vertex 34.494 26.1856 20.2
      vertex 34.7853 26.1424 20.2
    endloop
  endfacet
  facet normal 0.146696 0.989182 0
    outer loop
      vertex 34.494 26.1856 20.2
      vertex 34.7853 26.1424 0
      vertex 34.494 26.1856 0
    endloop
  endfacet
  facet normal -0.595699 0.803208 0
    outer loop
      vertex -35.8667 25.6944 0
      vertex -36.1032 25.519 20.2
      vertex -35.8667 25.6944 20.2
    endloop
  endfacet
  facet normal -0.595699 0.803208 0
    outer loop
      vertex -36.1032 25.519 20.2
      vertex -35.8667 25.6944 0
      vertex -36.1032 25.519 0
    endloop
  endfacet
  facet normal 0.941488 0.337047 0
    outer loop
      vertex 37.0708 24.0709 20.2
      vertex 36.9716 24.348 0
      vertex 36.9716 24.348 20.2
    endloop
  endfacet
  facet normal 0.941488 0.337047 0
    outer loop
      vertex 36.9716 24.348 0
      vertex 37.0708 24.0709 20.2
      vertex 37.0708 24.0709 0
    endloop
  endfacet
  facet normal 0.904125 -0.427269 0
    outer loop
      vertex 36.8458 -24.6142 20.2
      vertex 36.9716 -24.348 0
      vertex 36.9716 -24.348 20.2
    endloop
  endfacet
  facet normal 0.904125 -0.427269 0
    outer loop
      vertex 36.9716 -24.348 0
      vertex 36.8458 -24.6142 20.2
      vertex 36.8458 -24.6142 0
    endloop
  endfacet
  facet normal 0.998803 -0.0489044 0
    outer loop
      vertex 37.1856 -23.4941 20.2
      vertex 37.2 -23.2 0
      vertex 37.2 -23.2 20.2
    endloop
  endfacet
  facet normal 0.998803 -0.0489044 0
    outer loop
      vertex 37.2 -23.2 0
      vertex 37.1856 -23.4941 20.2
      vertex 37.1856 -23.4941 0
    endloop
  endfacet
  facet normal 0.857643 0.514246 0
    outer loop
      vertex 36.8458 24.6142 20.2
      vertex 36.6944 24.8667 0
      vertex 36.6944 24.8667 20.2
    endloop
  endfacet
  facet normal 0.857643 0.514246 0
    outer loop
      vertex 36.6944 24.8667 0
      vertex 36.8458 24.6142 20.2
      vertex 36.8458 24.6142 0
    endloop
  endfacet
  facet normal 0.514246 0.857643 -0
    outer loop
      vertex 35.8667 25.6944 0
      vertex 35.6142 25.8458 20.2
      vertex 35.8667 25.6944 20.2
    endloop
  endfacet
  facet normal 0.514246 0.857643 0
    outer loop
      vertex 35.6142 25.8458 20.2
      vertex 35.8667 25.6944 0
      vertex 35.6142 25.8458 0
    endloop
  endfacet
  facet normal -0.857643 -0.514246 0
    outer loop
      vertex -36.6944 -24.8667 0
      vertex -36.8458 -24.6142 20.2
      vertex -36.8458 -24.6142 0
    endloop
  endfacet
  facet normal -0.857643 -0.514246 0
    outer loop
      vertex -36.8458 -24.6142 20.2
      vertex -36.6944 -24.8667 0
      vertex -36.6944 -24.8667 20.2
    endloop
  endfacet
  facet normal -0.803208 -0.595699 0
    outer loop
      vertex -36.519 -25.1032 0
      vertex -36.6944 -24.8667 20.2
      vertex -36.6944 -24.8667 0
    endloop
  endfacet
  facet normal -0.803208 -0.595699 0
    outer loop
      vertex -36.6944 -24.8667 20.2
      vertex -36.519 -25.1032 0
      vertex -36.519 -25.1032 20.2
    endloop
  endfacet
  facet normal 0.337047 -0.941488 0
    outer loop
      vertex 35.0709 -26.0708 0
      vertex 35.348 -25.9716 20.2
      vertex 35.0709 -26.0708 20.2
    endloop
  endfacet
  facet normal 0.337047 -0.941488 0
    outer loop
      vertex 35.348 -25.9716 20.2
      vertex 35.0709 -26.0708 0
      vertex 35.348 -25.9716 0
    endloop
  endfacet
  facet normal -0.998803 -0.0489044 0
    outer loop
      vertex -37.1856 -23.4941 0
      vertex -37.2 -23.2 20.2
      vertex -37.2 -23.2 0
    endloop
  endfacet
  facet normal -0.998803 -0.0489044 0
    outer loop
      vertex -37.2 -23.2 20.2
      vertex -37.1856 -23.4941 0
      vertex -37.1856 -23.4941 20.2
    endloop
  endfacet
  facet normal 0.0489209 -0.998803 0
    outer loop
      vertex 34.2 -26.2 0
      vertex 34.494 -26.1856 20.2
      vertex 34.2 -26.2 20.2
    endloop
  endfacet
  facet normal 0.0489209 -0.998803 0
    outer loop
      vertex 34.494 -26.1856 20.2
      vertex 34.2 -26.2 0
      vertex 34.494 -26.1856 0
    endloop
  endfacet
  facet normal 0.857643 -0.514246 0
    outer loop
      vertex 36.6944 -24.8667 20.2
      vertex 36.8458 -24.6142 0
      vertex 36.8458 -24.6142 20.2
    endloop
  endfacet
  facet normal 0.857643 -0.514246 0
    outer loop
      vertex 36.8458 -24.6142 0
      vertex 36.6944 -24.8667 20.2
      vertex 36.6944 -24.8667 0
    endloop
  endfacet
  facet normal 0.969982 0.243175 0
    outer loop
      vertex 37.1424 23.7853 20.2
      vertex 37.0708 24.0709 0
      vertex 37.0708 24.0709 20.2
    endloop
  endfacet
  facet normal 0.969982 0.243175 0
    outer loop
      vertex 37.0708 24.0709 0
      vertex 37.1424 23.7853 20.2
      vertex 37.1424 23.7853 0
    endloop
  endfacet
  facet normal -0.146696 0.989182 0
    outer loop
      vertex -34.494 26.1856 0
      vertex -34.7853 26.1424 20.2
      vertex -34.494 26.1856 20.2
    endloop
  endfacet
  facet normal -0.146696 0.989182 0
    outer loop
      vertex -34.7853 26.1424 20.2
      vertex -34.494 26.1856 0
      vertex -34.7853 26.1424 0
    endloop
  endfacet
  facet normal -0.969982 -0.243175 0
    outer loop
      vertex -37.0708 -24.0709 0
      vertex -37.1424 -23.7853 20.2
      vertex -37.1424 -23.7853 0
    endloop
  endfacet
  facet normal -0.969982 -0.243175 0
    outer loop
      vertex -37.1424 -23.7853 20.2
      vertex -37.0708 -24.0709 0
      vertex -37.0708 -24.0709 20.2
    endloop
  endfacet
  facet normal -0.427269 0.904125 0
    outer loop
      vertex -35.348 25.9716 0
      vertex -35.6142 25.8458 20.2
      vertex -35.348 25.9716 20.2
    endloop
  endfacet
  facet normal -0.427269 0.904125 0
    outer loop
      vertex -35.6142 25.8458 20.2
      vertex -35.348 25.9716 0
      vertex -35.6142 25.8458 0
    endloop
  endfacet
  facet normal 0.671607 -0.740908 0
    outer loop
      vertex 36.1032 -25.519 0
      vertex 36.3213 -25.3213 20.2
      vertex 36.1032 -25.519 20.2
    endloop
  endfacet
  facet normal 0.671607 -0.740908 0
    outer loop
      vertex 36.3213 -25.3213 20.2
      vertex 36.1032 -25.519 0
      vertex 36.3213 -25.3213 0
    endloop
  endfacet
  facet normal -0.243175 0.969982 0
    outer loop
      vertex -34.7853 26.1424 0
      vertex -35.0709 26.0708 20.2
      vertex -34.7853 26.1424 20.2
    endloop
  endfacet
  facet normal -0.243175 0.969982 0
    outer loop
      vertex -35.0709 26.0708 20.2
      vertex -34.7853 26.1424 0
      vertex -35.0709 26.0708 0
    endloop
  endfacet
  facet normal -0.857643 0.514246 0
    outer loop
      vertex -36.8458 24.6142 0
      vertex -36.6944 24.8667 20.2
      vertex -36.6944 24.8667 0
    endloop
  endfacet
  facet normal -0.857643 0.514246 0
    outer loop
      vertex -36.6944 24.8667 20.2
      vertex -36.8458 24.6142 0
      vertex -36.8458 24.6142 20.2
    endloop
  endfacet
  facet normal -0.514246 -0.857643 0
    outer loop
      vertex -35.8667 -25.6944 0
      vertex -35.6142 -25.8458 20.2
      vertex -35.8667 -25.6944 20.2
    endloop
  endfacet
  facet normal -0.514246 -0.857643 -0
    outer loop
      vertex -35.6142 -25.8458 20.2
      vertex -35.8667 -25.6944 0
      vertex -35.6142 -25.8458 0
    endloop
  endfacet
  facet normal 0.243175 -0.969982 0
    outer loop
      vertex 34.7853 -26.1424 0
      vertex 35.0709 -26.0708 20.2
      vertex 34.7853 -26.1424 20.2
    endloop
  endfacet
  facet normal 0.243175 -0.969982 0
    outer loop
      vertex 35.0709 -26.0708 20.2
      vertex 34.7853 -26.1424 0
      vertex 35.0709 -26.0708 0
    endloop
  endfacet
  facet normal 0.514246 -0.857643 0
    outer loop
      vertex 35.6142 -25.8458 0
      vertex 35.8667 -25.6944 20.2
      vertex 35.6142 -25.8458 20.2
    endloop
  endfacet
  facet normal 0.514246 -0.857643 0
    outer loop
      vertex 35.8667 -25.6944 20.2
      vertex 35.6142 -25.8458 0
      vertex 35.8667 -25.6944 0
    endloop
  endfacet
  facet normal 0.595699 -0.803208 0
    outer loop
      vertex 35.8667 -25.6944 0
      vertex 36.1032 -25.519 20.2
      vertex 35.8667 -25.6944 20.2
    endloop
  endfacet
  facet normal 0.595699 -0.803208 0
    outer loop
      vertex 36.1032 -25.519 20.2
      vertex 35.8667 -25.6944 0
      vertex 36.1032 -25.519 0
    endloop
  endfacet
  facet normal -0.0489209 -0.998803 0
    outer loop
      vertex -34.494 -26.1856 0
      vertex -34.2 -26.2 20.2
      vertex -34.494 -26.1856 20.2
    endloop
  endfacet
  facet normal -0.0489209 -0.998803 -0
    outer loop
      vertex -34.2 -26.2 20.2
      vertex -34.494 -26.1856 0
      vertex -34.2 -26.2 0
    endloop
  endfacet
  facet normal 0.740908 0.671607 0
    outer loop
      vertex 36.519 25.1032 20.2
      vertex 36.3213 25.3213 0
      vertex 36.3213 25.3213 20.2
    endloop
  endfacet
  facet normal 0.740908 0.671607 0
    outer loop
      vertex 36.3213 25.3213 0
      vertex 36.519 25.1032 20.2
      vertex 36.519 25.1032 0
    endloop
  endfacet
  facet normal 0.998803 0.0489044 0
    outer loop
      vertex 37.2 23.2 20.2
      vertex 37.1856 23.4941 0
      vertex 37.1856 23.4941 20.2
    endloop
  endfacet
  facet normal 0.998803 0.0489044 0
    outer loop
      vertex 37.1856 23.4941 0
      vertex 37.2 23.2 20.2
      vertex 37.2 23.2 0
    endloop
  endfacet
  facet normal 0.427269 -0.904125 0
    outer loop
      vertex 35.348 -25.9716 0
      vertex 35.6142 -25.8458 20.2
      vertex 35.348 -25.9716 20.2
    endloop
  endfacet
  facet normal 0.427269 -0.904125 0
    outer loop
      vertex 35.6142 -25.8458 20.2
      vertex 35.348 -25.9716 0
      vertex 35.6142 -25.8458 0
    endloop
  endfacet
  facet normal 0.904125 0.427269 0
    outer loop
      vertex 36.9716 24.348 20.2
      vertex 36.8458 24.6142 0
      vertex 36.8458 24.6142 20.2
    endloop
  endfacet
  facet normal 0.904125 0.427269 0
    outer loop
      vertex 36.8458 24.6142 0
      vertex 36.9716 24.348 20.2
      vertex 36.9716 24.348 0
    endloop
  endfacet
  facet normal 0.969982 -0.243175 0
    outer loop
      vertex 37.0708 -24.0709 20.2
      vertex 37.1424 -23.7853 0
      vertex 37.1424 -23.7853 20.2
    endloop
  endfacet
  facet normal 0.969982 -0.243175 0
    outer loop
      vertex 37.1424 -23.7853 0
      vertex 37.0708 -24.0709 20.2
      vertex 37.0708 -24.0709 0
    endloop
  endfacet
  facet normal -0.671607 0.740908 0
    outer loop
      vertex -36.1032 25.519 0
      vertex -36.3213 25.3213 20.2
      vertex -36.1032 25.519 20.2
    endloop
  endfacet
  facet normal -0.671607 0.740908 0
    outer loop
      vertex -36.3213 25.3213 20.2
      vertex -36.1032 25.519 0
      vertex -36.3213 25.3213 0
    endloop
  endfacet
  facet normal -0.146696 -0.989182 0
    outer loop
      vertex -34.7853 -26.1424 0
      vertex -34.494 -26.1856 20.2
      vertex -34.7853 -26.1424 20.2
    endloop
  endfacet
  facet normal -0.146696 -0.989182 -0
    outer loop
      vertex -34.494 -26.1856 20.2
      vertex -34.7853 -26.1424 0
      vertex -34.494 -26.1856 0
    endloop
  endfacet
  facet normal -0.514246 0.857643 0
    outer loop
      vertex -35.6142 25.8458 0
      vertex -35.8667 25.6944 20.2
      vertex -35.6142 25.8458 20.2
    endloop
  endfacet
  facet normal -0.514246 0.857643 0
    outer loop
      vertex -35.8667 25.6944 20.2
      vertex -35.6142 25.8458 0
      vertex -35.8667 25.6944 0
    endloop
  endfacet
  facet normal -0.904125 0.427269 0
    outer loop
      vertex -36.9716 24.348 0
      vertex -36.8458 24.6142 20.2
      vertex -36.8458 24.6142 0
    endloop
  endfacet
  facet normal -0.904125 0.427269 0
    outer loop
      vertex -36.8458 24.6142 20.2
      vertex -36.9716 24.348 0
      vertex -36.9716 24.348 20.2
    endloop
  endfacet
  facet normal -0.803208 0.595699 0
    outer loop
      vertex -36.6944 24.8667 0
      vertex -36.519 25.1032 20.2
      vertex -36.519 25.1032 0
    endloop
  endfacet
  facet normal -0.803208 0.595699 0
    outer loop
      vertex -36.519 25.1032 20.2
      vertex -36.6944 24.8667 0
      vertex -36.6944 24.8667 20.2
    endloop
  endfacet
  facet normal -0.740908 0.671607 0
    outer loop
      vertex -36.519 25.1032 0
      vertex -36.3213 25.3213 20.2
      vertex -36.3213 25.3213 0
    endloop
  endfacet
  facet normal -0.740908 0.671607 0
    outer loop
      vertex -36.3213 25.3213 20.2
      vertex -36.519 25.1032 0
      vertex -36.519 25.1032 20.2
    endloop
  endfacet
  facet normal -0.998803 0.0489044 0
    outer loop
      vertex -37.2 23.2 0
      vertex -37.1856 23.4941 20.2
      vertex -37.1856 23.4941 0
    endloop
  endfacet
  facet normal -0.998803 0.0489044 0
    outer loop
      vertex -37.1856 23.4941 20.2
      vertex -37.2 23.2 0
      vertex -37.2 23.2 20.2
    endloop
  endfacet
  facet normal -0.243175 -0.969982 0
    outer loop
      vertex -35.0709 -26.0708 0
      vertex -34.7853 -26.1424 20.2
      vertex -35.0709 -26.0708 20.2
    endloop
  endfacet
  facet normal -0.243175 -0.969982 -0
    outer loop
      vertex -34.7853 -26.1424 20.2
      vertex -35.0709 -26.0708 0
      vertex -34.7853 -26.1424 0
    endloop
  endfacet
  facet normal 0.803208 -0.595699 0
    outer loop
      vertex 36.519 -25.1032 20.2
      vertex 36.6944 -24.8667 0
      vertex 36.6944 -24.8667 20.2
    endloop
  endfacet
  facet normal 0.803208 -0.595699 0
    outer loop
      vertex 36.6944 -24.8667 0
      vertex 36.519 -25.1032 20.2
      vertex 36.519 -25.1032 0
    endloop
  endfacet
  facet normal 0.740908 -0.671607 0
    outer loop
      vertex 36.3213 -25.3213 20.2
      vertex 36.519 -25.1032 0
      vertex 36.519 -25.1032 20.2
    endloop
  endfacet
  facet normal 0.740908 -0.671607 0
    outer loop
      vertex 36.519 -25.1032 0
      vertex 36.3213 -25.3213 20.2
      vertex 36.3213 -25.3213 0
    endloop
  endfacet
  facet normal -0.941488 -0.337047 0
    outer loop
      vertex -36.9716 -24.348 0
      vertex -37.0708 -24.0709 20.2
      vertex -37.0708 -24.0709 0
    endloop
  endfacet
  facet normal -0.941488 -0.337047 0
    outer loop
      vertex -37.0708 -24.0709 20.2
      vertex -36.9716 -24.348 0
      vertex -36.9716 -24.348 20.2
    endloop
  endfacet
  facet normal 0.595699 0.803208 -0
    outer loop
      vertex 36.1032 25.519 0
      vertex 35.8667 25.6944 20.2
      vertex 36.1032 25.519 20.2
    endloop
  endfacet
  facet normal 0.595699 0.803208 0
    outer loop
      vertex 35.8667 25.6944 20.2
      vertex 36.1032 25.519 0
      vertex 35.8667 25.6944 0
    endloop
  endfacet
  facet normal 0.243175 0.969982 -0
    outer loop
      vertex 35.0709 26.0708 0
      vertex 34.7853 26.1424 20.2
      vertex 35.0709 26.0708 20.2
    endloop
  endfacet
  facet normal 0.243175 0.969982 0
    outer loop
      vertex 34.7853 26.1424 20.2
      vertex 35.0709 26.0708 0
      vertex 34.7853 26.1424 0
    endloop
  endfacet
  facet normal -0.337047 0.941488 0
    outer loop
      vertex -35.0709 26.0708 0
      vertex -35.348 25.9716 20.2
      vertex -35.0709 26.0708 20.2
    endloop
  endfacet
  facet normal -0.337047 0.941488 0
    outer loop
      vertex -35.348 25.9716 20.2
      vertex -35.0709 26.0708 0
      vertex -35.348 25.9716 0
    endloop
  endfacet
  facet normal -0.989174 0.146746 0
    outer loop
      vertex -37.1856 23.4941 0
      vertex -37.1424 23.7853 20.2
      vertex -37.1424 23.7853 0
    endloop
  endfacet
  facet normal -0.989174 0.146746 0
    outer loop
      vertex -37.1424 23.7853 20.2
      vertex -37.1856 23.4941 0
      vertex -37.1856 23.4941 20.2
    endloop
  endfacet
  facet normal -0.969982 0.243175 0
    outer loop
      vertex -37.1424 23.7853 0
      vertex -37.0708 24.0709 20.2
      vertex -37.0708 24.0709 0
    endloop
  endfacet
  facet normal -0.969982 0.243175 0
    outer loop
      vertex -37.0708 24.0709 20.2
      vertex -37.1424 23.7853 0
      vertex -37.1424 23.7853 20.2
    endloop
  endfacet
  facet normal 0.989174 0.146746 0
    outer loop
      vertex 37.1856 23.4941 20.2
      vertex 37.1424 23.7853 0
      vertex 37.1424 23.7853 20.2
    endloop
  endfacet
  facet normal 0.989174 0.146746 0
    outer loop
      vertex 37.1424 23.7853 0
      vertex 37.1856 23.4941 20.2
      vertex 37.1856 23.4941 0
    endloop
  endfacet
  facet normal 0 0 -1
    outer loop
      vertex 34.2 -26.2 0
      vertex 37.2 -23.2 0
      vertex 37.1856 -23.4941 0
    endloop
  endfacet
  facet normal -0 0 -1
    outer loop
      vertex 37.2 -23.2 0
      vertex 34.2 -26.2 0
      vertex 37.2 23.2 0
    endloop
  endfacet
  facet normal 0 0 -1
    outer loop
      vertex 34.2 -26.2 0
      vertex 37.1856 -23.4941 0
      vertex 37.1424 -23.7853 0
    endloop
  endfacet
  facet normal 0 0 -1
    outer loop
      vertex 34.2 26.2 0
      vertex 37.2 23.2 0
      vertex 34.2 -26.2 0
    endloop
  endfacet
  facet normal 0 0 -1
    outer loop
      vertex 34.2 -26.2 0
      vertex 37.1424 -23.7853 0
      vertex 37.0708 -24.0709 0
    endloop
  endfacet
  facet normal 0 0 -1
    outer loop
      vertex 37.2 23.2 0
      vertex 34.2 26.2 0
      vertex 37.1856 23.4941 0
    endloop
  endfacet
  facet normal 0 0 -1
    outer loop
      vertex 34.2 -26.2 0
      vertex 37.0708 -24.0709 0
      vertex 36.9716 -24.348 0
    endloop
  endfacet
  facet normal 0 0 -1
    outer loop
      vertex 37.1856 23.4941 0
      vertex 34.2 26.2 0
      vertex 37.1424 23.7853 0
    endloop
  endfacet
  facet normal 0 0 -1
    outer loop
      vertex 34.2 -26.2 0
      vertex 36.9716 -24.348 0
      vertex 36.8458 -24.6142 0
    endloop
  endfacet
  facet normal 0 0 -1
    outer loop
      vertex 37.1424 23.7853 0
      vertex 34.2 26.2 0
      vertex 37.0708 24.0709 0
    endloop
  endfacet
  facet normal 0 0 -1
    outer loop
      vertex 34.2 -26.2 0
      vertex 36.8458 -24.6142 0
      vertex 36.6944 -24.8667 0
    endloop
  endfacet
  facet normal 0 0 -1
    outer loop
      vertex 37.0708 24.0709 0
      vertex 34.2 26.2 0
      vertex 36.9716 24.348 0
    endloop
  endfacet
  facet normal 0 0 -1
    outer loop
      vertex 34.2 -26.2 0
      vertex 36.6944 -24.8667 0
      vertex 36.519 -25.1032 0
    endloop
  endfacet
  facet normal 0 0 -1
    outer loop
      vertex 36.9716 24.348 0
      vertex 34.2 26.2 0
      vertex 36.8458 24.6142 0
    endloop
  endfacet
  facet normal 0 0 -1
    outer loop
      vertex 34.2 -26.2 0
      vertex 36.519 -25.1032 0
      vertex 36.3213 -25.3213 0
    endloop
  endfacet
  facet normal 0 0 -1
    outer loop
      vertex 36.8458 24.6142 0
      vertex 34.2 26.2 0
      vertex 36.6944 24.8667 0
    endloop
  endfacet
  facet normal 0 0 -1
    outer loop
      vertex 34.2 -26.2 0
      vertex 36.3213 -25.3213 0
      vertex 36.1032 -25.519 0
    endloop
  endfacet
  facet normal 0 0 -1
    outer loop
      vertex 36.6944 24.8667 0
      vertex 34.2 26.2 0
      vertex 36.519 25.1032 0
    endloop
  endfacet
  facet normal 0 0 -1
    outer loop
      vertex 34.2 -26.2 0
      vertex 36.1032 -25.519 0
      vertex 35.8667 -25.6944 0
    endloop
  endfacet
  facet normal 0 0 -1
    outer loop
      vertex 36.519 25.1032 0
      vertex 34.2 26.2 0
      vertex 36.3213 25.3213 0
    endloop
  endfacet
  facet normal 0 0 -1
    outer loop
      vertex 34.2 -26.2 0
      vertex 35.8667 -25.6944 0
      vertex 35.6142 -25.8458 0
    endloop
  endfacet
  facet normal 0 0 -1
    outer loop
      vertex 36.3213 25.3213 0
      vertex 34.2 26.2 0
      vertex 36.1032 25.519 0
    endloop
  endfacet
  facet normal 0 0 -1
    outer loop
      vertex 34.2 -26.2 0
      vertex 35.6142 -25.8458 0
      vertex 35.348 -25.9716 0
    endloop
  endfacet
  facet normal 0 0 -1
    outer loop
      vertex 36.1032 25.519 0
      vertex 34.2 26.2 0
      vertex 35.8667 25.6944 0
    endloop
  endfacet
  facet normal 0 0 -1
    outer loop
      vertex 34.2 -26.2 0
      vertex 35.348 -25.9716 0
      vertex 35.0709 -26.0708 0
    endloop
  endfacet
  facet normal 0 0 -1
    outer loop
      vertex 35.8667 25.6944 0
      vertex 34.2 26.2 0
      vertex 35.6142 25.8458 0
    endloop
  endfacet
  facet normal 0 0 -1
    outer loop
      vertex 34.2 -26.2 0
      vertex 35.0709 -26.0708 0
      vertex 34.7853 -26.1424 0
    endloop
  endfacet
  facet normal 0 0 -1
    outer loop
      vertex 35.6142 25.8458 0
      vertex 34.2 26.2 0
      vertex 35.348 25.9716 0
    endloop
  endfacet
  facet normal 0 0 -1
    outer loop
      vertex 34.2 -26.2 0
      vertex 34.7853 -26.1424 0
      vertex 34.494 -26.1856 0
    endloop
  endfacet
  facet normal 0 0 -1
    outer loop
      vertex 35.348 25.9716 0
      vertex 34.2 26.2 0
      vertex 35.0709 26.0708 0
    endloop
  endfacet
  facet normal 0 0 -1
    outer loop
      vertex 35.0709 26.0708 0
      vertex 34.2 26.2 0
      vertex 34.7853 26.1424 0
    endloop
  endfacet
  facet normal 0 0 -1
    outer loop
      vertex 34.7853 26.1424 0
      vertex 34.2 26.2 0
      vertex 34.494 26.1856 0
    endloop
  endfacet
  facet normal 0 0 -1
    outer loop
      vertex -34.2 -26.2 0
      vertex 34.2 26.2 0
      vertex 34.2 -26.2 0
    endloop
  endfacet
  facet normal 0 0 -1
    outer loop
      vertex -34.2 -26.2 0
      vertex -34.2 26.2 0
      vertex 34.2 26.2 0
    endloop
  endfacet
  facet normal 0 0 -1
    outer loop
      vertex -37.2 -23.2 0
      vertex -34.2 -26.2 0
      vertex -34.494 -26.1856 0
    endloop
  endfacet
  facet normal 0 0 -1
    outer loop
      vertex -34.2 -26.2 0
      vertex -37.2 -23.2 0
      vertex -34.2 26.2 0
    endloop
  endfacet
  facet normal 0 0 -1
    outer loop
      vertex -37.2 -23.2 0
      vertex -34.494 -26.1856 0
      vertex -34.7853 -26.1424 0
    endloop
  endfacet
  facet normal 0 0 -1
    outer loop
      vertex -37.2 23.2 0
      vertex -34.2 26.2 0
      vertex -37.2 -23.2 0
    endloop
  endfacet
  facet normal 0 0 -1
    outer loop
      vertex -37.2 -23.2 0
      vertex -34.7853 -26.1424 0
      vertex -35.0709 -26.0708 0
    endloop
  endfacet
  facet normal 0 0 -1
    outer loop
      vertex -34.2 26.2 0
      vertex -37.2 23.2 0
      vertex -34.494 26.1856 0
    endloop
  endfacet
  facet normal 0 0 -1
    outer loop
      vertex -37.2 -23.2 0
      vertex -35.0709 -26.0708 0
      vertex -35.348 -25.9716 0
    endloop
  endfacet
  facet normal 0 0 -1
    outer loop
      vertex -34.494 26.1856 0
      vertex -37.2 23.2 0
      vertex -34.7853 26.1424 0
    endloop
  endfacet
  facet normal 0 0 -1
    outer loop
      vertex -37.2 -23.2 0
      vertex -35.348 -25.9716 0
      vertex -35.6142 -25.8458 0
    endloop
  endfacet
  facet normal 0 0 -1
    outer loop
      vertex -34.7853 26.1424 0
      vertex -37.2 23.2 0
      vertex -35.0709 26.0708 0
    endloop
  endfacet
  facet normal 0 0 -1
    outer loop
      vertex -37.2 -23.2 0
      vertex -35.6142 -25.8458 0
      vertex -35.8667 -25.6944 0
    endloop
  endfacet
  facet normal 0 0 -1
    outer loop
      vertex -35.0709 26.0708 0
      vertex -37.2 23.2 0
      vertex -35.348 25.9716 0
    endloop
  endfacet
  facet normal 0 0 -1
    outer loop
      vertex -37.2 -23.2 0
      vertex -35.8667 -25.6944 0
      vertex -36.1032 -25.519 0
    endloop
  endfacet
  facet normal 0 0 -1
    outer loop
      vertex -35.348 25.9716 0
      vertex -37.2 23.2 0
      vertex -35.6142 25.8458 0
    endloop
  endfacet
  facet normal 0 0 -1
    outer loop
      vertex -37.2 -23.2 0
      vertex -36.1032 -25.519 0
      vertex -36.3213 -25.3213 0
    endloop
  endfacet
  facet normal 0 0 -1
    outer loop
      vertex -35.6142 25.8458 0
      vertex -37.2 23.2 0
      vertex -35.8667 25.6944 0
    endloop
  endfacet
  facet normal 0 0 -1
    outer loop
      vertex -37.2 -23.2 0
      vertex -36.3213 -25.3213 0
      vertex -36.519 -25.1032 0
    endloop
  endfacet
  facet normal 0 0 -1
    outer loop
      vertex -35.8667 25.6944 0
      vertex -37.2 23.2 0
      vertex -36.1032 25.519 0
    endloop
  endfacet
  facet normal 0 0 -1
    outer loop
      vertex -37.2 -23.2 0
      vertex -36.519 -25.1032 0
      vertex -36.6944 -24.8667 0
    endloop
  endfacet
  facet normal 0 0 -1
    outer loop
      vertex -36.1032 25.519 0
      vertex -37.2 23.2 0
      vertex -36.3213 25.3213 0
    endloop
  endfacet
  facet normal 0 0 -1
    outer loop
      vertex -37.2 -23.2 0
      vertex -36.6944 -24.8667 0
      vertex -36.8458 -24.6142 0
    endloop
  endfacet
  facet normal 0 0 -1
    outer loop
      vertex -36.3213 25.3213 0
      vertex -37.2 23.2 0
      vertex -36.519 25.1032 0
    endloop
  endfacet
  facet normal 0 0 -1
    outer loop
      vertex -37.2 -23.2 0
      vertex -36.8458 -24.6142 0
      vertex -36.9716 -24.348 0
    endloop
  endfacet
  facet normal 0 0 -1
    outer loop
      vertex -36.519 25.1032 0
      vertex -37.2 23.2 0
      vertex -36.6944 24.8667 0
    endloop
  endfacet
  facet normal 0 0 -1
    outer loop
      vertex -37.2 -23.2 0
      vertex -36.9716 -24.348 0
      vertex -37.0708 -24.0709 0
    endloop
  endfacet
  facet normal 0 0 -1
    outer loop
      vertex -36.6944 24.8667 0
      vertex -37.2 23.2 0
      vertex -36.8458 24.6142 0
    endloop
  endfacet
  facet normal 0 0 -1
    outer loop
      vertex -37.2 -23.2 0
      vertex -37.0708 -24.0709 0
      vertex -37.1424 -23.7853 0
    endloop
  endfacet
  facet normal 0 0 -1
    outer loop
      vertex -36.8458 24.6142 0
      vertex -37.2 23.2 0
      vertex -36.9716 24.348 0
    endloop
  endfacet
  facet normal 0 0 -1
    outer loop
      vertex -37.2 -23.2 0
      vertex -37.1424 -23.7853 0
      vertex -37.1856 -23.4941 0
    endloop
  endfacet
  facet normal 0 0 -1
    outer loop
      vertex -36.9716 24.348 0
      vertex -37.2 23.2 0
      vertex -37.0708 24.0709 0
    endloop
  endfacet
  facet normal 0 0 -1
    outer loop
      vertex -37.0708 24.0709 0
      vertex -37.2 23.2 0
      vertex -37.1424 23.7853 0
    endloop
  endfacet
  facet normal 0 0 -1
    outer loop
      vertex -37.1424 23.7853 0
      vertex -37.2 23.2 0
      vertex -37.1856 23.4941 0
    endloop
  endfacet
  facet normal 0.989174 -0.146746 0
    outer loop
      vertex 37.1424 -23.7853 20.2
      vertex 37.1856 -23.4941 0
      vertex 37.1856 -23.4941 20.2
    endloop
  endfacet
  facet normal 0.989174 -0.146746 0
    outer loop
      vertex 37.1856 -23.4941 0
      vertex 37.1424 -23.7853 20.2
      vertex 37.1424 -23.7853 0
    endloop
  endfacet
  facet normal -0.427269 -0.904125 0
    outer loop
      vertex -35.6142 -25.8458 0
      vertex -35.348 -25.9716 20.2
      vertex -35.6142 -25.8458 20.2
    endloop
  endfacet
  facet normal -0.427269 -0.904125 -0
    outer loop
      vertex -35.348 -25.9716 20.2
      vertex -35.6142 -25.8458 0
      vertex -35.348 -25.9716 0
    endloop
  endfacet
  facet normal 0.146696 -0.989182 0
    outer loop
      vertex 34.494 -26.1856 0
      vertex 34.7853 -26.1424 20.2
      vertex 34.494 -26.1856 20.2
    endloop
  endfacet
  facet normal 0.146696 -0.989182 0
    outer loop
      vertex 34.7853 -26.1424 20.2
      vertex 34.494 -26.1856 0
      vertex 34.7853 -26.1424 0
    endloop
  endfacet
  facet normal 0.0489209 0.998803 -0
    outer loop
      vertex 34.494 26.1856 0
      vertex 34.2 26.2 20.2
      vertex 34.494 26.1856 20.2
    endloop
  endfacet
  facet normal 0.0489209 0.998803 0
    outer loop
      vertex 34.2 26.2 20.2
      vertex 34.494 26.1856 0
      vertex 34.2 26.2 0
    endloop
  endfacet
  facet normal 0 0 1
    outer loop
      vertex 35 24 20.2
      vertex 37.2 23.2 20.2
      vertex 37.1856 23.4941 20.2
    endloop
  endfacet
  facet normal 0 0 1
    outer loop
      vertex 37.2 23.2 20.2
      vertex 35 24 20.2
      vertex 37.2 -23.2 20.2
    endloop
  endfacet
  facet normal 0 0 1
    outer loop
      vertex 35 24 20.2
      vertex 37.1856 23.4941 20.2
      vertex 37.1424 23.7853 20.2
    endloop
  endfacet
  facet normal 0 0 1
    outer loop
      vertex 35 -24 20.2
      vertex 37.2 -23.2 20.2
      vertex 35 24 20.2
    endloop
  endfacet
  facet normal -0 0 1
    outer loop
      vertex 35 24 20.2
      vertex 37.1424 23.7853 20.2
      vertex 37.0708 24.0709 20.2
    endloop
  endfacet
  facet normal 0 0 1
    outer loop
      vertex 37.2 -23.2 20.2
      vertex 35 -24 20.2
      vertex 37.1856 -23.4941 20.2
    endloop
  endfacet
  facet normal 0 0 1
    outer loop
      vertex 35 24 20.2
      vertex 37.0708 24.0709 20.2
      vertex 36.9716 24.348 20.2
    endloop
  endfacet
  facet normal 0 0 1
    outer loop
      vertex 37.1856 -23.4941 20.2
      vertex 35 -24 20.2
      vertex 37.1424 -23.7853 20.2
    endloop
  endfacet
  facet normal 0 0 1
    outer loop
      vertex 35 24 20.2
      vertex 36.9716 24.348 20.2
      vertex 36.8458 24.6142 20.2
    endloop
  endfacet
  facet normal 0 0 1
    outer loop
      vertex 37.1424 -23.7853 20.2
      vertex 35 -24 20.2
      vertex 37.0708 -24.0709 20.2
    endloop
  endfacet
  facet normal 0 0 1
    outer loop
      vertex 35 24 20.2
      vertex 36.8458 24.6142 20.2
      vertex 36.6944 24.8667 20.2
    endloop
  endfacet
  facet normal 0 0 1
    outer loop
      vertex 37.0708 -24.0709 20.2
      vertex 35 -24 20.2
      vertex 36.9716 -24.348 20.2
    endloop
  endfacet
  facet normal 0 0 1
    outer loop
      vertex 35 24 20.2
      vertex 36.6944 24.8667 20.2
      vertex 36.519 25.1032 20.2
    endloop
  endfacet
  facet normal 0 0 1
    outer loop
      vertex 36.9716 -24.348 20.2
      vertex 35 -24 20.2
      vertex 36.8458 -24.6142 20.2
    endloop
  endfacet
  facet normal 0 0 1
    outer loop
      vertex 35 24 20.2
      vertex 36.519 25.1032 20.2
      vertex 36.3213 25.3213 20.2
    endloop
  endfacet
  facet normal 0 0 1
    outer loop
      vertex 36.8458 -24.6142 20.2
      vertex 35 -24 20.2
      vertex 36.6944 -24.8667 20.2
    endloop
  endfacet
  facet normal 0 0 1
    outer loop
      vertex 35 24 20.2
      vertex 36.3213 25.3213 20.2
      vertex 36.1032 25.519 20.2
    endloop
  endfacet
  facet normal 0 0 1
    outer loop
      vertex 36.6944 -24.8667 20.2
      vertex 35 -24 20.2
      vertex 36.519 -25.1032 20.2
    endloop
  endfacet
  facet normal 0 0 1
    outer loop
      vertex 35 24 20.2
      vertex 36.1032 25.519 20.2
      vertex 35.8667 25.6944 20.2
    endloop
  endfacet
  facet normal 0 0 1
    outer loop
      vertex 36.519 -25.1032 20.2
      vertex 35 -24 20.2
      vertex 36.3213 -25.3213 20.2
    endloop
  endfacet
  facet normal 0 0 1
    outer loop
      vertex 35 24 20.2
      vertex 35.8667 25.6944 20.2
      vertex 35.6142 25.8458 20.2
    endloop
  endfacet
  facet normal 0 0 1
    outer loop
      vertex 36.3213 -25.3213 20.2
      vertex 35 -24 20.2
      vertex 36.1032 -25.519 20.2
    endloop
  endfacet
  facet normal 0 0 1
    outer loop
      vertex 35 24 20.2
      vertex 35.6142 25.8458 20.2
      vertex 35.348 25.9716 20.2
    endloop
  endfacet
  facet normal 0 0 1
    outer loop
      vertex 36.1032 -25.519 20.2
      vertex 35 -24 20.2
      vertex 35.8667 -25.6944 20.2
    endloop
  endfacet
  facet normal 0 0 1
    outer loop
      vertex 35 24 20.2
      vertex 35.348 25.9716 20.2
      vertex 35.0709 26.0708 20.2
    endloop
  endfacet
  facet normal 0 0 1
    outer loop
      vertex 35.8667 -25.6944 20.2
      vertex 35 -24 20.2
      vertex 35.6142 -25.8458 20.2
    endloop
  endfacet
  facet normal 0 0 1
    outer loop
      vertex 35.6142 -25.8458 20.2
      vertex 35 -24 20.2
      vertex 35.348 -25.9716 20.2
    endloop
  endfacet
  facet normal 0 0 1
    outer loop
      vertex 34.7853 26.1424 20.2
      vertex 35 24 20.2
      vertex 35.0709 26.0708 20.2
    endloop
  endfacet
  facet normal 0 0 1
    outer loop
      vertex 34.494 26.1856 20.2
      vertex 35 24 20.2
      vertex 34.7853 26.1424 20.2
    endloop
  endfacet
  facet normal 0 0 1
    outer loop
      vertex 34.2 26.2 20.2
      vertex 35 24 20.2
      vertex 34.494 26.1856 20.2
    endloop
  endfacet
  facet normal -0 0 1
    outer loop
      vertex -34.2 26.2 20.2
      vertex 35 24 20.2
      vertex 34.2 26.2 20.2
    endloop
  endfacet
  facet normal 0 0 1
    outer loop
      vertex -35 24 20.2
      vertex -34.2 26.2 20.2
      vertex -34.494 26.1856 20.2
    endloop
  endfacet
  facet normal 0 0 1
    outer loop
      vertex -35 24 20.2
      vertex -34.494 26.1856 20.2
      vertex -34.7853 26.1424 20.2
    endloop
  endfacet
  facet normal 0 0 1
    outer loop
      vertex -34.2 26.2 20.2
      vertex -35 24 20.2
      vertex 35 24 20.2
    endloop
  endfacet
  facet normal -0 0 1
    outer loop
      vertex -35.348 25.9716 20.2
      vertex -35 24 20.2
      vertex -35.0709 26.0708 20.2
    endloop
  endfacet
  facet normal -0 0 1
    outer loop
      vertex -35.0709 26.0708 20.2
      vertex -35 24 20.2
      vertex -34.7853 26.1424 20.2
    endloop
  endfacet
  facet normal 0 0 1
    outer loop
      vertex 35.348 -25.9716 20.2
      vertex 35 -24 20.2
      vertex 35.0709 -26.0708 20.2
    endloop
  endfacet
  facet normal 0 0 1
    outer loop
      vertex 35 -24 20.2
      vertex 34.7853 -26.1424 20.2
      vertex 35.0709 -26.0708 20.2
    endloop
  endfacet
  facet normal 0 0 1
    outer loop
      vertex 35 -24 20.2
      vertex 34.494 -26.1856 20.2
      vertex 34.7853 -26.1424 20.2
    endloop
  endfacet
  facet normal 0 0 1
    outer loop
      vertex 35 -24 20.2
      vertex 34.2 -26.2 20.2
      vertex 34.494 -26.1856 20.2
    endloop
  endfacet
  facet normal 0 0 1
    outer loop
      vertex 35 -24 20.2
      vertex -34.2 -26.2 20.2
      vertex 34.2 -26.2 20.2
    endloop
  endfacet
  facet normal -0 0 1
    outer loop
      vertex -35 -24 20.2
      vertex -34.2 -26.2 20.2
      vertex 35 -24 20.2
    endloop
  endfacet
  facet normal 0 0 1
    outer loop
      vertex -34.2 -26.2 20.2
      vertex -35 -24 20.2
      vertex -34.494 -26.1856 20.2
    endloop
  endfacet
  facet normal 0 0 1
    outer loop
      vertex -34.494 -26.1856 20.2
      vertex -35 -24 20.2
      vertex -34.7853 -26.1424 20.2
    endloop
  endfacet
  facet normal 0 0 1
    outer loop
      vertex -35 -24 20.2
      vertex -35.0709 -26.0708 20.2
      vertex -34.7853 -26.1424 20.2
    endloop
  endfacet
  facet normal 0 0 1
    outer loop
      vertex -35 24 20.2
      vertex -37.2 23.2 20.2
      vertex -35 -24 20.2
    endloop
  endfacet
  facet normal -0 0 1
    outer loop
      vertex -35.6142 25.8458 20.2
      vertex -35 24 20.2
      vertex -35.348 25.9716 20.2
    endloop
  endfacet
  facet normal -0 0 1
    outer loop
      vertex -37.2 -23.2 20.2
      vertex -35 -24 20.2
      vertex -37.2 23.2 20.2
    endloop
  endfacet
  facet normal -0 0 1
    outer loop
      vertex -35.8667 25.6944 20.2
      vertex -35 24 20.2
      vertex -35.6142 25.8458 20.2
    endloop
  endfacet
  facet normal -0 -0 1
    outer loop
      vertex -37.1856 -23.4941 20.2
      vertex -35 -24 20.2
      vertex -37.2 -23.2 20.2
    endloop
  endfacet
  facet normal -0 0 1
    outer loop
      vertex -36.1032 25.519 20.2
      vertex -35 24 20.2
      vertex -35.8667 25.6944 20.2
    endloop
  endfacet
  facet normal 0 0 1
    outer loop
      vertex -35 -24 20.2
      vertex -35.348 -25.9716 20.2
      vertex -35.0709 -26.0708 20.2
    endloop
  endfacet
  facet normal -0 0 1
    outer loop
      vertex -36.3213 25.3213 20.2
      vertex -35 24 20.2
      vertex -36.1032 25.519 20.2
    endloop
  endfacet
  facet normal 0 0 1
    outer loop
      vertex -35 -24 20.2
      vertex -35.6142 -25.8458 20.2
      vertex -35.348 -25.9716 20.2
    endloop
  endfacet
  facet normal -0 0 1
    outer loop
      vertex -36.519 25.1032 20.2
      vertex -35 24 20.2
      vertex -36.3213 25.3213 20.2
    endloop
  endfacet
  facet normal 0 0 1
    outer loop
      vertex -35 -24 20.2
      vertex -35.8667 -25.6944 20.2
      vertex -35.6142 -25.8458 20.2
    endloop
  endfacet
  facet normal -0 0 1
    outer loop
      vertex -36.6944 24.8667 20.2
      vertex -35 24 20.2
      vertex -36.519 25.1032 20.2
    endloop
  endfacet
  facet normal 0 0 1
    outer loop
      vertex -35 -24 20.2
      vertex -36.1032 -25.519 20.2
      vertex -35.8667 -25.6944 20.2
    endloop
  endfacet
  facet normal -0 0 1
    outer loop
      vertex -36.8458 24.6142 20.2
      vertex -35 24 20.2
      vertex -36.6944 24.8667 20.2
    endloop
  endfacet
  facet normal 0 0 1
    outer loop
      vertex -35 -24 20.2
      vertex -36.3213 -25.3213 20.2
      vertex -36.1032 -25.519 20.2
    endloop
  endfacet
  facet normal -0 0 1
    outer loop
      vertex -36.9716 24.348 20.2
      vertex -35 24 20.2
      vertex -36.8458 24.6142 20.2
    endloop
  endfacet
  facet normal 0 0 1
    outer loop
      vertex -35 -24 20.2
      vertex -36.519 -25.1032 20.2
      vertex -36.3213 -25.3213 20.2
    endloop
  endfacet
  facet normal -0 0 1
    outer loop
      vertex -37.0708 24.0709 20.2
      vertex -35 24 20.2
      vertex -36.9716 24.348 20.2
    endloop
  endfacet
  facet normal 0 0 1
    outer loop
      vertex -35 -24 20.2
      vertex -36.6944 -24.8667 20.2
      vertex -36.519 -25.1032 20.2
    endloop
  endfacet
  facet normal 0 0 1
    outer loop
      vertex -37.1424 23.7853 20.2
      vertex -35 24 20.2
      vertex -37.0708 24.0709 20.2
    endloop
  endfacet
  facet normal 0 0 1
    outer loop
      vertex -35 -24 20.2
      vertex -36.8458 -24.6142 20.2
      vertex -36.6944 -24.8667 20.2
    endloop
  endfacet
  facet normal 0 0 1
    outer loop
      vertex -37.1856 23.4941 20.2
      vertex -35 24 20.2
      vertex -37.1424 23.7853 20.2
    endloop
  endfacet
  facet normal 0 0 1
    outer loop
      vertex -35 -24 20.2
      vertex -36.9716 -24.348 20.2
      vertex -36.8458 -24.6142 20.2
    endloop
  endfacet
  facet normal 0 0 1
    outer loop
      vertex -35 24 20.2
      vertex -37.1856 23.4941 20.2
      vertex -37.2 23.2 20.2
    endloop
  endfacet
  facet normal 0 0 1
    outer loop
      vertex -35 -24 20.2
      vertex -37.0708 -24.0709 20.2
      vertex -36.9716 -24.348 20.2
    endloop
  endfacet
  facet normal 0 0 1
    outer loop
      vertex -35 -24 20.2
      vertex -37.1424 -23.7853 20.2
      vertex -37.0708 -24.0709 20.2
    endloop
  endfacet
  facet normal 0 0 1
    outer loop
      vertex -35 -24 20.2
      vertex -37.1856 -23.4941 20.2
      vertex -37.1424 -23.7853 20.2
    endloop
  endfacet
  facet normal -1 0 0
    outer loop
      vertex 35 5.25 10.7
      vertex 35 24 1.71
      vertex 35 5.25 5.7
    endloop
  endfacet
  facet normal -1 0 0
    outer loop
      vertex 35 24 1.71
      vertex 35 -5.25 5.7
      vertex 35 5.25 5.7
    endloop
  endfacet
  facet normal -1 -0 0
    outer loop
      vertex 35 -5.25 5.7
      vertex 35 -24 1.71
      vertex 35 -5.25 10.7
    endloop
  endfacet
  facet normal -1 0 0
    outer loop
      vertex 35 -24 1.71
      vertex 35 -5.25 5.7
      vertex 35 24 1.71
    endloop
  endfacet
  facet normal -1 0 0
    outer loop
      vertex 35 24 1.71
      vertex 35 5.25 10.7
      vertex 35 24 20.2
    endloop
  endfacet
  facet normal -1 0 0
    outer loop
      vertex 35 -5.25 10.7
      vertex 35 24 20.2
      vertex 35 5.25 10.7
    endloop
  endfacet
  facet normal -1 0 0
    outer loop
      vertex 35 -5.25 10.7
      vertex 35 -24 20.2
      vertex 35 24 20.2
    endloop
  endfacet
  facet normal -1 0 0
    outer loop
      vertex 35 -24 20.2
      vertex 35 -5.25 10.7
      vertex 35 -24 1.71
    endloop
  endfacet
  facet normal -0 0 1
    outer loop
      vertex -35 24 1.71
      vertex 35 -24 1.71
      vertex 35 24 1.71
    endloop
  endfacet
  facet normal 0 0 1
    outer loop
      vertex 35 -24 1.71
      vertex -35 24 1.71
      vertex -35 -24 1.71
    endloop
  endfacet
  facet normal 1 -0 0
    outer loop
      vertex -35 9.39235 7.42571
      vertex -35 24 1.71
      vertex -35 24 20.2
    endloop
  endfacet
  facet normal 1 0 0
    outer loop
      vertex -35 24 1.71
      vertex -35 9.48796 6.94504
      vertex -35 9.5 6.7
    endloop
  endfacet
  facet normal 1 0 0
    outer loop
      vertex -35 24 1.71
      vertex -35 9.45196 7.18773
      vertex -35 9.48796 6.94504
    endloop
  endfacet
  facet normal 1 0 0
    outer loop
      vertex -35 24 1.71
      vertex -35 9.39235 7.42571
      vertex -35 9.45196 7.18773
    endloop
  endfacet
  facet normal 1 0 0
    outer loop
      vertex -35 24 20.2
      vertex -35 9.3097 7.65671
      vertex -35 9.39235 7.42571
    endloop
  endfacet
  facet normal 1 0 0
    outer loop
      vertex -35 24 20.2
      vertex -35 9.2048 7.87849
      vertex -35 9.3097 7.65671
    endloop
  endfacet
  facet normal 1 0 0
    outer loop
      vertex -35 24 20.2
      vertex -35 9.07867 8.08893
      vertex -35 9.2048 7.87849
    endloop
  endfacet
  facet normal 1 0 0
    outer loop
      vertex -35 24 20.2
      vertex -35 8.93253 8.28598
      vertex -35 9.07867 8.08893
    endloop
  endfacet
  facet normal 1 0 0
    outer loop
      vertex -35 24 20.2
      vertex -35 8.76777 8.46777
      vertex -35 8.93253 8.28598
    endloop
  endfacet
  facet normal 1 0 0
    outer loop
      vertex -35 24 20.2
      vertex -35 8.58598 8.63253
      vertex -35 8.76777 8.46777
    endloop
  endfacet
  facet normal 1 0 0
    outer loop
      vertex -35 24 20.2
      vertex -35 8.38893 8.77867
      vertex -35 8.58598 8.63253
    endloop
  endfacet
  facet normal 1 0 0
    outer loop
      vertex -35 24 20.2
      vertex -35 8.17849 8.9048
      vertex -35 8.38893 8.77867
    endloop
  endfacet
  facet normal 1 0 0
    outer loop
      vertex -35 24 20.2
      vertex -35 7.95671 9.0097
      vertex -35 8.17849 8.9048
    endloop
  endfacet
  facet normal 1 0 0
    outer loop
      vertex -35 24 20.2
      vertex -35 7.72571 9.09235
      vertex -35 7.95671 9.0097
    endloop
  endfacet
  facet normal 1 0 0
    outer loop
      vertex -35 24 20.2
      vertex -35 7.48773 9.15196
      vertex -35 7.72571 9.09235
    endloop
  endfacet
  facet normal 1 0 0
    outer loop
      vertex -35 24 20.2
      vertex -35 7.24504 9.18796
      vertex -35 7.48773 9.15196
    endloop
  endfacet
  facet normal 1 0 0
    outer loop
      vertex -35 24 20.2
      vertex -35 7 9.2
      vertex -35 7.24504 9.18796
    endloop
  endfacet
  facet normal 1 0 0
    outer loop
      vertex -35 24 20.2
      vertex -35 6.75496 9.18796
      vertex -35 7 9.2
    endloop
  endfacet
  facet normal 1 0 0
    outer loop
      vertex -35 24 20.2
      vertex -35 6.51227 9.15196
      vertex -35 6.75496 9.18796
    endloop
  endfacet
  facet normal 1 0 0
    outer loop
      vertex -35 -6.51227 9.15196
      vertex -35 6.51227 9.15196
      vertex -35 24 20.2
    endloop
  endfacet
  facet normal 1 0 0
    outer loop
      vertex -35 6.51227 9.15196
      vertex -35 -6.51227 9.15196
      vertex -35 6.27429 9.09235
    endloop
  endfacet
  facet normal 1 0 -0
    outer loop
      vertex -35 -6.27429 9.09235
      vertex -35 6.27429 9.09235
      vertex -35 -6.51227 9.15196
    endloop
  endfacet
  facet normal 1 0 0
    outer loop
      vertex -35 6.27429 9.09235
      vertex -35 -6.27429 9.09235
      vertex -35 6.04329 9.0097
    endloop
  endfacet
  facet normal 1 0 0
    outer loop
      vertex -35 4.51204 6.94504
      vertex -35 -4.5 6.7
      vertex -35 4.5 6.7
    endloop
  endfacet
  facet normal 1 0 0
    outer loop
      vertex -35 -4.51204 6.94504
      vertex -35 4.51204 6.94504
      vertex -35 4.54804 7.18773
    endloop
  endfacet
  facet normal 1 0 0
    outer loop
      vertex -35 -4.54804 7.18773
      vertex -35 4.54804 7.18773
      vertex -35 4.60765 7.42571
    endloop
  endfacet
  facet normal 1 0 0
    outer loop
      vertex -35 -4.60765 7.42571
      vertex -35 4.60765 7.42571
      vertex -35 4.6903 7.65671
    endloop
  endfacet
  facet normal 1 0 0
    outer loop
      vertex -35 -4.6903 7.65671
      vertex -35 4.6903 7.65671
      vertex -35 4.7952 7.87849
    endloop
  endfacet
  facet normal 1 0 0
    outer loop
      vertex -35 -4.7952 7.87849
      vertex -35 4.7952 7.87849
      vertex -35 4.92133 8.08893
    endloop
  endfacet
  facet normal 1 0 0
    outer loop
      vertex -35 -4.92133 8.08893
      vertex -35 4.92133 8.08893
      vertex -35 5.06747 8.28598
    endloop
  endfacet
  facet normal 1 0 0
    outer loop
      vertex -35 -5.06747 8.28598
      vertex -35 5.06747 8.28598
      vertex -35 5.23223 8.46777
    endloop
  endfacet
  facet normal 1 0 0
    outer loop
      vertex -35 -5.23223 8.46777
      vertex -35 5.23223 8.46777
      vertex -35 5.41402 8.63253
    endloop
  endfacet
  facet normal 1 0 0
    outer loop
      vertex -35 -5.41402 8.63253
      vertex -35 5.41402 8.63253
      vertex -35 5.61107 8.77867
    endloop
  endfacet
  facet normal 1 0 -0
    outer loop
      vertex -35 -6.04329 9.0097
      vertex -35 6.04329 9.0097
      vertex -35 -6.27429 9.09235
    endloop
  endfacet
  facet normal 1 0 0
    outer loop
      vertex -35 4.51204 6.94504
      vertex -35 -4.51204 6.94504
      vertex -35 -4.5 6.7
    endloop
  endfacet
  facet normal 1 0 0
    outer loop
      vertex -35 4.54804 7.18773
      vertex -35 -4.54804 7.18773
      vertex -35 -4.51204 6.94504
    endloop
  endfacet
  facet normal 1 0 0
    outer loop
      vertex -35 4.60765 7.42571
      vertex -35 -4.60765 7.42571
      vertex -35 -4.54804 7.18773
    endloop
  endfacet
  facet normal 1 0 0
    outer loop
      vertex -35 4.6903 7.65671
      vertex -35 -4.6903 7.65671
      vertex -35 -4.60765 7.42571
    endloop
  endfacet
  facet normal 1 0 0
    outer loop
      vertex -35 4.7952 7.87849
      vertex -35 -4.7952 7.87849
      vertex -35 -4.6903 7.65671
    endloop
  endfacet
  facet normal 1 0 0
    outer loop
      vertex -35 4.92133 8.08893
      vertex -35 -4.92133 8.08893
      vertex -35 -4.7952 7.87849
    endloop
  endfacet
  facet normal 1 0 0
    outer loop
      vertex -35 5.06747 8.28598
      vertex -35 -5.06747 8.28598
      vertex -35 -4.92133 8.08893
    endloop
  endfacet
  facet normal 1 0 0
    outer loop
      vertex -35 5.23223 8.46777
      vertex -35 -5.23223 8.46777
      vertex -35 -5.06747 8.28598
    endloop
  endfacet
  facet normal 1 0 0
    outer loop
      vertex -35 5.41402 8.63253
      vertex -35 -5.41402 8.63253
      vertex -35 -5.23223 8.46777
    endloop
  endfacet
  facet normal 1 0 0
    outer loop
      vertex -35 5.61107 8.77867
      vertex -35 -5.61107 8.77867
      vertex -35 -5.41402 8.63253
    endloop
  endfacet
  facet normal 1 0 0
    outer loop
      vertex -35 5.61107 8.77867
      vertex -35 -5.82151 8.9048
      vertex -35 -5.61107 8.77867
    endloop
  endfacet
  facet normal 1 0 0
    outer loop
      vertex -35 5.82151 8.9048
      vertex -35 -5.82151 8.9048
      vertex -35 5.61107 8.77867
    endloop
  endfacet
  facet normal 1 0 -0
    outer loop
      vertex -35 -5.82151 8.9048
      vertex -35 5.82151 8.9048
      vertex -35 -6.04329 9.0097
    endloop
  endfacet
  facet normal 1 0 0
    outer loop
      vertex -35 6.04329 9.0097
      vertex -35 -6.04329 9.0097
      vertex -35 5.82151 8.9048
    endloop
  endfacet
  facet normal 1 -0 0
    outer loop
      vertex -35 -24 20.2
      vertex -35 -6.51227 9.15196
      vertex -35 24 20.2
    endloop
  endfacet
  facet normal 1 0 0
    outer loop
      vertex -35 -6.51227 9.15196
      vertex -35 -24 20.2
      vertex -35 -6.75496 9.18796
    endloop
  endfacet
  facet normal 1 0 0
    outer loop
      vertex -35 -6.75496 9.18796
      vertex -35 -24 20.2
      vertex -35 -7 9.2
    endloop
  endfacet
  facet normal 1 0 0
    outer loop
      vertex -35 -7 9.2
      vertex -35 -24 20.2
      vertex -35 -7.24504 9.18796
    endloop
  endfacet
  facet normal 1 0 0
    outer loop
      vertex -35 -7.24504 9.18796
      vertex -35 -24 20.2
      vertex -35 -7.48773 9.15196
    endloop
  endfacet
  facet normal 1 0 0
    outer loop
      vertex -35 -9.45196 7.18773
      vertex -35 -24 1.71
      vertex -35 -9.48796 6.94504
    endloop
  endfacet
  facet normal 1 0 0
    outer loop
      vertex -35 -9.39235 7.42571
      vertex -35 -24 1.71
      vertex -35 -9.45196 7.18773
    endloop
  endfacet
  facet normal 1 0 0
    outer loop
      vertex -35 -24 1.71
      vertex -35 -9.39235 7.42571
      vertex -35 -24 20.2
    endloop
  endfacet
  facet normal 1 0 0
    outer loop
      vertex -35 -9.3097 7.65671
      vertex -35 -24 20.2
      vertex -35 -9.39235 7.42571
    endloop
  endfacet
  facet normal 1 0 0
    outer loop
      vertex -35 -9.2048 7.87849
      vertex -35 -24 20.2
      vertex -35 -9.3097 7.65671
    endloop
  endfacet
  facet normal 1 0 0
    outer loop
      vertex -35 -9.07867 8.08893
      vertex -35 -24 20.2
      vertex -35 -9.2048 7.87849
    endloop
  endfacet
  facet normal 1 0 0
    outer loop
      vertex -35 -8.93253 8.28598
      vertex -35 -24 20.2
      vertex -35 -9.07867 8.08893
    endloop
  endfacet
  facet normal 1 0 0
    outer loop
      vertex -35 -8.76777 8.46777
      vertex -35 -24 20.2
      vertex -35 -8.93253 8.28598
    endloop
  endfacet
  facet normal 1 0 0
    outer loop
      vertex -35 -8.58598 8.63253
      vertex -35 -24 20.2
      vertex -35 -8.76777 8.46777
    endloop
  endfacet
  facet normal 1 0 0
    outer loop
      vertex -35 -8.38893 8.77867
      vertex -35 -24 20.2
      vertex -35 -8.58598 8.63253
    endloop
  endfacet
  facet normal 1 0 0
    outer loop
      vertex -35 -8.17849 8.9048
      vertex -35 -24 20.2
      vertex -35 -8.38893 8.77867
    endloop
  endfacet
  facet normal 1 0 0
    outer loop
      vertex -35 -7.95671 9.0097
      vertex -35 -24 20.2
      vertex -35 -8.17849 8.9048
    endloop
  endfacet
  facet normal 1 0 0
    outer loop
      vertex -35 -7.72571 9.09235
      vertex -35 -24 20.2
      vertex -35 -7.95671 9.0097
    endloop
  endfacet
  facet normal 1 0 0
    outer loop
      vertex -35 -7.48773 9.15196
      vertex -35 -24 20.2
      vertex -35 -7.72571 9.09235
    endloop
  endfacet
  facet normal 1 -0 0
    outer loop
      vertex -35 9.48796 6.45496
      vertex -35 24 1.71
      vertex -35 9.5 6.7
    endloop
  endfacet
  facet normal 1 -0 0
    outer loop
      vertex -35 9.45196 6.21227
      vertex -35 24 1.71
      vertex -35 9.48796 6.45496
    endloop
  endfacet
  facet normal 1 -0 0
    outer loop
      vertex -35 9.39235 5.97429
      vertex -35 24 1.71
      vertex -35 9.45196 6.21227
    endloop
  endfacet
  facet normal 1 -0 0
    outer loop
      vertex -35 9.3097 5.74329
      vertex -35 24 1.71
      vertex -35 9.39235 5.97429
    endloop
  endfacet
  facet normal 1 -0 0
    outer loop
      vertex -35 9.2048 5.52151
      vertex -35 24 1.71
      vertex -35 9.3097 5.74329
    endloop
  endfacet
  facet normal 1 -0 0
    outer loop
      vertex -35 9.07867 5.31107
      vertex -35 24 1.71
      vertex -35 9.2048 5.52151
    endloop
  endfacet
  facet normal 1 -0 0
    outer loop
      vertex -35 8.93253 5.11402
      vertex -35 24 1.71
      vertex -35 9.07867 5.31107
    endloop
  endfacet
  facet normal 1 -0 0
    outer loop
      vertex -35 8.76777 4.93223
      vertex -35 24 1.71
      vertex -35 8.93253 5.11402
    endloop
  endfacet
  facet normal 1 -0 0
    outer loop
      vertex -35 8.58598 4.76747
      vertex -35 24 1.71
      vertex -35 8.76777 4.93223
    endloop
  endfacet
  facet normal 1 -0 0
    outer loop
      vertex -35 8.38893 4.62133
      vertex -35 24 1.71
      vertex -35 8.58598 4.76747
    endloop
  endfacet
  facet normal 1 -0 0
    outer loop
      vertex -35 8.17849 4.4952
      vertex -35 24 1.71
      vertex -35 8.38893 4.62133
    endloop
  endfacet
  facet normal 1 -0 0
    outer loop
      vertex -35 7.95671 4.3903
      vertex -35 24 1.71
      vertex -35 8.17849 4.4952
    endloop
  endfacet
  facet normal 1 -0 0
    outer loop
      vertex -35 7.72571 4.30765
      vertex -35 24 1.71
      vertex -35 7.95671 4.3903
    endloop
  endfacet
  facet normal 1 -0 0
    outer loop
      vertex -35 7.48773 4.24804
      vertex -35 24 1.71
      vertex -35 7.72571 4.30765
    endloop
  endfacet
  facet normal 1 -0 0
    outer loop
      vertex -35 7.24504 4.21204
      vertex -35 24 1.71
      vertex -35 7.48773 4.24804
    endloop
  endfacet
  facet normal 1 -0 0
    outer loop
      vertex -35 7 4.2
      vertex -35 24 1.71
      vertex -35 7.24504 4.21204
    endloop
  endfacet
  facet normal 1 0 0
    outer loop
      vertex -35 6.75496 4.21204
      vertex -35 24 1.71
      vertex -35 7 4.2
    endloop
  endfacet
  facet normal 1 -0 0
    outer loop
      vertex -35 -4.5 6.7
      vertex -35 4.51204 6.45496
      vertex -35 4.5 6.7
    endloop
  endfacet
  facet normal 1 0 0
    outer loop
      vertex -35 -4.51204 6.45496
      vertex -35 4.51204 6.45496
      vertex -35 -4.5 6.7
    endloop
  endfacet
  facet normal 1 0 0
    outer loop
      vertex -35 4.51204 6.45496
      vertex -35 -4.51204 6.45496
      vertex -35 4.54804 6.21227
    endloop
  endfacet
  facet normal 1 0 0
    outer loop
      vertex -35 -4.54804 6.21227
      vertex -35 4.54804 6.21227
      vertex -35 -4.51204 6.45496
    endloop
  endfacet
  facet normal 1 0 0
    outer loop
      vertex -35 4.54804 6.21227
      vertex -35 -4.54804 6.21227
      vertex -35 4.60765 5.97429
    endloop
  endfacet
  facet normal 1 0 0
    outer loop
      vertex -35 -4.60765 5.97429
      vertex -35 4.60765 5.97429
      vertex -35 -4.54804 6.21227
    endloop
  endfacet
  facet normal 1 0 0
    outer loop
      vertex -35 4.60765 5.97429
      vertex -35 -4.60765 5.97429
      vertex -35 4.6903 5.74329
    endloop
  endfacet
  facet normal 1 0 0
    outer loop
      vertex -35 -4.6903 5.74329
      vertex -35 4.6903 5.74329
      vertex -35 -4.60765 5.97429
    endloop
  endfacet
  facet normal 1 0 0
    outer loop
      vertex -35 4.6903 5.74329
      vertex -35 -4.6903 5.74329
      vertex -35 4.7952 5.52151
    endloop
  endfacet
  facet normal 1 0 0
    outer loop
      vertex -35 -4.7952 5.52151
      vertex -35 4.7952 5.52151
      vertex -35 -4.6903 5.74329
    endloop
  endfacet
  facet normal 1 0 0
    outer loop
      vertex -35 4.7952 5.52151
      vertex -35 -4.7952 5.52151
      vertex -35 4.92133 5.31107
    endloop
  endfacet
  facet normal 1 0 0
    outer loop
      vertex -35 -4.92133 5.31107
      vertex -35 4.92133 5.31107
      vertex -35 -4.7952 5.52151
    endloop
  endfacet
  facet normal 1 0 0
    outer loop
      vertex -35 4.92133 5.31107
      vertex -35 -4.92133 5.31107
      vertex -35 5.06747 5.11402
    endloop
  endfacet
  facet normal 1 0 0
    outer loop
      vertex -35 -5.06747 5.11402
      vertex -35 5.06747 5.11402
      vertex -35 -4.92133 5.31107
    endloop
  endfacet
  facet normal 1 0 0
    outer loop
      vertex -35 5.06747 5.11402
      vertex -35 -5.06747 5.11402
      vertex -35 5.23223 4.93223
    endloop
  endfacet
  facet normal 1 0 0
    outer loop
      vertex -35 -5.23223 4.93223
      vertex -35 5.23223 4.93223
      vertex -35 -5.06747 5.11402
    endloop
  endfacet
  facet normal 1 0 0
    outer loop
      vertex -35 5.23223 4.93223
      vertex -35 -5.23223 4.93223
      vertex -35 5.41402 4.76747
    endloop
  endfacet
  facet normal 1 0 0
    outer loop
      vertex -35 -5.41402 4.76747
      vertex -35 5.41402 4.76747
      vertex -35 -5.23223 4.93223
    endloop
  endfacet
  facet normal 1 0 0
    outer loop
      vertex -35 5.41402 4.76747
      vertex -35 -5.41402 4.76747
      vertex -35 5.61107 4.62133
    endloop
  endfacet
  facet normal 1 0 0
    outer loop
      vertex -35 -5.61107 4.62133
      vertex -35 5.61107 4.62133
      vertex -35 -5.41402 4.76747
    endloop
  endfacet
  facet normal 1 0 0
    outer loop
      vertex -35 5.61107 4.62133
      vertex -35 -5.61107 4.62133
      vertex -35 5.82151 4.4952
    endloop
  endfacet
  facet normal 1 0 0
    outer loop
      vertex -35 -5.82151 4.4952
      vertex -35 5.82151 4.4952
      vertex -35 -5.61107 4.62133
    endloop
  endfacet
  facet normal 1 0 0
    outer loop
      vertex -35 5.82151 4.4952
      vertex -35 -5.82151 4.4952
      vertex -35 6.04329 4.3903
    endloop
  endfacet
  facet normal 1 0 0
    outer loop
      vertex -35 -6.04329 4.3903
      vertex -35 6.04329 4.3903
      vertex -35 -5.82151 4.4952
    endloop
  endfacet
  facet normal 1 0 0
    outer loop
      vertex -35 6.04329 4.3903
      vertex -35 -6.04329 4.3903
      vertex -35 6.27429 4.30765
    endloop
  endfacet
  facet normal 1 0 0
    outer loop
      vertex -35 -6.27429 4.30765
      vertex -35 6.27429 4.30765
      vertex -35 -6.04329 4.3903
    endloop
  endfacet
  facet normal 1 0 0
    outer loop
      vertex -35 6.27429 4.30765
      vertex -35 -6.27429 4.30765
      vertex -35 6.51227 4.24804
    endloop
  endfacet
  facet normal 1 0 0
    outer loop
      vertex -35 -6.51227 4.24804
      vertex -35 6.51227 4.24804
      vertex -35 -6.27429 4.30765
    endloop
  endfacet
  facet normal 1 0 0
    outer loop
      vertex -35 6.51227 4.24804
      vertex -35 -6.51227 4.24804
      vertex -35 6.75496 4.21204
    endloop
  endfacet
  facet normal 1 0 0
    outer loop
      vertex -35 -6.75496 4.21204
      vertex -35 6.75496 4.21204
      vertex -35 -6.51227 4.24804
    endloop
  endfacet
  facet normal 1 0 0
    outer loop
      vertex -35 6.75496 4.21204
      vertex -35 -6.75496 4.21204
      vertex -35 24 1.71
    endloop
  endfacet
  facet normal 1 0 0
    outer loop
      vertex -35 -24 1.71
      vertex -35 -6.75496 4.21204
      vertex -35 -7 4.2
    endloop
  endfacet
  facet normal 1 0 0
    outer loop
      vertex -35 -24 1.71
      vertex -35 -7 4.2
      vertex -35 -7.24504 4.21204
    endloop
  endfacet
  facet normal 1 0 0
    outer loop
      vertex -35 -9.48796 6.94504
      vertex -35 -24 1.71
      vertex -35 -9.5 6.7
    endloop
  endfacet
  facet normal 1 0 0
    outer loop
      vertex -35 -9.5 6.7
      vertex -35 -24 1.71
      vertex -35 -9.48796 6.45496
    endloop
  endfacet
  facet normal 1 0 0
    outer loop
      vertex -35 -9.48796 6.45496
      vertex -35 -24 1.71
      vertex -35 -9.45196 6.21227
    endloop
  endfacet
  facet normal 1 0 0
    outer loop
      vertex -35 -9.45196 6.21227
      vertex -35 -24 1.71
      vertex -35 -9.39235 5.97429
    endloop
  endfacet
  facet normal 1 0 0
    outer loop
      vertex -35 -9.39235 5.97429
      vertex -35 -24 1.71
      vertex -35 -9.3097 5.74329
    endloop
  endfacet
  facet normal 1 0 0
    outer loop
      vertex -35 -9.3097 5.74329
      vertex -35 -24 1.71
      vertex -35 -9.2048 5.52151
    endloop
  endfacet
  facet normal 1 0 0
    outer loop
      vertex -35 -9.2048 5.52151
      vertex -35 -24 1.71
      vertex -35 -9.07867 5.31107
    endloop
  endfacet
  facet normal 1 0 0
    outer loop
      vertex -35 -9.07867 5.31107
      vertex -35 -24 1.71
      vertex -35 -8.93253 5.11402
    endloop
  endfacet
  facet normal 1 0 0
    outer loop
      vertex -35 -6.75496 4.21204
      vertex -35 -24 1.71
      vertex -35 24 1.71
    endloop
  endfacet
  facet normal 1 0 0
    outer loop
      vertex -35 -7.48773 4.24804
      vertex -35 -24 1.71
      vertex -35 -7.24504 4.21204
    endloop
  endfacet
  facet normal 1 0 0
    outer loop
      vertex -35 -7.72571 4.30765
      vertex -35 -24 1.71
      vertex -35 -7.48773 4.24804
    endloop
  endfacet
  facet normal 1 0 0
    outer loop
      vertex -35 -7.95671 4.3903
      vertex -35 -24 1.71
      vertex -35 -7.72571 4.30765
    endloop
  endfacet
  facet normal 1 0 0
    outer loop
      vertex -35 -8.17849 4.4952
      vertex -35 -24 1.71
      vertex -35 -7.95671 4.3903
    endloop
  endfacet
  facet normal 1 0 0
    outer loop
      vertex -35 -8.38893 4.62133
      vertex -35 -24 1.71
      vertex -35 -8.17849 4.4952
    endloop
  endfacet
  facet normal 1 0 0
    outer loop
      vertex -35 -8.58598 4.76747
      vertex -35 -24 1.71
      vertex -35 -8.38893 4.62133
    endloop
  endfacet
  facet normal 1 0 0
    outer loop
      vertex -35 -8.76777 4.93223
      vertex -35 -24 1.71
      vertex -35 -8.58598 4.76747
    endloop
  endfacet
  facet normal 1 0 0
    outer loop
      vertex -35 -8.93253 5.11402
      vertex -35 -24 1.71
      vertex -35 -8.76777 4.93223
    endloop
  endfacet
  facet normal 0 -1 0
    outer loop
      vertex -35 24 1.71
      vertex 35 24 20.2
      vertex -35 24 20.2
    endloop
  endfacet
  facet normal 0 -1 -0
    outer loop
      vertex 35 24 20.2
      vertex -35 24 1.71
      vertex 35 24 1.71
    endloop
  endfacet
  facet normal 0 1 -0
    outer loop
      vertex 35 -24 1.71
      vertex -35 -24 20.2
      vertex 35 -24 20.2
    endloop
  endfacet
  facet normal 0 1 0
    outer loop
      vertex -35 -24 20.2
      vertex 35 -24 1.71
      vertex -35 -24 1.71
    endloop
  endfacet
  facet normal 0 0 -1
    outer loop
      vertex 35 -5.25 10.7
      vertex 37.2 5.25 10.7
      vertex 37.2 -5.25 10.7
    endloop
  endfacet
  facet normal -0 0 -1
    outer loop
      vertex 37.2 5.25 10.7
      vertex 35 -5.25 10.7
      vertex 35 5.25 10.7
    endloop
  endfacet
  facet normal -0 0 1
    outer loop
      vertex 35 5.25 5.7
      vertex 37.2 -5.25 5.7
      vertex 37.2 5.25 5.7
    endloop
  endfacet
  facet normal 0 0 1
    outer loop
      vertex 37.2 -5.25 5.7
      vertex 35 5.25 5.7
      vertex 35 -5.25 5.7
    endloop
  endfacet
  facet normal 0 -1 0
    outer loop
      vertex 35 5.25 5.7
      vertex 37.2 5.25 10.7
      vertex 35 5.25 10.7
    endloop
  endfacet
  facet normal 0 -1 -0
    outer loop
      vertex 37.2 5.25 10.7
      vertex 35 5.25 5.7
      vertex 37.2 5.25 5.7
    endloop
  endfacet
  facet normal 0 1 -0
    outer loop
      vertex 37.2 -5.25 5.7
      vertex 35 -5.25 10.7
      vertex 37.2 -5.25 10.7
    endloop
  endfacet
  facet normal 0 1 0
    outer loop
      vertex 35 -5.25 10.7
      vertex 37.2 -5.25 5.7
      vertex 35 -5.25 5.7
    endloop
  endfacet
  facet normal 0.989145 0.146942 0
    outer loop
      vertex 32.0851 18.3039 19.2
      vertex 32.0404 18.6048 2.2
      vertex 32.0404 18.6048 19.2
    endloop
  endfacet
  facet normal 0.989145 0.146942 0
    outer loop
      vertex 32.0404 18.6048 2.2
      vertex 32.0851 18.3039 19.2
      vertex 32.0851 18.3039 2.2
    endloop
  endfacet
  facet normal 0.9988 0.0489705 0
    outer loop
      vertex 32.1 18 19.2
      vertex 32.0851 18.3039 2.2
      vertex 32.0851 18.3039 19.2
    endloop
  endfacet
  facet normal 0.9988 0.0489705 0
    outer loop
      vertex 32.0851 18.3039 2.2
      vertex 32.1 18 19.2
      vertex 32.1 18 2.2
    endloop
  endfacet
  facet normal 0.970046 0.242922 0
    outer loop
      vertex 32.0404 18.6048 19.2
      vertex 31.9665 18.8999 2.2
      vertex 31.9665 18.8999 19.2
    endloop
  endfacet
  facet normal 0.970046 0.242922 0
    outer loop
      vertex 31.9665 18.8999 2.2
      vertex 32.0404 18.6048 19.2
      vertex 32.0404 18.6048 2.2
    endloop
  endfacet
  facet normal 0.803027 -0.595943 0
    outer loop
      vertex 31.3963 16.0334 19.2
      vertex 31.5776 16.2777 2.2
      vertex 31.5776 16.2777 19.2
    endloop
  endfacet
  facet normal 0.803027 -0.595943 0
    outer loop
      vertex 31.5776 16.2777 2.2
      vertex 31.3963 16.0334 19.2
      vertex 31.3963 16.0334 2.2
    endloop
  endfacet
  facet normal 0.0489705 -0.9988 0
    outer loop
      vertex 29 14.9 2.2
      vertex 29.3039 14.9149 19.2
      vertex 29 14.9 19.2
    endloop
  endfacet
  facet normal 0.0489705 -0.9988 0
    outer loop
      vertex 29.3039 14.9149 19.2
      vertex 29 14.9 2.2
      vertex 29.3039 14.9149 2.2
    endloop
  endfacet
  facet normal 0.514012 -0.857783 0
    outer loop
      vertex 30.4613 15.266 2.2
      vertex 30.7223 15.4224 19.2
      vertex 30.4613 15.266 19.2
    endloop
  endfacet
  facet normal 0.514012 -0.857783 0
    outer loop
      vertex 30.7223 15.4224 19.2
      vertex 30.4613 15.266 2.2
      vertex 30.7223 15.4224 2.2
    endloop
  endfacet
  facet normal -0.42738 0.904072 0
    outer loop
      vertex 27.8137 20.864 2.2
      vertex 27.5387 20.734 19.2
      vertex 27.8137 20.864 19.2
    endloop
  endfacet
  facet normal -0.42738 0.904072 0
    outer loop
      vertex 27.5387 20.734 19.2
      vertex 27.8137 20.864 2.2
      vertex 27.5387 20.734 2.2
    endloop
  endfacet
  facet normal 0.514012 0.857783 -0
    outer loop
      vertex 30.7223 20.5776 2.2
      vertex 30.4613 20.734 19.2
      vertex 30.7223 20.5776 19.2
    endloop
  endfacet
  facet normal 0.514012 0.857783 0
    outer loop
      vertex 30.4613 20.734 19.2
      vertex 30.7223 20.5776 2.2
      vertex 30.4613 20.734 2.2
    endloop
  endfacet
  facet normal -0.0489705 0.9988 0
    outer loop
      vertex 29 21.1 2.2
      vertex 28.6961 21.0851 19.2
      vertex 29 21.1 19.2
    endloop
  endfacet
  facet normal -0.0489705 0.9988 0
    outer loop
      vertex 28.6961 21.0851 19.2
      vertex 29 21.1 2.2
      vertex 28.6961 21.0851 2.2
    endloop
  endfacet
  facet normal -0.803027 -0.595943 0
    outer loop
      vertex 26.6037 16.0334 2.2
      vertex 26.4224 16.2777 19.2
      vertex 26.4224 16.2777 2.2
    endloop
  endfacet
  facet normal -0.803027 -0.595943 0
    outer loop
      vertex 26.4224 16.2777 19.2
      vertex 26.6037 16.0334 2.2
      vertex 26.6037 16.0334 19.2
    endloop
  endfacet
  facet normal 0.941519 0.336961 0
    outer loop
      vertex 31.9665 18.8999 19.2
      vertex 31.864 19.1863 2.2
      vertex 31.864 19.1863 19.2
    endloop
  endfacet
  facet normal 0.941519 0.336961 0
    outer loop
      vertex 31.864 19.1863 2.2
      vertex 31.9665 18.8999 19.2
      vertex 31.9665 18.8999 2.2
    endloop
  endfacet
  facet normal 0.941519 -0.336961 0
    outer loop
      vertex 31.864 16.8137 19.2
      vertex 31.9665 17.1001 2.2
      vertex 31.9665 17.1001 19.2
    endloop
  endfacet
  facet normal 0.941519 -0.336961 0
    outer loop
      vertex 31.9665 17.1001 2.2
      vertex 31.864 16.8137 19.2
      vertex 31.864 16.8137 2.2
    endloop
  endfacet
  facet normal -0.857783 -0.514012 0
    outer loop
      vertex 26.4224 16.2777 2.2
      vertex 26.266 16.5387 19.2
      vertex 26.266 16.5387 2.2
    endloop
  endfacet
  facet normal -0.857783 -0.514012 0
    outer loop
      vertex 26.266 16.5387 19.2
      vertex 26.4224 16.2777 2.2
      vertex 26.4224 16.2777 19.2
    endloop
  endfacet
  facet normal 0.242922 -0.970046 0
    outer loop
      vertex 29.6048 14.9596 2.2
      vertex 29.8999 15.0335 19.2
      vertex 29.6048 14.9596 19.2
    endloop
  endfacet
  facet normal 0.242922 -0.970046 0
    outer loop
      vertex 29.8999 15.0335 19.2
      vertex 29.6048 14.9596 2.2
      vertex 29.8999 15.0335 2.2
    endloop
  endfacet
  facet normal 0.9988 -0.0489705 0
    outer loop
      vertex 32.0851 17.6961 19.2
      vertex 32.1 18 2.2
      vertex 32.1 18 19.2
    endloop
  endfacet
  facet normal 0.9988 -0.0489705 0
    outer loop
      vertex 32.1 18 2.2
      vertex 32.0851 17.6961 19.2
      vertex 32.0851 17.6961 2.2
    endloop
  endfacet
  facet normal -0.595943 -0.803027 0
    outer loop
      vertex 27.0334 15.6037 2.2
      vertex 27.2777 15.4224 19.2
      vertex 27.0334 15.6037 19.2
    endloop
  endfacet
  facet normal -0.595943 -0.803027 -0
    outer loop
      vertex 27.2777 15.4224 19.2
      vertex 27.0334 15.6037 2.2
      vertex 27.2777 15.4224 2.2
    endloop
  endfacet
  facet normal -0.989145 -0.146942 0
    outer loop
      vertex 25.9596 17.3952 2.2
      vertex 25.9149 17.6961 19.2
      vertex 25.9149 17.6961 2.2
    endloop
  endfacet
  facet normal -0.989145 -0.146942 0
    outer loop
      vertex 25.9149 17.6961 19.2
      vertex 25.9596 17.3952 2.2
      vertex 25.9596 17.3952 19.2
    endloop
  endfacet
  facet normal -0.595943 0.803027 0
    outer loop
      vertex 27.2777 20.5776 2.2
      vertex 27.0334 20.3963 19.2
      vertex 27.2777 20.5776 19.2
    endloop
  endfacet
  facet normal -0.595943 0.803027 0
    outer loop
      vertex 27.0334 20.3963 19.2
      vertex 27.2777 20.5776 2.2
      vertex 27.0334 20.3963 2.2
    endloop
  endfacet
  facet normal 0.595943 0.803027 -0
    outer loop
      vertex 30.9666 20.3963 2.2
      vertex 30.7223 20.5776 19.2
      vertex 30.9666 20.3963 19.2
    endloop
  endfacet
  facet normal 0.595943 0.803027 0
    outer loop
      vertex 30.7223 20.5776 19.2
      vertex 30.9666 20.3963 2.2
      vertex 30.7223 20.5776 2.2
    endloop
  endfacet
  facet normal 0.740936 -0.671576 0
    outer loop
      vertex 31.192 15.808 19.2
      vertex 31.3963 16.0334 2.2
      vertex 31.3963 16.0334 19.2
    endloop
  endfacet
  facet normal 0.740936 -0.671576 0
    outer loop
      vertex 31.3963 16.0334 2.2
      vertex 31.192 15.808 19.2
      vertex 31.192 15.808 2.2
    endloop
  endfacet
  facet normal -0.941519 -0.336961 0
    outer loop
      vertex 26.136 16.8137 2.2
      vertex 26.0335 17.1001 19.2
      vertex 26.0335 17.1001 2.2
    endloop
  endfacet
  facet normal -0.941519 -0.336961 0
    outer loop
      vertex 26.0335 17.1001 19.2
      vertex 26.136 16.8137 2.2
      vertex 26.136 16.8137 19.2
    endloop
  endfacet
  facet normal 0.989145 -0.146942 0
    outer loop
      vertex 32.0404 17.3952 19.2
      vertex 32.0851 17.6961 2.2
      vertex 32.0851 17.6961 19.2
    endloop
  endfacet
  facet normal 0.989145 -0.146942 0
    outer loop
      vertex 32.0851 17.6961 2.2
      vertex 32.0404 17.3952 19.2
      vertex 32.0404 17.3952 2.2
    endloop
  endfacet
  facet normal -0.857783 0.514012 0
    outer loop
      vertex 26.266 19.4613 2.2
      vertex 26.4224 19.7223 19.2
      vertex 26.4224 19.7223 2.2
    endloop
  endfacet
  facet normal -0.857783 0.514012 0
    outer loop
      vertex 26.4224 19.7223 19.2
      vertex 26.266 19.4613 2.2
      vertex 26.266 19.4613 19.2
    endloop
  endfacet
  facet normal 0.970046 -0.242922 0
    outer loop
      vertex 31.9665 17.1001 19.2
      vertex 32.0404 17.3952 2.2
      vertex 32.0404 17.3952 19.2
    endloop
  endfacet
  facet normal 0.970046 -0.242922 0
    outer loop
      vertex 32.0404 17.3952 2.2
      vertex 31.9665 17.1001 19.2
      vertex 31.9665 17.1001 2.2
    endloop
  endfacet
  facet normal 0.42738 -0.904072 0
    outer loop
      vertex 30.1863 15.136 2.2
      vertex 30.4613 15.266 19.2
      vertex 30.1863 15.136 19.2
    endloop
  endfacet
  facet normal 0.42738 -0.904072 0
    outer loop
      vertex 30.4613 15.266 19.2
      vertex 30.1863 15.136 2.2
      vertex 30.4613 15.266 2.2
    endloop
  endfacet
  facet normal 0 0 1
    outer loop
      vertex 30.3 18 19.2
      vertex 32.1 18 19.2
      vertex 32.0851 18.3039 19.2
    endloop
  endfacet
  facet normal 0 0 1
    outer loop
      vertex 30.2937 18.1274 19.2
      vertex 32.0851 18.3039 19.2
      vertex 32.0404 18.6048 19.2
    endloop
  endfacet
  facet normal 0 0 1
    outer loop
      vertex 32.1 18 19.2
      vertex 30.3 18 19.2
      vertex 32.0851 17.6961 19.2
    endloop
  endfacet
  facet normal 0 0 1
    outer loop
      vertex 30.275 18.2536 19.2
      vertex 32.0404 18.6048 19.2
      vertex 31.9665 18.8999 19.2
    endloop
  endfacet
  facet normal -0 0 1
    outer loop
      vertex 30.2937 17.8726 19.2
      vertex 32.0851 17.6961 19.2
      vertex 30.3 18 19.2
    endloop
  endfacet
  facet normal 0 0 1
    outer loop
      vertex 30.244 18.3774 19.2
      vertex 31.9665 18.8999 19.2
      vertex 31.864 19.1863 19.2
    endloop
  endfacet
  facet normal 0 0 1
    outer loop
      vertex 32.0851 17.6961 19.2
      vertex 30.2937 17.8726 19.2
      vertex 32.0404 17.3952 19.2
    endloop
  endfacet
  facet normal 0 0 1
    outer loop
      vertex 30.201 18.4975 19.2
      vertex 31.864 19.1863 19.2
      vertex 31.734 19.4613 19.2
    endloop
  endfacet
  facet normal -0 0 1
    outer loop
      vertex 30.275 17.7464 19.2
      vertex 32.0404 17.3952 19.2
      vertex 30.2937 17.8726 19.2
    endloop
  endfacet
  facet normal 0 0 1
    outer loop
      vertex 30.1465 18.6128 19.2
      vertex 31.734 19.4613 19.2
      vertex 31.5776 19.7223 19.2
    endloop
  endfacet
  facet normal 0 0 1
    outer loop
      vertex 32.0404 17.3952 19.2
      vertex 30.275 17.7464 19.2
      vertex 31.9665 17.1001 19.2
    endloop
  endfacet
  facet normal 0 0 1
    outer loop
      vertex 30.0809 18.7222 19.2
      vertex 31.5776 19.7223 19.2
      vertex 31.3963 19.9666 19.2
    endloop
  endfacet
  facet normal -0 0 1
    outer loop
      vertex 30.244 17.6226 19.2
      vertex 31.9665 17.1001 19.2
      vertex 30.275 17.7464 19.2
    endloop
  endfacet
  facet normal 0 0 1
    outer loop
      vertex 30.0049 18.8247 19.2
      vertex 31.3963 19.9666 19.2
      vertex 31.192 20.192 19.2
    endloop
  endfacet
  facet normal 0 0 1
    outer loop
      vertex 31.9665 17.1001 19.2
      vertex 30.244 17.6226 19.2
      vertex 31.864 16.8137 19.2
    endloop
  endfacet
  facet normal 0 0 1
    outer loop
      vertex 29.9192 18.9192 19.2
      vertex 31.192 20.192 19.2
      vertex 30.9666 20.3963 19.2
    endloop
  endfacet
  facet normal -0 0 1
    outer loop
      vertex 30.201 17.5025 19.2
      vertex 31.864 16.8137 19.2
      vertex 30.244 17.6226 19.2
    endloop
  endfacet
  facet normal 0 0 1
    outer loop
      vertex 29.8247 19.0049 19.2
      vertex 30.9666 20.3963 19.2
      vertex 30.7223 20.5776 19.2
    endloop
  endfacet
  facet normal 0 0 1
    outer loop
      vertex 31.864 16.8137 19.2
      vertex 30.201 17.5025 19.2
      vertex 31.734 16.5387 19.2
    endloop
  endfacet
  facet normal 0 0 1
    outer loop
      vertex 29.7222 19.0809 19.2
      vertex 30.7223 20.5776 19.2
      vertex 30.4613 20.734 19.2
    endloop
  endfacet
  facet normal -0 0 1
    outer loop
      vertex 30.1465 17.3872 19.2
      vertex 31.734 16.5387 19.2
      vertex 30.201 17.5025 19.2
    endloop
  endfacet
  facet normal 0 0 1
    outer loop
      vertex 31.734 16.5387 19.2
      vertex 30.1465 17.3872 19.2
      vertex 31.5776 16.2777 19.2
    endloop
  endfacet
  facet normal 0 0 1
    outer loop
      vertex 32.0851 18.3039 19.2
      vertex 30.2937 18.1274 19.2
      vertex 30.3 18 19.2
    endloop
  endfacet
  facet normal 0 0 1
    outer loop
      vertex 32.0404 18.6048 19.2
      vertex 30.275 18.2536 19.2
      vertex 30.2937 18.1274 19.2
    endloop
  endfacet
  facet normal 0 0 1
    outer loop
      vertex 31.9665 18.8999 19.2
      vertex 30.244 18.3774 19.2
      vertex 30.275 18.2536 19.2
    endloop
  endfacet
  facet normal 0 0 1
    outer loop
      vertex 31.864 19.1863 19.2
      vertex 30.201 18.4975 19.2
      vertex 30.244 18.3774 19.2
    endloop
  endfacet
  facet normal 0 0 1
    outer loop
      vertex 29.6128 19.1465 19.2
      vertex 30.4613 20.734 19.2
      vertex 30.1863 20.864 19.2
    endloop
  endfacet
  facet normal 0 0 1
    outer loop
      vertex 31.734 19.4613 19.2
      vertex 30.1465 18.6128 19.2
      vertex 30.201 18.4975 19.2
    endloop
  endfacet
  facet normal 0 0 1
    outer loop
      vertex 31.5776 19.7223 19.2
      vertex 30.0809 18.7222 19.2
      vertex 30.1465 18.6128 19.2
    endloop
  endfacet
  facet normal 0 0 1
    outer loop
      vertex 31.3963 19.9666 19.2
      vertex 30.0049 18.8247 19.2
      vertex 30.0809 18.7222 19.2
    endloop
  endfacet
  facet normal 0 0 1
    outer loop
      vertex 31.192 20.192 19.2
      vertex 29.9192 18.9192 19.2
      vertex 30.0049 18.8247 19.2
    endloop
  endfacet
  facet normal 0 0 1
    outer loop
      vertex 29.4975 19.201 19.2
      vertex 30.1863 20.864 19.2
      vertex 29.8999 20.9665 19.2
    endloop
  endfacet
  facet normal 0 0 1
    outer loop
      vertex 30.9666 20.3963 19.2
      vertex 29.8247 19.0049 19.2
      vertex 29.9192 18.9192 19.2
    endloop
  endfacet
  facet normal 0 0 1
    outer loop
      vertex 30.7223 20.5776 19.2
      vertex 29.7222 19.0809 19.2
      vertex 29.8247 19.0049 19.2
    endloop
  endfacet
  facet normal 0 0 1
    outer loop
      vertex 30.4613 20.734 19.2
      vertex 29.6128 19.1465 19.2
      vertex 29.7222 19.0809 19.2
    endloop
  endfacet
  facet normal 0 0 1
    outer loop
      vertex 29.3774 19.244 19.2
      vertex 29.8999 20.9665 19.2
      vertex 29.6048 21.0404 19.2
    endloop
  endfacet
  facet normal 0 0 1
    outer loop
      vertex 30.1863 20.864 19.2
      vertex 29.4975 19.201 19.2
      vertex 29.6128 19.1465 19.2
    endloop
  endfacet
  facet normal 0 0 1
    outer loop
      vertex 29.8999 20.9665 19.2
      vertex 29.3774 19.244 19.2
      vertex 29.4975 19.201 19.2
    endloop
  endfacet
  facet normal 0 0 1
    outer loop
      vertex 29.2536 19.275 19.2
      vertex 29.6048 21.0404 19.2
      vertex 29.3039 21.0851 19.2
    endloop
  endfacet
  facet normal 0 0 1
    outer loop
      vertex 29.6048 21.0404 19.2
      vertex 29.2536 19.275 19.2
      vertex 29.3774 19.244 19.2
    endloop
  endfacet
  facet normal 0 0 1
    outer loop
      vertex 29.3039 21.0851 19.2
      vertex 29.1274 19.2937 19.2
      vertex 29.2536 19.275 19.2
    endloop
  endfacet
  facet normal 0 0 1
    outer loop
      vertex 29 21.1 19.2
      vertex 29.1274 19.2937 19.2
      vertex 29.3039 21.0851 19.2
    endloop
  endfacet
  facet normal 0 0 1
    outer loop
      vertex 29 21.1 19.2
      vertex 29 19.3 19.2
      vertex 29.1274 19.2937 19.2
    endloop
  endfacet
  facet normal 0 0 1
    outer loop
      vertex 29 21.1 19.2
      vertex 28.8726 19.2937 19.2
      vertex 29 19.3 19.2
    endloop
  endfacet
  facet normal -0 0 1
    outer loop
      vertex 28.6961 21.0851 19.2
      vertex 28.8726 19.2937 19.2
      vertex 29 21.1 19.2
    endloop
  endfacet
  facet normal 0 0 1
    outer loop
      vertex 28.8726 19.2937 19.2
      vertex 28.6961 21.0851 19.2
      vertex 28.7464 19.275 19.2
    endloop
  endfacet
  facet normal -0 0 1
    outer loop
      vertex 28.3952 21.0404 19.2
      vertex 28.7464 19.275 19.2
      vertex 28.6961 21.0851 19.2
    endloop
  endfacet
  facet normal 0 0 1
    outer loop
      vertex 28.7464 19.275 19.2
      vertex 28.3952 21.0404 19.2
      vertex 28.6226 19.244 19.2
    endloop
  endfacet
  facet normal -0 0 1
    outer loop
      vertex 28.1001 20.9665 19.2
      vertex 28.6226 19.244 19.2
      vertex 28.3952 21.0404 19.2
    endloop
  endfacet
  facet normal 0 0 1
    outer loop
      vertex 28.6226 19.244 19.2
      vertex 28.1001 20.9665 19.2
      vertex 28.5025 19.201 19.2
    endloop
  endfacet
  facet normal -0 0 1
    outer loop
      vertex 27.8137 20.864 19.2
      vertex 28.5025 19.201 19.2
      vertex 28.1001 20.9665 19.2
    endloop
  endfacet
  facet normal 0 0 1
    outer loop
      vertex 28.5025 19.201 19.2
      vertex 27.8137 20.864 19.2
      vertex 28.3872 19.1465 19.2
    endloop
  endfacet
  facet normal -0 0 1
    outer loop
      vertex 27.5387 20.734 19.2
      vertex 28.3872 19.1465 19.2
      vertex 27.8137 20.864 19.2
    endloop
  endfacet
  facet normal 0 0 1
    outer loop
      vertex 28.3872 19.1465 19.2
      vertex 27.5387 20.734 19.2
      vertex 28.2778 19.0809 19.2
    endloop
  endfacet
  facet normal -0 0 1
    outer loop
      vertex 27.2777 20.5776 19.2
      vertex 28.2778 19.0809 19.2
      vertex 27.5387 20.734 19.2
    endloop
  endfacet
  facet normal 0 0 1
    outer loop
      vertex 28.2778 19.0809 19.2
      vertex 27.2777 20.5776 19.2
      vertex 28.1753 19.0049 19.2
    endloop
  endfacet
  facet normal -0 0 1
    outer loop
      vertex 27.0334 20.3963 19.2
      vertex 28.1753 19.0049 19.2
      vertex 27.2777 20.5776 19.2
    endloop
  endfacet
  facet normal 0 0 1
    outer loop
      vertex 28.1753 19.0049 19.2
      vertex 27.0334 20.3963 19.2
      vertex 28.0808 18.9192 19.2
    endloop
  endfacet
  facet normal -0 0 1
    outer loop
      vertex 26.808 20.192 19.2
      vertex 28.0808 18.9192 19.2
      vertex 27.0334 20.3963 19.2
    endloop
  endfacet
  facet normal 0 0 1
    outer loop
      vertex 28.0808 18.9192 19.2
      vertex 26.808 20.192 19.2
      vertex 27.9951 18.8247 19.2
    endloop
  endfacet
  facet normal -0 0 1
    outer loop
      vertex 26.6037 19.9666 19.2
      vertex 27.9951 18.8247 19.2
      vertex 26.808 20.192 19.2
    endloop
  endfacet
  facet normal 0 0 1
    outer loop
      vertex 27.9951 18.8247 19.2
      vertex 26.6037 19.9666 19.2
      vertex 27.9191 18.7222 19.2
    endloop
  endfacet
  facet normal -0 0 1
    outer loop
      vertex 26.4224 19.7223 19.2
      vertex 27.9191 18.7222 19.2
      vertex 26.6037 19.9666 19.2
    endloop
  endfacet
  facet normal 0 0 1
    outer loop
      vertex 27.9191 18.7222 19.2
      vertex 26.4224 19.7223 19.2
      vertex 27.8535 18.6128 19.2
    endloop
  endfacet
  facet normal -0 0 1
    outer loop
      vertex 30.0809 17.2778 19.2
      vertex 31.5776 16.2777 19.2
      vertex 30.1465 17.3872 19.2
    endloop
  endfacet
  facet normal 0 0 1
    outer loop
      vertex 31.5776 16.2777 19.2
      vertex 30.0809 17.2778 19.2
      vertex 31.3963 16.0334 19.2
    endloop
  endfacet
  facet normal -0 0 1
    outer loop
      vertex 30.0049 17.1753 19.2
      vertex 31.3963 16.0334 19.2
      vertex 30.0809 17.2778 19.2
    endloop
  endfacet
  facet normal 0 0 1
    outer loop
      vertex 31.3963 16.0334 19.2
      vertex 30.0049 17.1753 19.2
      vertex 31.192 15.808 19.2
    endloop
  endfacet
  facet normal -0 0 1
    outer loop
      vertex 29.9192 17.0808 19.2
      vertex 31.192 15.808 19.2
      vertex 30.0049 17.1753 19.2
    endloop
  endfacet
  facet normal 0 0 1
    outer loop
      vertex 31.192 15.808 19.2
      vertex 29.9192 17.0808 19.2
      vertex 30.9666 15.6037 19.2
    endloop
  endfacet
  facet normal -0 0 1
    outer loop
      vertex 29.8247 16.9951 19.2
      vertex 30.9666 15.6037 19.2
      vertex 29.9192 17.0808 19.2
    endloop
  endfacet
  facet normal 0 0 1
    outer loop
      vertex 30.9666 15.6037 19.2
      vertex 29.8247 16.9951 19.2
      vertex 30.7223 15.4224 19.2
    endloop
  endfacet
  facet normal -0 0 1
    outer loop
      vertex 29.7222 16.9191 19.2
      vertex 30.7223 15.4224 19.2
      vertex 29.8247 16.9951 19.2
    endloop
  endfacet
  facet normal 0 0 1
    outer loop
      vertex 30.7223 15.4224 19.2
      vertex 29.7222 16.9191 19.2
      vertex 30.4613 15.266 19.2
    endloop
  endfacet
  facet normal -0 0 1
    outer loop
      vertex 29.6128 16.8535 19.2
      vertex 30.4613 15.266 19.2
      vertex 29.7222 16.9191 19.2
    endloop
  endfacet
  facet normal 0 0 1
    outer loop
      vertex 30.4613 15.266 19.2
      vertex 29.6128 16.8535 19.2
      vertex 30.1863 15.136 19.2
    endloop
  endfacet
  facet normal -0 0 1
    outer loop
      vertex 29.4975 16.799 19.2
      vertex 30.1863 15.136 19.2
      vertex 29.6128 16.8535 19.2
    endloop
  endfacet
  facet normal 0 0 1
    outer loop
      vertex 30.1863 15.136 19.2
      vertex 29.4975 16.799 19.2
      vertex 29.8999 15.0335 19.2
    endloop
  endfacet
  facet normal -0 0 1
    outer loop
      vertex 29.3774 16.756 19.2
      vertex 29.8999 15.0335 19.2
      vertex 29.4975 16.799 19.2
    endloop
  endfacet
  facet normal 0 0 1
    outer loop
      vertex 29.8999 15.0335 19.2
      vertex 29.3774 16.756 19.2
      vertex 29.6048 14.9596 19.2
    endloop
  endfacet
  facet normal -0 0 1
    outer loop
      vertex 29.2536 16.725 19.2
      vertex 29.6048 14.9596 19.2
      vertex 29.3774 16.756 19.2
    endloop
  endfacet
  facet normal 0 0 1
    outer loop
      vertex 29.6048 14.9596 19.2
      vertex 29.2536 16.725 19.2
      vertex 29.3039 14.9149 19.2
    endloop
  endfacet
  facet normal -0 0 1
    outer loop
      vertex 29.1274 16.7063 19.2
      vertex 29.3039 14.9149 19.2
      vertex 29.2536 16.725 19.2
    endloop
  endfacet
  facet normal -0 0 1
    outer loop
      vertex 29 16.7 19.2
      vertex 29.3039 14.9149 19.2
      vertex 29.1274 16.7063 19.2
    endloop
  endfacet
  facet normal 0 0 1
    outer loop
      vertex 29 16.7 19.2
      vertex 29 14.9 19.2
      vertex 29.3039 14.9149 19.2
    endloop
  endfacet
  facet normal 0 0 1
    outer loop
      vertex 28.8726 16.7063 19.2
      vertex 29 14.9 19.2
      vertex 29 16.7 19.2
    endloop
  endfacet
  facet normal 0 0 1
    outer loop
      vertex 28.6961 14.9149 19.2
      vertex 28.8726 16.7063 19.2
      vertex 28.7464 16.725 19.2
    endloop
  endfacet
  facet normal 0 0 1
    outer loop
      vertex 28.8726 16.7063 19.2
      vertex 28.6961 14.9149 19.2
      vertex 29 14.9 19.2
    endloop
  endfacet
  facet normal 0 0 1
    outer loop
      vertex 28.3952 14.9596 19.2
      vertex 28.7464 16.725 19.2
      vertex 28.6226 16.756 19.2
    endloop
  endfacet
  facet normal 0 0 1
    outer loop
      vertex 28.1001 15.0335 19.2
      vertex 28.6226 16.756 19.2
      vertex 28.5025 16.799 19.2
    endloop
  endfacet
  facet normal 0 0 1
    outer loop
      vertex 28.7464 16.725 19.2
      vertex 28.3952 14.9596 19.2
      vertex 28.6961 14.9149 19.2
    endloop
  endfacet
  facet normal 0 0 1
    outer loop
      vertex 27.8137 15.136 19.2
      vertex 28.5025 16.799 19.2
      vertex 28.3872 16.8535 19.2
    endloop
  endfacet
  facet normal 0 0 1
    outer loop
      vertex 27.5387 15.266 19.2
      vertex 28.3872 16.8535 19.2
      vertex 28.2778 16.9191 19.2
    endloop
  endfacet
  facet normal 0 0 1
    outer loop
      vertex 27.2777 15.4224 19.2
      vertex 28.2778 16.9191 19.2
      vertex 28.1753 16.9951 19.2
    endloop
  endfacet
  facet normal 0 0 1
    outer loop
      vertex 28.6226 16.756 19.2
      vertex 28.1001 15.0335 19.2
      vertex 28.3952 14.9596 19.2
    endloop
  endfacet
  facet normal 0 0 1
    outer loop
      vertex 27.0334 15.6037 19.2
      vertex 28.1753 16.9951 19.2
      vertex 28.0808 17.0808 19.2
    endloop
  endfacet
  facet normal 0 0 1
    outer loop
      vertex 26.808 15.808 19.2
      vertex 28.0808 17.0808 19.2
      vertex 27.9951 17.1753 19.2
    endloop
  endfacet
  facet normal 0 0 1
    outer loop
      vertex 26.6037 16.0334 19.2
      vertex 27.9951 17.1753 19.2
      vertex 27.9191 17.2778 19.2
    endloop
  endfacet
  facet normal 0 0 1
    outer loop
      vertex 26.4224 16.2777 19.2
      vertex 27.9191 17.2778 19.2
      vertex 27.8535 17.3872 19.2
    endloop
  endfacet
  facet normal 0 0 1
    outer loop
      vertex 28.5025 16.799 19.2
      vertex 27.8137 15.136 19.2
      vertex 28.1001 15.0335 19.2
    endloop
  endfacet
  facet normal 0 0 1
    outer loop
      vertex 26.266 16.5387 19.2
      vertex 27.8535 17.3872 19.2
      vertex 27.799 17.5025 19.2
    endloop
  endfacet
  facet normal 0 0 1
    outer loop
      vertex 26.136 16.8137 19.2
      vertex 27.799 17.5025 19.2
      vertex 27.756 17.6226 19.2
    endloop
  endfacet
  facet normal 0 0 1
    outer loop
      vertex 26.0335 17.1001 19.2
      vertex 27.756 17.6226 19.2
      vertex 27.725 17.7464 19.2
    endloop
  endfacet
  facet normal 0 0 1
    outer loop
      vertex 25.9596 17.3952 19.2
      vertex 27.725 17.7464 19.2
      vertex 27.7063 17.8726 19.2
    endloop
  endfacet
  facet normal 0 0 1
    outer loop
      vertex 25.9149 17.6961 19.2
      vertex 27.7063 17.8726 19.2
      vertex 27.7 18 19.2
    endloop
  endfacet
  facet normal -0 0 1
    outer loop
      vertex 26.266 19.4613 19.2
      vertex 27.8535 18.6128 19.2
      vertex 26.4224 19.7223 19.2
    endloop
  endfacet
  facet normal 0 0 1
    outer loop
      vertex 28.3872 16.8535 19.2
      vertex 27.5387 15.266 19.2
      vertex 27.8137 15.136 19.2
    endloop
  endfacet
  facet normal 0 0 1
    outer loop
      vertex 27.8535 18.6128 19.2
      vertex 26.266 19.4613 19.2
      vertex 27.799 18.4975 19.2
    endloop
  endfacet
  facet normal 0 0 1
    outer loop
      vertex 28.2778 16.9191 19.2
      vertex 27.2777 15.4224 19.2
      vertex 27.5387 15.266 19.2
    endloop
  endfacet
  facet normal -0 0 1
    outer loop
      vertex 26.136 19.1863 19.2
      vertex 27.799 18.4975 19.2
      vertex 26.266 19.4613 19.2
    endloop
  endfacet
  facet normal 0 0 1
    outer loop
      vertex 28.1753 16.9951 19.2
      vertex 27.0334 15.6037 19.2
      vertex 27.2777 15.4224 19.2
    endloop
  endfacet
  facet normal 0 0 1
    outer loop
      vertex 27.799 18.4975 19.2
      vertex 26.136 19.1863 19.2
      vertex 27.756 18.3774 19.2
    endloop
  endfacet
  facet normal 0 0 1
    outer loop
      vertex 28.0808 17.0808 19.2
      vertex 26.808 15.808 19.2
      vertex 27.0334 15.6037 19.2
    endloop
  endfacet
  facet normal -0 0 1
    outer loop
      vertex 26.0335 18.8999 19.2
      vertex 27.756 18.3774 19.2
      vertex 26.136 19.1863 19.2
    endloop
  endfacet
  facet normal 0 0 1
    outer loop
      vertex 27.9951 17.1753 19.2
      vertex 26.6037 16.0334 19.2
      vertex 26.808 15.808 19.2
    endloop
  endfacet
  facet normal 0 0 1
    outer loop
      vertex 27.756 18.3774 19.2
      vertex 26.0335 18.8999 19.2
      vertex 27.725 18.2536 19.2
    endloop
  endfacet
  facet normal 0 0 1
    outer loop
      vertex 27.9191 17.2778 19.2
      vertex 26.4224 16.2777 19.2
      vertex 26.6037 16.0334 19.2
    endloop
  endfacet
  facet normal -0 0 1
    outer loop
      vertex 25.9596 18.6048 19.2
      vertex 27.725 18.2536 19.2
      vertex 26.0335 18.8999 19.2
    endloop
  endfacet
  facet normal 0 0 1
    outer loop
      vertex 27.8535 17.3872 19.2
      vertex 26.266 16.5387 19.2
      vertex 26.4224 16.2777 19.2
    endloop
  endfacet
  facet normal 0 0 1
    outer loop
      vertex 27.725 18.2536 19.2
      vertex 25.9596 18.6048 19.2
      vertex 27.7063 18.1274 19.2
    endloop
  endfacet
  facet normal 0 0 1
    outer loop
      vertex 27.799 17.5025 19.2
      vertex 26.136 16.8137 19.2
      vertex 26.266 16.5387 19.2
    endloop
  endfacet
  facet normal -0 0 1
    outer loop
      vertex 25.9149 18.3039 19.2
      vertex 27.7063 18.1274 19.2
      vertex 25.9596 18.6048 19.2
    endloop
  endfacet
  facet normal 0 0 1
    outer loop
      vertex 27.756 17.6226 19.2
      vertex 26.0335 17.1001 19.2
      vertex 26.136 16.8137 19.2
    endloop
  endfacet
  facet normal 0 0 1
    outer loop
      vertex 27.7063 18.1274 19.2
      vertex 25.9149 18.3039 19.2
      vertex 27.7 18 19.2
    endloop
  endfacet
  facet normal 0 0 1
    outer loop
      vertex 27.725 17.7464 19.2
      vertex 25.9596 17.3952 19.2
      vertex 26.0335 17.1001 19.2
    endloop
  endfacet
  facet normal 0 0 1
    outer loop
      vertex 25.9 18 19.2
      vertex 27.7 18 19.2
      vertex 25.9149 18.3039 19.2
    endloop
  endfacet
  facet normal 0 0 1
    outer loop
      vertex 27.7063 17.8726 19.2
      vertex 25.9149 17.6961 19.2
      vertex 25.9596 17.3952 19.2
    endloop
  endfacet
  facet normal 0 0 1
    outer loop
      vertex 27.7 18 19.2
      vertex 25.9 18 19.2
      vertex 25.9149 17.6961 19.2
    endloop
  endfacet
  facet normal 0.671576 0.740936 -0
    outer loop
      vertex 31.192 20.192 2.2
      vertex 30.9666 20.3963 19.2
      vertex 31.192 20.192 19.2
    endloop
  endfacet
  facet normal 0.671576 0.740936 0
    outer loop
      vertex 30.9666 20.3963 19.2
      vertex 31.192 20.192 2.2
      vertex 30.9666 20.3963 2.2
    endloop
  endfacet
  facet normal -0.336961 0.941519 0
    outer loop
      vertex 28.1001 20.9665 2.2
      vertex 27.8137 20.864 19.2
      vertex 28.1001 20.9665 19.2
    endloop
  endfacet
  facet normal -0.336961 0.941519 0
    outer loop
      vertex 27.8137 20.864 19.2
      vertex 28.1001 20.9665 2.2
      vertex 27.8137 20.864 2.2
    endloop
  endfacet
  facet normal 0.42738 0.904072 -0
    outer loop
      vertex 30.4613 20.734 2.2
      vertex 30.1863 20.864 19.2
      vertex 30.4613 20.734 19.2
    endloop
  endfacet
  facet normal 0.42738 0.904072 0
    outer loop
      vertex 30.1863 20.864 19.2
      vertex 30.4613 20.734 2.2
      vertex 30.1863 20.864 2.2
    endloop
  endfacet
  facet normal -0.9988 0.0489705 0
    outer loop
      vertex 25.9 18 2.2
      vertex 25.9149 18.3039 19.2
      vertex 25.9149 18.3039 2.2
    endloop
  endfacet
  facet normal -0.9988 0.0489705 0
    outer loop
      vertex 25.9149 18.3039 19.2
      vertex 25.9 18 2.2
      vertex 25.9 18 19.2
    endloop
  endfacet
  facet normal 0.803027 0.595943 0
    outer loop
      vertex 31.5776 19.7223 19.2
      vertex 31.3963 19.9666 2.2
      vertex 31.3963 19.9666 19.2
    endloop
  endfacet
  facet normal 0.803027 0.595943 0
    outer loop
      vertex 31.3963 19.9666 2.2
      vertex 31.5776 19.7223 19.2
      vertex 31.5776 19.7223 2.2
    endloop
  endfacet
  facet normal 0.0489705 0.9988 -0
    outer loop
      vertex 29.3039 21.0851 2.2
      vertex 29 21.1 19.2
      vertex 29.3039 21.0851 19.2
    endloop
  endfacet
  facet normal 0.0489705 0.9988 0
    outer loop
      vertex 29 21.1 19.2
      vertex 29.3039 21.0851 2.2
      vertex 29 21.1 2.2
    endloop
  endfacet
  facet normal -0.671576 0.740936 0
    outer loop
      vertex 27.0334 20.3963 2.2
      vertex 26.808 20.192 19.2
      vertex 27.0334 20.3963 19.2
    endloop
  endfacet
  facet normal -0.671576 0.740936 0
    outer loop
      vertex 26.808 20.192 19.2
      vertex 27.0334 20.3963 2.2
      vertex 26.808 20.192 2.2
    endloop
  endfacet
  facet normal 0.740936 0.671576 0
    outer loop
      vertex 31.3963 19.9666 19.2
      vertex 31.192 20.192 2.2
      vertex 31.192 20.192 19.2
    endloop
  endfacet
  facet normal 0.740936 0.671576 0
    outer loop
      vertex 31.192 20.192 2.2
      vertex 31.3963 19.9666 19.2
      vertex 31.3963 19.9666 2.2
    endloop
  endfacet
  facet normal -0.242922 -0.970046 0
    outer loop
      vertex 28.1001 15.0335 2.2
      vertex 28.3952 14.9596 19.2
      vertex 28.1001 15.0335 19.2
    endloop
  endfacet
  facet normal -0.242922 -0.970046 -0
    outer loop
      vertex 28.3952 14.9596 19.2
      vertex 28.1001 15.0335 2.2
      vertex 28.3952 14.9596 2.2
    endloop
  endfacet
  facet normal 0.904072 0.42738 0
    outer loop
      vertex 31.864 19.1863 19.2
      vertex 31.734 19.4613 2.2
      vertex 31.734 19.4613 19.2
    endloop
  endfacet
  facet normal 0.904072 0.42738 0
    outer loop
      vertex 31.734 19.4613 2.2
      vertex 31.864 19.1863 19.2
      vertex 31.864 19.1863 2.2
    endloop
  endfacet
  facet normal 0.857783 -0.514012 0
    outer loop
      vertex 31.5776 16.2777 19.2
      vertex 31.734 16.5387 2.2
      vertex 31.734 16.5387 19.2
    endloop
  endfacet
  facet normal 0.857783 -0.514012 0
    outer loop
      vertex 31.734 16.5387 2.2
      vertex 31.5776 16.2777 19.2
      vertex 31.5776 16.2777 2.2
    endloop
  endfacet
  facet normal 0.336961 0.941519 -0
    outer loop
      vertex 30.1863 20.864 2.2
      vertex 29.8999 20.9665 19.2
      vertex 30.1863 20.864 19.2
    endloop
  endfacet
  facet normal 0.336961 0.941519 0
    outer loop
      vertex 29.8999 20.9665 19.2
      vertex 30.1863 20.864 2.2
      vertex 29.8999 20.9665 2.2
    endloop
  endfacet
  facet normal -0.242922 0.970046 0
    outer loop
      vertex 28.3952 21.0404 2.2
      vertex 28.1001 20.9665 19.2
      vertex 28.3952 21.0404 19.2
    endloop
  endfacet
  facet normal -0.242922 0.970046 0
    outer loop
      vertex 28.1001 20.9665 19.2
      vertex 28.3952 21.0404 2.2
      vertex 28.1001 20.9665 2.2
    endloop
  endfacet
  facet normal 0.336961 -0.941519 0
    outer loop
      vertex 29.8999 15.0335 2.2
      vertex 30.1863 15.136 19.2
      vertex 29.8999 15.0335 19.2
    endloop
  endfacet
  facet normal 0.336961 -0.941519 0
    outer loop
      vertex 30.1863 15.136 19.2
      vertex 29.8999 15.0335 2.2
      vertex 30.1863 15.136 2.2
    endloop
  endfacet
  facet normal -0.514012 0.857783 0
    outer loop
      vertex 27.5387 20.734 2.2
      vertex 27.2777 20.5776 19.2
      vertex 27.5387 20.734 19.2
    endloop
  endfacet
  facet normal -0.514012 0.857783 0
    outer loop
      vertex 27.2777 20.5776 19.2
      vertex 27.5387 20.734 2.2
      vertex 27.2777 20.5776 2.2
    endloop
  endfacet
  facet normal -0.740936 0.671576 0
    outer loop
      vertex 26.6037 19.9666 2.2
      vertex 26.808 20.192 19.2
      vertex 26.808 20.192 2.2
    endloop
  endfacet
  facet normal -0.740936 0.671576 0
    outer loop
      vertex 26.808 20.192 19.2
      vertex 26.6037 19.9666 2.2
      vertex 26.6037 19.9666 19.2
    endloop
  endfacet
  facet normal 0.857783 0.514012 0
    outer loop
      vertex 31.734 19.4613 19.2
      vertex 31.5776 19.7223 2.2
      vertex 31.5776 19.7223 19.2
    endloop
  endfacet
  facet normal 0.857783 0.514012 0
    outer loop
      vertex 31.5776 19.7223 2.2
      vertex 31.734 19.4613 19.2
      vertex 31.734 19.4613 2.2
    endloop
  endfacet
  facet normal -0.970046 0.242922 0
    outer loop
      vertex 25.9596 18.6048 2.2
      vertex 26.0335 18.8999 19.2
      vertex 26.0335 18.8999 2.2
    endloop
  endfacet
  facet normal -0.970046 0.242922 0
    outer loop
      vertex 26.0335 18.8999 19.2
      vertex 25.9596 18.6048 2.2
      vertex 25.9596 18.6048 19.2
    endloop
  endfacet
  facet normal -0.146942 0.989145 0
    outer loop
      vertex 28.6961 21.0851 2.2
      vertex 28.3952 21.0404 19.2
      vertex 28.6961 21.0851 19.2
    endloop
  endfacet
  facet normal -0.146942 0.989145 0
    outer loop
      vertex 28.3952 21.0404 19.2
      vertex 28.6961 21.0851 2.2
      vertex 28.3952 21.0404 2.2
    endloop
  endfacet
  facet normal -0.904072 -0.42738 0
    outer loop
      vertex 26.266 16.5387 2.2
      vertex 26.136 16.8137 19.2
      vertex 26.136 16.8137 2.2
    endloop
  endfacet
  facet normal -0.904072 -0.42738 0
    outer loop
      vertex 26.136 16.8137 19.2
      vertex 26.266 16.5387 2.2
      vertex 26.266 16.5387 19.2
    endloop
  endfacet
  facet normal -0.146942 -0.989145 0
    outer loop
      vertex 28.3952 14.9596 2.2
      vertex 28.6961 14.9149 19.2
      vertex 28.3952 14.9596 19.2
    endloop
  endfacet
  facet normal -0.146942 -0.989145 -0
    outer loop
      vertex 28.6961 14.9149 19.2
      vertex 28.3952 14.9596 2.2
      vertex 28.6961 14.9149 2.2
    endloop
  endfacet
  facet normal 0.146942 -0.989145 0
    outer loop
      vertex 29.3039 14.9149 2.2
      vertex 29.6048 14.9596 19.2
      vertex 29.3039 14.9149 19.2
    endloop
  endfacet
  facet normal 0.146942 -0.989145 0
    outer loop
      vertex 29.6048 14.9596 19.2
      vertex 29.3039 14.9149 2.2
      vertex 29.6048 14.9596 2.2
    endloop
  endfacet
  facet normal -0.336961 -0.941519 0
    outer loop
      vertex 27.8137 15.136 2.2
      vertex 28.1001 15.0335 19.2
      vertex 27.8137 15.136 19.2
    endloop
  endfacet
  facet normal -0.336961 -0.941519 -0
    outer loop
      vertex 28.1001 15.0335 19.2
      vertex 27.8137 15.136 2.2
      vertex 28.1001 15.0335 2.2
    endloop
  endfacet
  facet normal -0.671576 -0.740936 0
    outer loop
      vertex 26.808 15.808 2.2
      vertex 27.0334 15.6037 19.2
      vertex 26.808 15.808 19.2
    endloop
  endfacet
  facet normal -0.671576 -0.740936 -0
    outer loop
      vertex 27.0334 15.6037 19.2
      vertex 26.808 15.808 2.2
      vertex 27.0334 15.6037 2.2
    endloop
  endfacet
  facet normal 0.671576 -0.740936 0
    outer loop
      vertex 30.9666 15.6037 2.2
      vertex 31.192 15.808 19.2
      vertex 30.9666 15.6037 19.2
    endloop
  endfacet
  facet normal 0.671576 -0.740936 0
    outer loop
      vertex 31.192 15.808 19.2
      vertex 30.9666 15.6037 2.2
      vertex 31.192 15.808 2.2
    endloop
  endfacet
  facet normal -0.970046 -0.242922 0
    outer loop
      vertex 26.0335 17.1001 2.2
      vertex 25.9596 17.3952 19.2
      vertex 25.9596 17.3952 2.2
    endloop
  endfacet
  facet normal -0.970046 -0.242922 0
    outer loop
      vertex 25.9596 17.3952 19.2
      vertex 26.0335 17.1001 2.2
      vertex 26.0335 17.1001 19.2
    endloop
  endfacet
  facet normal -0.740936 -0.671576 0
    outer loop
      vertex 26.808 15.808 2.2
      vertex 26.6037 16.0334 19.2
      vertex 26.6037 16.0334 2.2
    endloop
  endfacet
  facet normal -0.740936 -0.671576 0
    outer loop
      vertex 26.6037 16.0334 19.2
      vertex 26.808 15.808 2.2
      vertex 26.808 15.808 19.2
    endloop
  endfacet
  facet normal -0.989145 0.146942 0
    outer loop
      vertex 25.9149 18.3039 2.2
      vertex 25.9596 18.6048 19.2
      vertex 25.9596 18.6048 2.2
    endloop
  endfacet
  facet normal -0.989145 0.146942 0
    outer loop
      vertex 25.9596 18.6048 19.2
      vertex 25.9149 18.3039 2.2
      vertex 25.9149 18.3039 19.2
    endloop
  endfacet
  facet normal 0.242922 0.970046 -0
    outer loop
      vertex 29.8999 20.9665 2.2
      vertex 29.6048 21.0404 19.2
      vertex 29.8999 20.9665 19.2
    endloop
  endfacet
  facet normal 0.242922 0.970046 0
    outer loop
      vertex 29.6048 21.0404 19.2
      vertex 29.8999 20.9665 2.2
      vertex 29.6048 21.0404 2.2
    endloop
  endfacet
  facet normal -0.9988 -0.0489705 0
    outer loop
      vertex 25.9149 17.6961 2.2
      vertex 25.9 18 19.2
      vertex 25.9 18 2.2
    endloop
  endfacet
  facet normal -0.9988 -0.0489705 0
    outer loop
      vertex 25.9 18 19.2
      vertex 25.9149 17.6961 2.2
      vertex 25.9149 17.6961 19.2
    endloop
  endfacet
  facet normal -0.941519 0.336961 0
    outer loop
      vertex 26.0335 18.8999 2.2
      vertex 26.136 19.1863 19.2
      vertex 26.136 19.1863 2.2
    endloop
  endfacet
  facet normal -0.941519 0.336961 0
    outer loop
      vertex 26.136 19.1863 19.2
      vertex 26.0335 18.8999 2.2
      vertex 26.0335 18.8999 19.2
    endloop
  endfacet
  facet normal 0.595943 -0.803027 0
    outer loop
      vertex 30.7223 15.4224 2.2
      vertex 30.9666 15.6037 19.2
      vertex 30.7223 15.4224 19.2
    endloop
  endfacet
  facet normal 0.595943 -0.803027 0
    outer loop
      vertex 30.9666 15.6037 19.2
      vertex 30.7223 15.4224 2.2
      vertex 30.9666 15.6037 2.2
    endloop
  endfacet
  facet normal -0.803027 0.595943 0
    outer loop
      vertex 26.4224 19.7223 2.2
      vertex 26.6037 19.9666 19.2
      vertex 26.6037 19.9666 2.2
    endloop
  endfacet
  facet normal -0.803027 0.595943 0
    outer loop
      vertex 26.6037 19.9666 19.2
      vertex 26.4224 19.7223 2.2
      vertex 26.4224 19.7223 19.2
    endloop
  endfacet
  facet normal -0.514012 -0.857783 0
    outer loop
      vertex 27.2777 15.4224 2.2
      vertex 27.5387 15.266 19.2
      vertex 27.2777 15.4224 19.2
    endloop
  endfacet
  facet normal -0.514012 -0.857783 -0
    outer loop
      vertex 27.5387 15.266 19.2
      vertex 27.2777 15.4224 2.2
      vertex 27.5387 15.266 2.2
    endloop
  endfacet
  facet normal -0.904072 0.42738 0
    outer loop
      vertex 26.136 19.1863 2.2
      vertex 26.266 19.4613 19.2
      vertex 26.266 19.4613 2.2
    endloop
  endfacet
  facet normal -0.904072 0.42738 0
    outer loop
      vertex 26.266 19.4613 19.2
      vertex 26.136 19.1863 2.2
      vertex 26.136 19.1863 19.2
    endloop
  endfacet
  facet normal 0.904072 -0.42738 0
    outer loop
      vertex 31.734 16.5387 19.2
      vertex 31.864 16.8137 2.2
      vertex 31.864 16.8137 19.2
    endloop
  endfacet
  facet normal 0.904072 -0.42738 0
    outer loop
      vertex 31.864 16.8137 2.2
      vertex 31.734 16.5387 19.2
      vertex 31.734 16.5387 2.2
    endloop
  endfacet
  facet normal -0.0489705 -0.9988 0
    outer loop
      vertex 28.6961 14.9149 2.2
      vertex 29 14.9 19.2
      vertex 28.6961 14.9149 19.2
    endloop
  endfacet
  facet normal -0.0489705 -0.9988 -0
    outer loop
      vertex 29 14.9 19.2
      vertex 28.6961 14.9149 2.2
      vertex 29 14.9 2.2
    endloop
  endfacet
  facet normal 0.146942 0.989145 -0
    outer loop
      vertex 29.6048 21.0404 2.2
      vertex 29.3039 21.0851 19.2
      vertex 29.6048 21.0404 19.2
    endloop
  endfacet
  facet normal 0.146942 0.989145 0
    outer loop
      vertex 29.3039 21.0851 19.2
      vertex 29.6048 21.0404 2.2
      vertex 29.3039 21.0851 2.2
    endloop
  endfacet
  facet normal -0.42738 -0.904072 0
    outer loop
      vertex 27.5387 15.266 2.2
      vertex 27.8137 15.136 19.2
      vertex 27.5387 15.266 19.2
    endloop
  endfacet
  facet normal -0.42738 -0.904072 -0
    outer loop
      vertex 27.8137 15.136 19.2
      vertex 27.5387 15.266 2.2
      vertex 27.8137 15.136 2.2
    endloop
  endfacet
  facet normal 0 0 -1
    outer loop
      vertex 30.3 18 2.2
      vertex 32.1 18 2.2
      vertex 32.0851 17.6961 2.2
    endloop
  endfacet
  facet normal 0 0 -1
    outer loop
      vertex 30.2937 17.8726 2.2
      vertex 32.0851 17.6961 2.2
      vertex 32.0404 17.3952 2.2
    endloop
  endfacet
  facet normal 0 0 -1
    outer loop
      vertex 32.1 18 2.2
      vertex 30.3 18 2.2
      vertex 32.0851 18.3039 2.2
    endloop
  endfacet
  facet normal 0 0 -1
    outer loop
      vertex 30.275 17.7464 2.2
      vertex 32.0404 17.3952 2.2
      vertex 31.9665 17.1001 2.2
    endloop
  endfacet
  facet normal 0 0 -1
    outer loop
      vertex 30.2937 18.1274 2.2
      vertex 32.0851 18.3039 2.2
      vertex 30.3 18 2.2
    endloop
  endfacet
  facet normal 0 0 -1
    outer loop
      vertex 30.244 17.6226 2.2
      vertex 31.9665 17.1001 2.2
      vertex 31.864 16.8137 2.2
    endloop
  endfacet
  facet normal -0 0 -1
    outer loop
      vertex 32.0851 18.3039 2.2
      vertex 30.2937 18.1274 2.2
      vertex 32.0404 18.6048 2.2
    endloop
  endfacet
  facet normal 0 0 -1
    outer loop
      vertex 30.201 17.5025 2.2
      vertex 31.864 16.8137 2.2
      vertex 31.734 16.5387 2.2
    endloop
  endfacet
  facet normal 0 0 -1
    outer loop
      vertex 30.275 18.2536 2.2
      vertex 32.0404 18.6048 2.2
      vertex 30.2937 18.1274 2.2
    endloop
  endfacet
  facet normal 0 0 -1
    outer loop
      vertex 30.1465 17.3872 2.2
      vertex 31.734 16.5387 2.2
      vertex 31.5776 16.2777 2.2
    endloop
  endfacet
  facet normal -0 0 -1
    outer loop
      vertex 32.0404 18.6048 2.2
      vertex 30.275 18.2536 2.2
      vertex 31.9665 18.8999 2.2
    endloop
  endfacet
  facet normal 0 0 -1
    outer loop
      vertex 30.0809 17.2778 2.2
      vertex 31.5776 16.2777 2.2
      vertex 31.3963 16.0334 2.2
    endloop
  endfacet
  facet normal 0 0 -1
    outer loop
      vertex 30.244 18.3774 2.2
      vertex 31.9665 18.8999 2.2
      vertex 30.275 18.2536 2.2
    endloop
  endfacet
  facet normal 0 0 -1
    outer loop
      vertex 30.0049 17.1753 2.2
      vertex 31.3963 16.0334 2.2
      vertex 31.192 15.808 2.2
    endloop
  endfacet
  facet normal -0 0 -1
    outer loop
      vertex 31.9665 18.8999 2.2
      vertex 30.244 18.3774 2.2
      vertex 31.864 19.1863 2.2
    endloop
  endfacet
  facet normal 0 0 -1
    outer loop
      vertex 29.9192 17.0808 2.2
      vertex 31.192 15.808 2.2
      vertex 30.9666 15.6037 2.2
    endloop
  endfacet
  facet normal 0 0 -1
    outer loop
      vertex 30.201 18.4975 2.2
      vertex 31.864 19.1863 2.2
      vertex 30.244 18.3774 2.2
    endloop
  endfacet
  facet normal 0 0 -1
    outer loop
      vertex 29.8247 16.9951 2.2
      vertex 30.9666 15.6037 2.2
      vertex 30.7223 15.4224 2.2
    endloop
  endfacet
  facet normal -0 0 -1
    outer loop
      vertex 31.864 19.1863 2.2
      vertex 30.201 18.4975 2.2
      vertex 31.734 19.4613 2.2
    endloop
  endfacet
  facet normal 0 0 -1
    outer loop
      vertex 29.7222 16.9191 2.2
      vertex 30.7223 15.4224 2.2
      vertex 30.4613 15.266 2.2
    endloop
  endfacet
  facet normal 0 0 -1
    outer loop
      vertex 30.1465 18.6128 2.2
      vertex 31.734 19.4613 2.2
      vertex 30.201 18.4975 2.2
    endloop
  endfacet
  facet normal -0 0 -1
    outer loop
      vertex 31.734 19.4613 2.2
      vertex 30.1465 18.6128 2.2
      vertex 31.5776 19.7223 2.2
    endloop
  endfacet
  facet normal 0 0 -1
    outer loop
      vertex 32.0851 17.6961 2.2
      vertex 30.2937 17.8726 2.2
      vertex 30.3 18 2.2
    endloop
  endfacet
  facet normal 0 0 -1
    outer loop
      vertex 32.0404 17.3952 2.2
      vertex 30.275 17.7464 2.2
      vertex 30.2937 17.8726 2.2
    endloop
  endfacet
  facet normal 0 0 -1
    outer loop
      vertex 31.9665 17.1001 2.2
      vertex 30.244 17.6226 2.2
      vertex 30.275 17.7464 2.2
    endloop
  endfacet
  facet normal 0 0 -1
    outer loop
      vertex 31.864 16.8137 2.2
      vertex 30.201 17.5025 2.2
      vertex 30.244 17.6226 2.2
    endloop
  endfacet
  facet normal 0 0 -1
    outer loop
      vertex 29.6128 16.8535 2.2
      vertex 30.4613 15.266 2.2
      vertex 30.1863 15.136 2.2
    endloop
  endfacet
  facet normal 0 0 -1
    outer loop
      vertex 31.734 16.5387 2.2
      vertex 30.1465 17.3872 2.2
      vertex 30.201 17.5025 2.2
    endloop
  endfacet
  facet normal 0 0 -1
    outer loop
      vertex 31.5776 16.2777 2.2
      vertex 30.0809 17.2778 2.2
      vertex 30.1465 17.3872 2.2
    endloop
  endfacet
  facet normal 0 0 -1
    outer loop
      vertex 31.3963 16.0334 2.2
      vertex 30.0049 17.1753 2.2
      vertex 30.0809 17.2778 2.2
    endloop
  endfacet
  facet normal 0 0 -1
    outer loop
      vertex 31.192 15.808 2.2
      vertex 29.9192 17.0808 2.2
      vertex 30.0049 17.1753 2.2
    endloop
  endfacet
  facet normal 0 0 -1
    outer loop
      vertex 29.4975 16.799 2.2
      vertex 30.1863 15.136 2.2
      vertex 29.8999 15.0335 2.2
    endloop
  endfacet
  facet normal 0 0 -1
    outer loop
      vertex 30.9666 15.6037 2.2
      vertex 29.8247 16.9951 2.2
      vertex 29.9192 17.0808 2.2
    endloop
  endfacet
  facet normal 0 0 -1
    outer loop
      vertex 30.7223 15.4224 2.2
      vertex 29.7222 16.9191 2.2
      vertex 29.8247 16.9951 2.2
    endloop
  endfacet
  facet normal 0 0 -1
    outer loop
      vertex 30.4613 15.266 2.2
      vertex 29.6128 16.8535 2.2
      vertex 29.7222 16.9191 2.2
    endloop
  endfacet
  facet normal 0 0 -1
    outer loop
      vertex 29.3774 16.756 2.2
      vertex 29.8999 15.0335 2.2
      vertex 29.6048 14.9596 2.2
    endloop
  endfacet
  facet normal 0 0 -1
    outer loop
      vertex 30.1863 15.136 2.2
      vertex 29.4975 16.799 2.2
      vertex 29.6128 16.8535 2.2
    endloop
  endfacet
  facet normal 0 0 -1
    outer loop
      vertex 29.8999 15.0335 2.2
      vertex 29.3774 16.756 2.2
      vertex 29.4975 16.799 2.2
    endloop
  endfacet
  facet normal 0 0 -1
    outer loop
      vertex 29.2536 16.725 2.2
      vertex 29.6048 14.9596 2.2
      vertex 29.3039 14.9149 2.2
    endloop
  endfacet
  facet normal 0 0 -1
    outer loop
      vertex 29.6048 14.9596 2.2
      vertex 29.2536 16.725 2.2
      vertex 29.3774 16.756 2.2
    endloop
  endfacet
  facet normal 0 0 -1
    outer loop
      vertex 29.3039 14.9149 2.2
      vertex 29.1274 16.7063 2.2
      vertex 29.2536 16.725 2.2
    endloop
  endfacet
  facet normal 0 0 -1
    outer loop
      vertex 29 14.9 2.2
      vertex 29.1274 16.7063 2.2
      vertex 29.3039 14.9149 2.2
    endloop
  endfacet
  facet normal 0 0 -1
    outer loop
      vertex 29 14.9 2.2
      vertex 29 16.7 2.2
      vertex 29.1274 16.7063 2.2
    endloop
  endfacet
  facet normal 0 0 -1
    outer loop
      vertex 29 14.9 2.2
      vertex 28.8726 16.7063 2.2
      vertex 29 16.7 2.2
    endloop
  endfacet
  facet normal 0 0 -1
    outer loop
      vertex 28.6961 14.9149 2.2
      vertex 28.8726 16.7063 2.2
      vertex 29 14.9 2.2
    endloop
  endfacet
  facet normal -0 0 -1
    outer loop
      vertex 28.8726 16.7063 2.2
      vertex 28.6961 14.9149 2.2
      vertex 28.7464 16.725 2.2
    endloop
  endfacet
  facet normal 0 0 -1
    outer loop
      vertex 28.3952 14.9596 2.2
      vertex 28.7464 16.725 2.2
      vertex 28.6961 14.9149 2.2
    endloop
  endfacet
  facet normal -0 0 -1
    outer loop
      vertex 28.7464 16.725 2.2
      vertex 28.3952 14.9596 2.2
      vertex 28.6226 16.756 2.2
    endloop
  endfacet
  facet normal 0 0 -1
    outer loop
      vertex 28.1001 15.0335 2.2
      vertex 28.6226 16.756 2.2
      vertex 28.3952 14.9596 2.2
    endloop
  endfacet
  facet normal -0 0 -1
    outer loop
      vertex 28.6226 16.756 2.2
      vertex 28.1001 15.0335 2.2
      vertex 28.5025 16.799 2.2
    endloop
  endfacet
  facet normal 0 0 -1
    outer loop
      vertex 27.8137 15.136 2.2
      vertex 28.5025 16.799 2.2
      vertex 28.1001 15.0335 2.2
    endloop
  endfacet
  facet normal -0 0 -1
    outer loop
      vertex 28.5025 16.799 2.2
      vertex 27.8137 15.136 2.2
      vertex 28.3872 16.8535 2.2
    endloop
  endfacet
  facet normal 0 0 -1
    outer loop
      vertex 27.5387 15.266 2.2
      vertex 28.3872 16.8535 2.2
      vertex 27.8137 15.136 2.2
    endloop
  endfacet
  facet normal -0 0 -1
    outer loop
      vertex 28.3872 16.8535 2.2
      vertex 27.5387 15.266 2.2
      vertex 28.2778 16.9191 2.2
    endloop
  endfacet
  facet normal 0 0 -1
    outer loop
      vertex 27.2777 15.4224 2.2
      vertex 28.2778 16.9191 2.2
      vertex 27.5387 15.266 2.2
    endloop
  endfacet
  facet normal -0 0 -1
    outer loop
      vertex 28.2778 16.9191 2.2
      vertex 27.2777 15.4224 2.2
      vertex 28.1753 16.9951 2.2
    endloop
  endfacet
  facet normal 0 0 -1
    outer loop
      vertex 27.0334 15.6037 2.2
      vertex 28.1753 16.9951 2.2
      vertex 27.2777 15.4224 2.2
    endloop
  endfacet
  facet normal -0 0 -1
    outer loop
      vertex 28.1753 16.9951 2.2
      vertex 27.0334 15.6037 2.2
      vertex 28.0808 17.0808 2.2
    endloop
  endfacet
  facet normal 0 0 -1
    outer loop
      vertex 26.808 15.808 2.2
      vertex 28.0808 17.0808 2.2
      vertex 27.0334 15.6037 2.2
    endloop
  endfacet
  facet normal -0 0 -1
    outer loop
      vertex 28.0808 17.0808 2.2
      vertex 26.808 15.808 2.2
      vertex 27.9951 17.1753 2.2
    endloop
  endfacet
  facet normal 0 0 -1
    outer loop
      vertex 26.6037 16.0334 2.2
      vertex 27.9951 17.1753 2.2
      vertex 26.808 15.808 2.2
    endloop
  endfacet
  facet normal -0 0 -1
    outer loop
      vertex 27.9951 17.1753 2.2
      vertex 26.6037 16.0334 2.2
      vertex 27.9191 17.2778 2.2
    endloop
  endfacet
  facet normal 0 0 -1
    outer loop
      vertex 26.4224 16.2777 2.2
      vertex 27.9191 17.2778 2.2
      vertex 26.6037 16.0334 2.2
    endloop
  endfacet
  facet normal -0 0 -1
    outer loop
      vertex 27.9191 17.2778 2.2
      vertex 26.4224 16.2777 2.2
      vertex 27.8535 17.3872 2.2
    endloop
  endfacet
  facet normal 0 0 -1
    outer loop
      vertex 30.0809 18.7222 2.2
      vertex 31.5776 19.7223 2.2
      vertex 30.1465 18.6128 2.2
    endloop
  endfacet
  facet normal -0 0 -1
    outer loop
      vertex 31.5776 19.7223 2.2
      vertex 30.0809 18.7222 2.2
      vertex 31.3963 19.9666 2.2
    endloop
  endfacet
  facet normal 0 0 -1
    outer loop
      vertex 30.0049 18.8247 2.2
      vertex 31.3963 19.9666 2.2
      vertex 30.0809 18.7222 2.2
    endloop
  endfacet
  facet normal -0 0 -1
    outer loop
      vertex 31.3963 19.9666 2.2
      vertex 30.0049 18.8247 2.2
      vertex 31.192 20.192 2.2
    endloop
  endfacet
  facet normal 0 0 -1
    outer loop
      vertex 29.9192 18.9192 2.2
      vertex 31.192 20.192 2.2
      vertex 30.0049 18.8247 2.2
    endloop
  endfacet
  facet normal -0 0 -1
    outer loop
      vertex 31.192 20.192 2.2
      vertex 29.9192 18.9192 2.2
      vertex 30.9666 20.3963 2.2
    endloop
  endfacet
  facet normal 0 0 -1
    outer loop
      vertex 29.8247 19.0049 2.2
      vertex 30.9666 20.3963 2.2
      vertex 29.9192 18.9192 2.2
    endloop
  endfacet
  facet normal -0 0 -1
    outer loop
      vertex 30.9666 20.3963 2.2
      vertex 29.8247 19.0049 2.2
      vertex 30.7223 20.5776 2.2
    endloop
  endfacet
  facet normal 0 0 -1
    outer loop
      vertex 29.7222 19.0809 2.2
      vertex 30.7223 20.5776 2.2
      vertex 29.8247 19.0049 2.2
    endloop
  endfacet
  facet normal -0 0 -1
    outer loop
      vertex 30.7223 20.5776 2.2
      vertex 29.7222 19.0809 2.2
      vertex 30.4613 20.734 2.2
    endloop
  endfacet
  facet normal 0 0 -1
    outer loop
      vertex 29.6128 19.1465 2.2
      vertex 30.4613 20.734 2.2
      vertex 29.7222 19.0809 2.2
    endloop
  endfacet
  facet normal -0 0 -1
    outer loop
      vertex 30.4613 20.734 2.2
      vertex 29.6128 19.1465 2.2
      vertex 30.1863 20.864 2.2
    endloop
  endfacet
  facet normal 0 0 -1
    outer loop
      vertex 29.4975 19.201 2.2
      vertex 30.1863 20.864 2.2
      vertex 29.6128 19.1465 2.2
    endloop
  endfacet
  facet normal -0 0 -1
    outer loop
      vertex 30.1863 20.864 2.2
      vertex 29.4975 19.201 2.2
      vertex 29.8999 20.9665 2.2
    endloop
  endfacet
  facet normal 0 0 -1
    outer loop
      vertex 29.3774 19.244 2.2
      vertex 29.8999 20.9665 2.2
      vertex 29.4975 19.201 2.2
    endloop
  endfacet
  facet normal -0 0 -1
    outer loop
      vertex 29.8999 20.9665 2.2
      vertex 29.3774 19.244 2.2
      vertex 29.6048 21.0404 2.2
    endloop
  endfacet
  facet normal 0 0 -1
    outer loop
      vertex 29.2536 19.275 2.2
      vertex 29.6048 21.0404 2.2
      vertex 29.3774 19.244 2.2
    endloop
  endfacet
  facet normal -0 0 -1
    outer loop
      vertex 29.6048 21.0404 2.2
      vertex 29.2536 19.275 2.2
      vertex 29.3039 21.0851 2.2
    endloop
  endfacet
  facet normal 0 0 -1
    outer loop
      vertex 29.1274 19.2937 2.2
      vertex 29.3039 21.0851 2.2
      vertex 29.2536 19.275 2.2
    endloop
  endfacet
  facet normal 0 0 -1
    outer loop
      vertex 29 19.3 2.2
      vertex 29.3039 21.0851 2.2
      vertex 29.1274 19.2937 2.2
    endloop
  endfacet
  facet normal 0 0 -1
    outer loop
      vertex 29 19.3 2.2
      vertex 29 21.1 2.2
      vertex 29.3039 21.0851 2.2
    endloop
  endfacet
  facet normal 0 0 -1
    outer loop
      vertex 28.8726 19.2937 2.2
      vertex 29 21.1 2.2
      vertex 29 19.3 2.2
    endloop
  endfacet
  facet normal 0 0 -1
    outer loop
      vertex 28.6961 21.0851 2.2
      vertex 28.8726 19.2937 2.2
      vertex 28.7464 19.275 2.2
    endloop
  endfacet
  facet normal 0 0 -1
    outer loop
      vertex 28.8726 19.2937 2.2
      vertex 28.6961 21.0851 2.2
      vertex 29 21.1 2.2
    endloop
  endfacet
  facet normal 0 0 -1
    outer loop
      vertex 28.3952 21.0404 2.2
      vertex 28.7464 19.275 2.2
      vertex 28.6226 19.244 2.2
    endloop
  endfacet
  facet normal 0 0 -1
    outer loop
      vertex 28.1001 20.9665 2.2
      vertex 28.6226 19.244 2.2
      vertex 28.5025 19.201 2.2
    endloop
  endfacet
  facet normal 0 0 -1
    outer loop
      vertex 28.7464 19.275 2.2
      vertex 28.3952 21.0404 2.2
      vertex 28.6961 21.0851 2.2
    endloop
  endfacet
  facet normal 0 0 -1
    outer loop
      vertex 27.8137 20.864 2.2
      vertex 28.5025 19.201 2.2
      vertex 28.3872 19.1465 2.2
    endloop
  endfacet
  facet normal 0 0 -1
    outer loop
      vertex 27.5387 20.734 2.2
      vertex 28.3872 19.1465 2.2
      vertex 28.2778 19.0809 2.2
    endloop
  endfacet
  facet normal 0 0 -1
    outer loop
      vertex 27.2777 20.5776 2.2
      vertex 28.2778 19.0809 2.2
      vertex 28.1753 19.0049 2.2
    endloop
  endfacet
  facet normal 0 0 -1
    outer loop
      vertex 28.6226 19.244 2.2
      vertex 28.1001 20.9665 2.2
      vertex 28.3952 21.0404 2.2
    endloop
  endfacet
  facet normal 0 0 -1
    outer loop
      vertex 27.0334 20.3963 2.2
      vertex 28.1753 19.0049 2.2
      vertex 28.0808 18.9192 2.2
    endloop
  endfacet
  facet normal 0 0 -1
    outer loop
      vertex 26.808 20.192 2.2
      vertex 28.0808 18.9192 2.2
      vertex 27.9951 18.8247 2.2
    endloop
  endfacet
  facet normal 0 0 -1
    outer loop
      vertex 26.6037 19.9666 2.2
      vertex 27.9951 18.8247 2.2
      vertex 27.9191 18.7222 2.2
    endloop
  endfacet
  facet normal 0 0 -1
    outer loop
      vertex 26.4224 19.7223 2.2
      vertex 27.9191 18.7222 2.2
      vertex 27.8535 18.6128 2.2
    endloop
  endfacet
  facet normal 0 0 -1
    outer loop
      vertex 28.5025 19.201 2.2
      vertex 27.8137 20.864 2.2
      vertex 28.1001 20.9665 2.2
    endloop
  endfacet
  facet normal 0 0 -1
    outer loop
      vertex 26.266 19.4613 2.2
      vertex 27.8535 18.6128 2.2
      vertex 27.799 18.4975 2.2
    endloop
  endfacet
  facet normal 0 0 -1
    outer loop
      vertex 26.136 19.1863 2.2
      vertex 27.799 18.4975 2.2
      vertex 27.756 18.3774 2.2
    endloop
  endfacet
  facet normal 0 0 -1
    outer loop
      vertex 26.0335 18.8999 2.2
      vertex 27.756 18.3774 2.2
      vertex 27.725 18.2536 2.2
    endloop
  endfacet
  facet normal 0 0 -1
    outer loop
      vertex 25.9596 18.6048 2.2
      vertex 27.725 18.2536 2.2
      vertex 27.7063 18.1274 2.2
    endloop
  endfacet
  facet normal 0 0 -1
    outer loop
      vertex 25.9149 18.3039 2.2
      vertex 27.7063 18.1274 2.2
      vertex 27.7 18 2.2
    endloop
  endfacet
  facet normal 0 0 -1
    outer loop
      vertex 26.266 16.5387 2.2
      vertex 27.8535 17.3872 2.2
      vertex 26.4224 16.2777 2.2
    endloop
  endfacet
  facet normal 0 0 -1
    outer loop
      vertex 28.3872 19.1465 2.2
      vertex 27.5387 20.734 2.2
      vertex 27.8137 20.864 2.2
    endloop
  endfacet
  facet normal -0 0 -1
    outer loop
      vertex 27.8535 17.3872 2.2
      vertex 26.266 16.5387 2.2
      vertex 27.799 17.5025 2.2
    endloop
  endfacet
  facet normal 0 0 -1
    outer loop
      vertex 28.2778 19.0809 2.2
      vertex 27.2777 20.5776 2.2
      vertex 27.5387 20.734 2.2
    endloop
  endfacet
  facet normal 0 0 -1
    outer loop
      vertex 26.136 16.8137 2.2
      vertex 27.799 17.5025 2.2
      vertex 26.266 16.5387 2.2
    endloop
  endfacet
  facet normal 0 0 -1
    outer loop
      vertex 28.1753 19.0049 2.2
      vertex 27.0334 20.3963 2.2
      vertex 27.2777 20.5776 2.2
    endloop
  endfacet
  facet normal -0 0 -1
    outer loop
      vertex 27.799 17.5025 2.2
      vertex 26.136 16.8137 2.2
      vertex 27.756 17.6226 2.2
    endloop
  endfacet
  facet normal 0 0 -1
    outer loop
      vertex 28.0808 18.9192 2.2
      vertex 26.808 20.192 2.2
      vertex 27.0334 20.3963 2.2
    endloop
  endfacet
  facet normal 0 0 -1
    outer loop
      vertex 26.0335 17.1001 2.2
      vertex 27.756 17.6226 2.2
      vertex 26.136 16.8137 2.2
    endloop
  endfacet
  facet normal 0 0 -1
    outer loop
      vertex 27.9951 18.8247 2.2
      vertex 26.6037 19.9666 2.2
      vertex 26.808 20.192 2.2
    endloop
  endfacet
  facet normal -0 0 -1
    outer loop
      vertex 27.756 17.6226 2.2
      vertex 26.0335 17.1001 2.2
      vertex 27.725 17.7464 2.2
    endloop
  endfacet
  facet normal 0 0 -1
    outer loop
      vertex 27.9191 18.7222 2.2
      vertex 26.4224 19.7223 2.2
      vertex 26.6037 19.9666 2.2
    endloop
  endfacet
  facet normal 0 0 -1
    outer loop
      vertex 25.9596 17.3952 2.2
      vertex 27.725 17.7464 2.2
      vertex 26.0335 17.1001 2.2
    endloop
  endfacet
  facet normal 0 0 -1
    outer loop
      vertex 27.8535 18.6128 2.2
      vertex 26.266 19.4613 2.2
      vertex 26.4224 19.7223 2.2
    endloop
  endfacet
  facet normal -0 0 -1
    outer loop
      vertex 27.725 17.7464 2.2
      vertex 25.9596 17.3952 2.2
      vertex 27.7063 17.8726 2.2
    endloop
  endfacet
  facet normal 0 0 -1
    outer loop
      vertex 27.799 18.4975 2.2
      vertex 26.136 19.1863 2.2
      vertex 26.266 19.4613 2.2
    endloop
  endfacet
  facet normal 0 0 -1
    outer loop
      vertex 25.9149 17.6961 2.2
      vertex 27.7063 17.8726 2.2
      vertex 25.9596 17.3952 2.2
    endloop
  endfacet
  facet normal 0 0 -1
    outer loop
      vertex 27.756 18.3774 2.2
      vertex 26.0335 18.8999 2.2
      vertex 26.136 19.1863 2.2
    endloop
  endfacet
  facet normal -0 0 -1
    outer loop
      vertex 27.7063 17.8726 2.2
      vertex 25.9149 17.6961 2.2
      vertex 27.7 18 2.2
    endloop
  endfacet
  facet normal 0 0 -1
    outer loop
      vertex 27.725 18.2536 2.2
      vertex 25.9596 18.6048 2.2
      vertex 26.0335 18.8999 2.2
    endloop
  endfacet
  facet normal 0 0 -1
    outer loop
      vertex 25.9 18 2.2
      vertex 27.7 18 2.2
      vertex 25.9149 17.6961 2.2
    endloop
  endfacet
  facet normal 0 0 -1
    outer loop
      vertex 27.7063 18.1274 2.2
      vertex 25.9149 18.3039 2.2
      vertex 25.9596 18.6048 2.2
    endloop
  endfacet
  facet normal 0 0 -1
    outer loop
      vertex 27.7 18 2.2
      vertex 25.9 18 2.2
      vertex 25.9149 18.3039 2.2
    endloop
  endfacet
  facet normal 0.427345 0.904089 -0
    outer loop
      vertex 28.5025 16.799 2.2
      vertex 28.3872 16.8535 19.2
      vertex 28.5025 16.799 19.2
    endloop
  endfacet
  facet normal 0.427345 0.904089 0
    outer loop
      vertex 28.3872 16.8535 19.2
      vertex 28.5025 16.799 2.2
      vertex 28.3872 16.8535 2.2
    endloop
  endfacet
  facet normal -0.989199 -0.146577 0
    outer loop
      vertex 30.2937 18.1274 2.2
      vertex 30.275 18.2536 19.2
      vertex 30.275 18.2536 2.2
    endloop
  endfacet
  facet normal -0.989199 -0.146577 0
    outer loop
      vertex 30.275 18.2536 19.2
      vertex 30.2937 18.1274 2.2
      vertex 30.2937 18.1274 19.2
    endloop
  endfacet
  facet normal -0.99878 -0.0493902 0
    outer loop
      vertex 30.3 18 2.2
      vertex 30.2937 18.1274 19.2
      vertex 30.2937 18.1274 2.2
    endloop
  endfacet
  facet normal -0.99878 -0.0493902 0
    outer loop
      vertex 30.2937 18.1274 19.2
      vertex 30.3 18 2.2
      vertex 30.3 18 19.2
    endloop
  endfacet
  facet normal -0.97005 -0.242904 0
    outer loop
      vertex 30.275 18.2536 2.2
      vertex 30.244 18.3774 19.2
      vertex 30.244 18.3774 2.2
    endloop
  endfacet
  facet normal -0.97005 -0.242904 0
    outer loop
      vertex 30.244 18.3774 19.2
      vertex 30.275 18.2536 2.2
      vertex 30.275 18.2536 19.2
    endloop
  endfacet
  facet normal -0.427345 0.904089 0
    outer loop
      vertex 29.6128 16.8535 2.2
      vertex 29.4975 16.799 19.2
      vertex 29.6128 16.8535 19.2
    endloop
  endfacet
  facet normal -0.427345 0.904089 0
    outer loop
      vertex 29.4975 16.799 19.2
      vertex 29.6128 16.8535 2.2
      vertex 29.4975 16.799 2.2
    endloop
  endfacet
  facet normal 0.146577 -0.989199 0
    outer loop
      vertex 28.7464 19.275 2.2
      vertex 28.8726 19.2937 19.2
      vertex 28.7464 19.275 19.2
    endloop
  endfacet
  facet normal 0.146577 -0.989199 0
    outer loop
      vertex 28.8726 19.2937 19.2
      vertex 28.7464 19.275 2.2
      vertex 28.8726 19.2937 2.2
    endloop
  endfacet
  facet normal 0.941476 0.337081 0
    outer loop
      vertex 27.799 17.5025 19.2
      vertex 27.756 17.6226 2.2
      vertex 27.756 17.6226 19.2
    endloop
  endfacet
  facet normal 0.941476 0.337081 0
    outer loop
      vertex 27.756 17.6226 2.2
      vertex 27.799 17.5025 19.2
      vertex 27.799 17.5025 2.2
    endloop
  endfacet
  facet normal -0.514265 -0.857631 0
    outer loop
      vertex 29.6128 19.1465 2.2
      vertex 29.7222 19.0809 19.2
      vertex 29.6128 19.1465 19.2
    endloop
  endfacet
  facet normal -0.514265 -0.857631 -0
    outer loop
      vertex 29.7222 19.0809 19.2
      vertex 29.6128 19.1465 2.2
      vertex 29.7222 19.0809 2.2
    endloop
  endfacet
  facet normal 0.242904 0.97005 -0
    outer loop
      vertex 28.7464 16.725 2.2
      vertex 28.6226 16.756 19.2
      vertex 28.7464 16.725 19.2
    endloop
  endfacet
  facet normal 0.242904 0.97005 0
    outer loop
      vertex 28.6226 16.756 19.2
      vertex 28.7464 16.725 2.2
      vertex 28.6226 16.756 2.2
    endloop
  endfacet
  facet normal -0.242904 0.97005 0
    outer loop
      vertex 29.3774 16.756 2.2
      vertex 29.2536 16.725 19.2
      vertex 29.3774 16.756 19.2
    endloop
  endfacet
  facet normal -0.242904 0.97005 0
    outer loop
      vertex 29.2536 16.725 19.2
      vertex 29.3774 16.756 2.2
      vertex 29.2536 16.725 2.2
    endloop
  endfacet
  facet normal 0.514265 -0.857631 0
    outer loop
      vertex 28.2778 19.0809 2.2
      vertex 28.3872 19.1465 19.2
      vertex 28.2778 19.0809 19.2
    endloop
  endfacet
  facet normal 0.514265 -0.857631 0
    outer loop
      vertex 28.3872 19.1465 19.2
      vertex 28.2778 19.0809 2.2
      vertex 28.3872 19.1465 2.2
    endloop
  endfacet
  facet normal 0.595602 -0.803279 0
    outer loop
      vertex 28.1753 19.0049 2.2
      vertex 28.2778 19.0809 19.2
      vertex 28.1753 19.0049 19.2
    endloop
  endfacet
  facet normal 0.595602 -0.803279 0
    outer loop
      vertex 28.2778 19.0809 19.2
      vertex 28.1753 19.0049 2.2
      vertex 28.2778 19.0809 2.2
    endloop
  endfacet
  facet normal -0.146577 -0.989199 0
    outer loop
      vertex 29.1274 19.2937 2.2
      vertex 29.2536 19.275 19.2
      vertex 29.1274 19.2937 19.2
    endloop
  endfacet
  facet normal -0.146577 -0.989199 -0
    outer loop
      vertex 29.2536 19.275 19.2
      vertex 29.1274 19.2937 2.2
      vertex 29.2536 19.275 2.2
    endloop
  endfacet
  facet normal -0.0493902 0.99878 0
    outer loop
      vertex 29.1274 16.7063 2.2
      vertex 29 16.7 19.2
      vertex 29.1274 16.7063 19.2
    endloop
  endfacet
  facet normal -0.0493902 0.99878 0
    outer loop
      vertex 29 16.7 19.2
      vertex 29.1274 16.7063 2.2
      vertex 29 16.7 2.2
    endloop
  endfacet
  facet normal 0.514265 0.857631 -0
    outer loop
      vertex 28.3872 16.8535 2.2
      vertex 28.2778 16.9191 19.2
      vertex 28.3872 16.8535 19.2
    endloop
  endfacet
  facet normal 0.514265 0.857631 0
    outer loop
      vertex 28.2778 16.9191 19.2
      vertex 28.3872 16.8535 2.2
      vertex 28.2778 16.9191 2.2
    endloop
  endfacet
  facet normal 0.989199 -0.146577 0
    outer loop
      vertex 27.7063 18.1274 19.2
      vertex 27.725 18.2536 2.2
      vertex 27.725 18.2536 19.2
    endloop
  endfacet
  facet normal 0.989199 -0.146577 0
    outer loop
      vertex 27.725 18.2536 2.2
      vertex 27.7063 18.1274 19.2
      vertex 27.7063 18.1274 2.2
    endloop
  endfacet
  facet normal -0.904089 -0.427345 0
    outer loop
      vertex 30.201 18.4975 2.2
      vertex 30.1465 18.6128 19.2
      vertex 30.1465 18.6128 2.2
    endloop
  endfacet
  facet normal -0.904089 -0.427345 0
    outer loop
      vertex 30.1465 18.6128 19.2
      vertex 30.201 18.4975 2.2
      vertex 30.201 18.4975 19.2
    endloop
  endfacet
  facet normal 0.146577 0.989199 -0
    outer loop
      vertex 28.8726 16.7063 2.2
      vertex 28.7464 16.725 19.2
      vertex 28.8726 16.7063 19.2
    endloop
  endfacet
  facet normal 0.146577 0.989199 0
    outer loop
      vertex 28.7464 16.725 19.2
      vertex 28.8726 16.7063 2.2
      vertex 28.7464 16.725 2.2
    endloop
  endfacet
  facet normal -0.514265 0.857631 0
    outer loop
      vertex 29.7222 16.9191 2.2
      vertex 29.6128 16.8535 19.2
      vertex 29.7222 16.9191 19.2
    endloop
  endfacet
  facet normal -0.514265 0.857631 0
    outer loop
      vertex 29.6128 16.8535 19.2
      vertex 29.7222 16.9191 2.2
      vertex 29.6128 16.8535 2.2
    endloop
  endfacet
  facet normal 0.904089 0.427345 0
    outer loop
      vertex 27.8535 17.3872 19.2
      vertex 27.799 17.5025 2.2
      vertex 27.799 17.5025 19.2
    endloop
  endfacet
  facet normal 0.904089 0.427345 0
    outer loop
      vertex 27.799 17.5025 2.2
      vertex 27.8535 17.3872 19.2
      vertex 27.8535 17.3872 2.2
    endloop
  endfacet
  facet normal -0.989199 0.146577 0
    outer loop
      vertex 30.275 17.7464 2.2
      vertex 30.2937 17.8726 19.2
      vertex 30.2937 17.8726 2.2
    endloop
  endfacet
  facet normal -0.989199 0.146577 0
    outer loop
      vertex 30.2937 17.8726 19.2
      vertex 30.275 17.7464 2.2
      vertex 30.275 17.7464 19.2
    endloop
  endfacet
  facet normal -0.595602 -0.803279 0
    outer loop
      vertex 29.7222 19.0809 2.2
      vertex 29.8247 19.0049 19.2
      vertex 29.7222 19.0809 19.2
    endloop
  endfacet
  facet normal -0.595602 -0.803279 -0
    outer loop
      vertex 29.8247 19.0049 19.2
      vertex 29.7222 19.0809 2.2
      vertex 29.8247 19.0049 2.2
    endloop
  endfacet
  facet normal -0.803279 0.595602 0
    outer loop
      vertex 30.0049 17.1753 2.2
      vertex 30.0809 17.2778 19.2
      vertex 30.0809 17.2778 2.2
    endloop
  endfacet
  facet normal -0.803279 0.595602 0
    outer loop
      vertex 30.0809 17.2778 19.2
      vertex 30.0049 17.1753 2.2
      vertex 30.0049 17.1753 19.2
    endloop
  endfacet
  facet normal 0.941476 -0.337081 0
    outer loop
      vertex 27.756 18.3774 19.2
      vertex 27.799 18.4975 2.2
      vertex 27.799 18.4975 19.2
    endloop
  endfacet
  facet normal 0.941476 -0.337081 0
    outer loop
      vertex 27.799 18.4975 2.2
      vertex 27.756 18.3774 19.2
      vertex 27.756 18.3774 2.2
    endloop
  endfacet
  facet normal -0.803279 -0.595602 0
    outer loop
      vertex 30.0809 18.7222 2.2
      vertex 30.0049 18.8247 19.2
      vertex 30.0049 18.8247 2.2
    endloop
  endfacet
  facet normal -0.803279 -0.595602 0
    outer loop
      vertex 30.0049 18.8247 19.2
      vertex 30.0809 18.7222 2.2
      vertex 30.0809 18.7222 19.2
    endloop
  endfacet
  facet normal 0.0493902 -0.99878 0
    outer loop
      vertex 28.8726 19.2937 2.2
      vertex 29 19.3 19.2
      vertex 28.8726 19.2937 19.2
    endloop
  endfacet
  facet normal 0.0493902 -0.99878 0
    outer loop
      vertex 29 19.3 19.2
      vertex 28.8726 19.2937 2.2
      vertex 29 19.3 2.2
    endloop
  endfacet
  facet normal 0.97005 0.242904 0
    outer loop
      vertex 27.756 17.6226 19.2
      vertex 27.725 17.7464 2.2
      vertex 27.725 17.7464 19.2
    endloop
  endfacet
  facet normal 0.97005 0.242904 0
    outer loop
      vertex 27.725 17.7464 2.2
      vertex 27.756 17.6226 19.2
      vertex 27.756 17.6226 2.2
    endloop
  endfacet
  facet normal 0.337081 -0.941476 0
    outer loop
      vertex 28.5025 19.201 2.2
      vertex 28.6226 19.244 19.2
      vertex 28.5025 19.201 19.2
    endloop
  endfacet
  facet normal 0.337081 -0.941476 0
    outer loop
      vertex 28.6226 19.244 19.2
      vertex 28.5025 19.201 2.2
      vertex 28.6226 19.244 2.2
    endloop
  endfacet
  facet normal -0.904089 0.427345 0
    outer loop
      vertex 30.1465 17.3872 2.2
      vertex 30.201 17.5025 19.2
      vertex 30.201 17.5025 2.2
    endloop
  endfacet
  facet normal -0.904089 0.427345 0
    outer loop
      vertex 30.201 17.5025 19.2
      vertex 30.1465 17.3872 2.2
      vertex 30.1465 17.3872 19.2
    endloop
  endfacet
  facet normal 0.740755 -0.671775 0
    outer loop
      vertex 27.9951 18.8247 19.2
      vertex 28.0808 18.9192 2.2
      vertex 28.0808 18.9192 19.2
    endloop
  endfacet
  facet normal 0.740755 -0.671775 0
    outer loop
      vertex 28.0808 18.9192 2.2
      vertex 27.9951 18.8247 19.2
      vertex 27.9951 18.8247 2.2
    endloop
  endfacet
  facet normal 0.857631 -0.514265 0
    outer loop
      vertex 27.8535 18.6128 19.2
      vertex 27.9191 18.7222 2.2
      vertex 27.9191 18.7222 19.2
    endloop
  endfacet
  facet normal 0.857631 -0.514265 0
    outer loop
      vertex 27.9191 18.7222 2.2
      vertex 27.8535 18.6128 19.2
      vertex 27.8535 18.6128 2.2
    endloop
  endfacet
  facet normal -0.146577 0.989199 0
    outer loop
      vertex 29.2536 16.725 2.2
      vertex 29.1274 16.7063 19.2
      vertex 29.2536 16.725 19.2
    endloop
  endfacet
  facet normal -0.146577 0.989199 0
    outer loop
      vertex 29.1274 16.7063 19.2
      vertex 29.2536 16.725 2.2
      vertex 29.1274 16.7063 2.2
    endloop
  endfacet
  facet normal -0.857631 -0.514265 0
    outer loop
      vertex 30.1465 18.6128 2.2
      vertex 30.0809 18.7222 19.2
      vertex 30.0809 18.7222 2.2
    endloop
  endfacet
  facet normal -0.857631 -0.514265 0
    outer loop
      vertex 30.0809 18.7222 19.2
      vertex 30.1465 18.6128 2.2
      vertex 30.1465 18.6128 19.2
    endloop
  endfacet
  facet normal -0.941476 -0.337081 0
    outer loop
      vertex 30.244 18.3774 2.2
      vertex 30.201 18.4975 19.2
      vertex 30.201 18.4975 2.2
    endloop
  endfacet
  facet normal -0.941476 -0.337081 0
    outer loop
      vertex 30.201 18.4975 19.2
      vertex 30.244 18.3774 2.2
      vertex 30.244 18.3774 19.2
    endloop
  endfacet
  facet normal -0.671775 -0.740755 0
    outer loop
      vertex 29.8247 19.0049 2.2
      vertex 29.9192 18.9192 19.2
      vertex 29.8247 19.0049 19.2
    endloop
  endfacet
  facet normal -0.671775 -0.740755 -0
    outer loop
      vertex 29.9192 18.9192 19.2
      vertex 29.8247 19.0049 2.2
      vertex 29.9192 18.9192 2.2
    endloop
  endfacet
  facet normal -0.97005 0.242904 0
    outer loop
      vertex 30.244 17.6226 2.2
      vertex 30.275 17.7464 19.2
      vertex 30.275 17.7464 2.2
    endloop
  endfacet
  facet normal -0.97005 0.242904 0
    outer loop
      vertex 30.275 17.7464 19.2
      vertex 30.244 17.6226 2.2
      vertex 30.244 17.6226 19.2
    endloop
  endfacet
  facet normal 0.427345 -0.904089 0
    outer loop
      vertex 28.3872 19.1465 2.2
      vertex 28.5025 19.201 19.2
      vertex 28.3872 19.1465 19.2
    endloop
  endfacet
  facet normal 0.427345 -0.904089 0
    outer loop
      vertex 28.5025 19.201 19.2
      vertex 28.3872 19.1465 2.2
      vertex 28.5025 19.201 2.2
    endloop
  endfacet
  facet normal -0.337081 -0.941476 0
    outer loop
      vertex 29.3774 19.244 2.2
      vertex 29.4975 19.201 19.2
      vertex 29.3774 19.244 19.2
    endloop
  endfacet
  facet normal -0.337081 -0.941476 -0
    outer loop
      vertex 29.4975 19.201 19.2
      vertex 29.3774 19.244 2.2
      vertex 29.4975 19.201 2.2
    endloop
  endfacet
  facet normal 0.242904 -0.97005 0
    outer loop
      vertex 28.6226 19.244 2.2
      vertex 28.7464 19.275 19.2
      vertex 28.6226 19.244 19.2
    endloop
  endfacet
  facet normal 0.242904 -0.97005 0
    outer loop
      vertex 28.7464 19.275 19.2
      vertex 28.6226 19.244 2.2
      vertex 28.7464 19.275 2.2
    endloop
  endfacet
  facet normal -0.857631 0.514265 0
    outer loop
      vertex 30.0809 17.2778 2.2
      vertex 30.1465 17.3872 19.2
      vertex 30.1465 17.3872 2.2
    endloop
  endfacet
  facet normal -0.857631 0.514265 0
    outer loop
      vertex 30.1465 17.3872 19.2
      vertex 30.0809 17.2778 2.2
      vertex 30.0809 17.2778 19.2
    endloop
  endfacet
  facet normal -0.427345 -0.904089 0
    outer loop
      vertex 29.4975 19.201 2.2
      vertex 29.6128 19.1465 19.2
      vertex 29.4975 19.201 19.2
    endloop
  endfacet
  facet normal -0.427345 -0.904089 -0
    outer loop
      vertex 29.6128 19.1465 19.2
      vertex 29.4975 19.201 2.2
      vertex 29.6128 19.1465 2.2
    endloop
  endfacet
  facet normal -0.0493902 -0.99878 0
    outer loop
      vertex 29 19.3 2.2
      vertex 29.1274 19.2937 19.2
      vertex 29 19.3 19.2
    endloop
  endfacet
  facet normal -0.0493902 -0.99878 -0
    outer loop
      vertex 29.1274 19.2937 19.2
      vertex 29 19.3 2.2
      vertex 29.1274 19.2937 2.2
    endloop
  endfacet
  facet normal -0.941476 0.337081 0
    outer loop
      vertex 30.201 17.5025 2.2
      vertex 30.244 17.6226 19.2
      vertex 30.244 17.6226 2.2
    endloop
  endfacet
  facet normal -0.941476 0.337081 0
    outer loop
      vertex 30.244 17.6226 19.2
      vertex 30.201 17.5025 2.2
      vertex 30.201 17.5025 19.2
    endloop
  endfacet
  facet normal -0.671775 0.740755 0
    outer loop
      vertex 29.9192 17.0808 2.2
      vertex 29.8247 16.9951 19.2
      vertex 29.9192 17.0808 19.2
    endloop
  endfacet
  facet normal -0.671775 0.740755 0
    outer loop
      vertex 29.8247 16.9951 19.2
      vertex 29.9192 17.0808 2.2
      vertex 29.8247 16.9951 2.2
    endloop
  endfacet
  facet normal -0.242904 -0.97005 0
    outer loop
      vertex 29.2536 19.275 2.2
      vertex 29.3774 19.244 19.2
      vertex 29.2536 19.275 19.2
    endloop
  endfacet
  facet normal -0.242904 -0.97005 -0
    outer loop
      vertex 29.3774 19.244 19.2
      vertex 29.2536 19.275 2.2
      vertex 29.3774 19.244 2.2
    endloop
  endfacet
  facet normal -0.99878 0.0493902 0
    outer loop
      vertex 30.2937 17.8726 2.2
      vertex 30.3 18 19.2
      vertex 30.3 18 2.2
    endloop
  endfacet
  facet normal -0.99878 0.0493902 0
    outer loop
      vertex 30.3 18 19.2
      vertex 30.2937 17.8726 2.2
      vertex 30.2937 17.8726 19.2
    endloop
  endfacet
  facet normal 0.97005 -0.242904 0
    outer loop
      vertex 27.725 18.2536 19.2
      vertex 27.756 18.3774 2.2
      vertex 27.756 18.3774 19.2
    endloop
  endfacet
  facet normal 0.97005 -0.242904 0
    outer loop
      vertex 27.756 18.3774 2.2
      vertex 27.725 18.2536 19.2
      vertex 27.725 18.2536 2.2
    endloop
  endfacet
  facet normal 0.671775 -0.740755 0
    outer loop
      vertex 28.0808 18.9192 2.2
      vertex 28.1753 19.0049 19.2
      vertex 28.0808 18.9192 19.2
    endloop
  endfacet
  facet normal 0.671775 -0.740755 0
    outer loop
      vertex 28.1753 19.0049 19.2
      vertex 28.0808 18.9192 2.2
      vertex 28.1753 19.0049 2.2
    endloop
  endfacet
  facet normal 0.857631 0.514265 0
    outer loop
      vertex 27.9191 17.2778 19.2
      vertex 27.8535 17.3872 2.2
      vertex 27.8535 17.3872 19.2
    endloop
  endfacet
  facet normal 0.857631 0.514265 0
    outer loop
      vertex 27.8535 17.3872 2.2
      vertex 27.9191 17.2778 19.2
      vertex 27.9191 17.2778 2.2
    endloop
  endfacet
  facet normal 0.740755 0.671775 0
    outer loop
      vertex 28.0808 17.0808 19.2
      vertex 27.9951 17.1753 2.2
      vertex 27.9951 17.1753 19.2
    endloop
  endfacet
  facet normal 0.740755 0.671775 0
    outer loop
      vertex 27.9951 17.1753 2.2
      vertex 28.0808 17.0808 19.2
      vertex 28.0808 17.0808 2.2
    endloop
  endfacet
  facet normal 0.595602 0.803279 -0
    outer loop
      vertex 28.2778 16.9191 2.2
      vertex 28.1753 16.9951 19.2
      vertex 28.2778 16.9191 19.2
    endloop
  endfacet
  facet normal 0.595602 0.803279 0
    outer loop
      vertex 28.1753 16.9951 19.2
      vertex 28.2778 16.9191 2.2
      vertex 28.1753 16.9951 2.2
    endloop
  endfacet
  facet normal 0.989199 0.146577 0
    outer loop
      vertex 27.725 17.7464 19.2
      vertex 27.7063 17.8726 2.2
      vertex 27.7063 17.8726 19.2
    endloop
  endfacet
  facet normal 0.989199 0.146577 0
    outer loop
      vertex 27.7063 17.8726 2.2
      vertex 27.725 17.7464 19.2
      vertex 27.725 17.7464 2.2
    endloop
  endfacet
  facet normal 0.803279 0.595602 0
    outer loop
      vertex 27.9951 17.1753 19.2
      vertex 27.9191 17.2778 2.2
      vertex 27.9191 17.2778 19.2
    endloop
  endfacet
  facet normal 0.803279 0.595602 0
    outer loop
      vertex 27.9191 17.2778 2.2
      vertex 27.9951 17.1753 19.2
      vertex 27.9951 17.1753 2.2
    endloop
  endfacet
  facet normal -0.337081 0.941476 0
    outer loop
      vertex 29.4975 16.799 2.2
      vertex 29.3774 16.756 19.2
      vertex 29.4975 16.799 19.2
    endloop
  endfacet
  facet normal -0.337081 0.941476 0
    outer loop
      vertex 29.3774 16.756 19.2
      vertex 29.4975 16.799 2.2
      vertex 29.3774 16.756 2.2
    endloop
  endfacet
  facet normal 0.99878 0.0493902 0
    outer loop
      vertex 27.7063 17.8726 19.2
      vertex 27.7 18 2.2
      vertex 27.7 18 19.2
    endloop
  endfacet
  facet normal 0.99878 0.0493902 0
    outer loop
      vertex 27.7 18 2.2
      vertex 27.7063 17.8726 19.2
      vertex 27.7063 17.8726 2.2
    endloop
  endfacet
  facet normal 0.803279 -0.595602 0
    outer loop
      vertex 27.9191 18.7222 19.2
      vertex 27.9951 18.8247 2.2
      vertex 27.9951 18.8247 19.2
    endloop
  endfacet
  facet normal 0.803279 -0.595602 0
    outer loop
      vertex 27.9951 18.8247 2.2
      vertex 27.9191 18.7222 19.2
      vertex 27.9191 18.7222 2.2
    endloop
  endfacet
  facet normal -0.595602 0.803279 0
    outer loop
      vertex 29.8247 16.9951 2.2
      vertex 29.7222 16.9191 19.2
      vertex 29.8247 16.9951 19.2
    endloop
  endfacet
  facet normal -0.595602 0.803279 0
    outer loop
      vertex 29.7222 16.9191 19.2
      vertex 29.8247 16.9951 2.2
      vertex 29.7222 16.9191 2.2
    endloop
  endfacet
  facet normal -0.740755 -0.671775 0
    outer loop
      vertex 30.0049 18.8247 2.2
      vertex 29.9192 18.9192 19.2
      vertex 29.9192 18.9192 2.2
    endloop
  endfacet
  facet normal -0.740755 -0.671775 0
    outer loop
      vertex 29.9192 18.9192 19.2
      vertex 30.0049 18.8247 2.2
      vertex 30.0049 18.8247 19.2
    endloop
  endfacet
  facet normal 0.904089 -0.427345 0
    outer loop
      vertex 27.799 18.4975 19.2
      vertex 27.8535 18.6128 2.2
      vertex 27.8535 18.6128 19.2
    endloop
  endfacet
  facet normal 0.904089 -0.427345 0
    outer loop
      vertex 27.8535 18.6128 2.2
      vertex 27.799 18.4975 19.2
      vertex 27.799 18.4975 2.2
    endloop
  endfacet
  facet normal 0.337081 0.941476 -0
    outer loop
      vertex 28.6226 16.756 2.2
      vertex 28.5025 16.799 19.2
      vertex 28.6226 16.756 19.2
    endloop
  endfacet
  facet normal 0.337081 0.941476 0
    outer loop
      vertex 28.5025 16.799 19.2
      vertex 28.6226 16.756 2.2
      vertex 28.5025 16.799 2.2
    endloop
  endfacet
  facet normal 0.0493902 0.99878 -0
    outer loop
      vertex 29 16.7 2.2
      vertex 28.8726 16.7063 19.2
      vertex 29 16.7 19.2
    endloop
  endfacet
  facet normal 0.0493902 0.99878 0
    outer loop
      vertex 28.8726 16.7063 19.2
      vertex 29 16.7 2.2
      vertex 28.8726 16.7063 2.2
    endloop
  endfacet
  facet normal 0.99878 -0.0493902 0
    outer loop
      vertex 27.7 18 19.2
      vertex 27.7063 18.1274 2.2
      vertex 27.7063 18.1274 19.2
    endloop
  endfacet
  facet normal 0.99878 -0.0493902 0
    outer loop
      vertex 27.7063 18.1274 2.2
      vertex 27.7 18 19.2
      vertex 27.7 18 2.2
    endloop
  endfacet
  facet normal 0.671775 0.740755 -0
    outer loop
      vertex 28.1753 16.9951 2.2
      vertex 28.0808 17.0808 19.2
      vertex 28.1753 16.9951 19.2
    endloop
  endfacet
  facet normal 0.671775 0.740755 0
    outer loop
      vertex 28.0808 17.0808 19.2
      vertex 28.1753 16.9951 2.2
      vertex 28.0808 17.0808 2.2
    endloop
  endfacet
  facet normal -0.740755 0.671775 0
    outer loop
      vertex 29.9192 17.0808 2.2
      vertex 30.0049 17.1753 19.2
      vertex 30.0049 17.1753 2.2
    endloop
  endfacet
  facet normal -0.740755 0.671775 0
    outer loop
      vertex 30.0049 17.1753 19.2
      vertex 29.9192 17.0808 2.2
      vertex 29.9192 17.0808 19.2
    endloop
  endfacet
  facet normal 0.989145 0.146942 0
    outer loop
      vertex -25.9149 18.3039 19.2
      vertex -25.9596 18.6048 2.2
      vertex -25.9596 18.6048 19.2
    endloop
  endfacet
  facet normal 0.989145 0.146942 0
    outer loop
      vertex -25.9596 18.6048 2.2
      vertex -25.9149 18.3039 19.2
      vertex -25.9149 18.3039 2.2
    endloop
  endfacet
  facet normal 0.9988 0.0489705 0
    outer loop
      vertex -25.9 18 19.2
      vertex -25.9149 18.3039 2.2
      vertex -25.9149 18.3039 19.2
    endloop
  endfacet
  facet normal 0.9988 0.0489705 0
    outer loop
      vertex -25.9149 18.3039 2.2
      vertex -25.9 18 19.2
      vertex -25.9 18 2.2
    endloop
  endfacet
  facet normal 0.970046 0.242922 0
    outer loop
      vertex -25.9596 18.6048 19.2
      vertex -26.0335 18.8999 2.2
      vertex -26.0335 18.8999 19.2
    endloop
  endfacet
  facet normal 0.970046 0.242922 0
    outer loop
      vertex -26.0335 18.8999 2.2
      vertex -25.9596 18.6048 19.2
      vertex -25.9596 18.6048 2.2
    endloop
  endfacet
  facet normal 0.803027 -0.595943 0
    outer loop
      vertex -26.6037 16.0334 19.2
      vertex -26.4224 16.2777 2.2
      vertex -26.4224 16.2777 19.2
    endloop
  endfacet
  facet normal 0.803027 -0.595943 0
    outer loop
      vertex -26.4224 16.2777 2.2
      vertex -26.6037 16.0334 19.2
      vertex -26.6037 16.0334 2.2
    endloop
  endfacet
  facet normal 0.0489705 -0.9988 0
    outer loop
      vertex -29 14.9 2.2
      vertex -28.6961 14.9149 19.2
      vertex -29 14.9 19.2
    endloop
  endfacet
  facet normal 0.0489705 -0.9988 0
    outer loop
      vertex -28.6961 14.9149 19.2
      vertex -29 14.9 2.2
      vertex -28.6961 14.9149 2.2
    endloop
  endfacet
  facet normal 0.514012 -0.857783 0
    outer loop
      vertex -27.5387 15.266 2.2
      vertex -27.2777 15.4224 19.2
      vertex -27.5387 15.266 19.2
    endloop
  endfacet
  facet normal 0.514012 -0.857783 0
    outer loop
      vertex -27.2777 15.4224 19.2
      vertex -27.5387 15.266 2.2
      vertex -27.2777 15.4224 2.2
    endloop
  endfacet
  facet normal -0.42738 0.904072 0
    outer loop
      vertex -30.1863 20.864 2.2
      vertex -30.4613 20.734 19.2
      vertex -30.1863 20.864 19.2
    endloop
  endfacet
  facet normal -0.42738 0.904072 0
    outer loop
      vertex -30.4613 20.734 19.2
      vertex -30.1863 20.864 2.2
      vertex -30.4613 20.734 2.2
    endloop
  endfacet
  facet normal 0.514012 0.857783 -0
    outer loop
      vertex -27.2777 20.5776 2.2
      vertex -27.5387 20.734 19.2
      vertex -27.2777 20.5776 19.2
    endloop
  endfacet
  facet normal 0.514012 0.857783 0
    outer loop
      vertex -27.5387 20.734 19.2
      vertex -27.2777 20.5776 2.2
      vertex -27.5387 20.734 2.2
    endloop
  endfacet
  facet normal -0.0489705 0.9988 0
    outer loop
      vertex -29 21.1 2.2
      vertex -29.3039 21.0851 19.2
      vertex -29 21.1 19.2
    endloop
  endfacet
  facet normal -0.0489705 0.9988 0
    outer loop
      vertex -29.3039 21.0851 19.2
      vertex -29 21.1 2.2
      vertex -29.3039 21.0851 2.2
    endloop
  endfacet
  facet normal -0.803027 -0.595943 0
    outer loop
      vertex -31.3963 16.0334 2.2
      vertex -31.5776 16.2777 19.2
      vertex -31.5776 16.2777 2.2
    endloop
  endfacet
  facet normal -0.803027 -0.595943 0
    outer loop
      vertex -31.5776 16.2777 19.2
      vertex -31.3963 16.0334 2.2
      vertex -31.3963 16.0334 19.2
    endloop
  endfacet
  facet normal 0.941519 0.336961 0
    outer loop
      vertex -26.0335 18.8999 19.2
      vertex -26.136 19.1863 2.2
      vertex -26.136 19.1863 19.2
    endloop
  endfacet
  facet normal 0.941519 0.336961 0
    outer loop
      vertex -26.136 19.1863 2.2
      vertex -26.0335 18.8999 19.2
      vertex -26.0335 18.8999 2.2
    endloop
  endfacet
  facet normal 0.941519 -0.336961 0
    outer loop
      vertex -26.136 16.8137 19.2
      vertex -26.0335 17.1001 2.2
      vertex -26.0335 17.1001 19.2
    endloop
  endfacet
  facet normal 0.941519 -0.336961 0
    outer loop
      vertex -26.0335 17.1001 2.2
      vertex -26.136 16.8137 19.2
      vertex -26.136 16.8137 2.2
    endloop
  endfacet
  facet normal -0.857783 -0.514012 0
    outer loop
      vertex -31.5776 16.2777 2.2
      vertex -31.734 16.5387 19.2
      vertex -31.734 16.5387 2.2
    endloop
  endfacet
  facet normal -0.857783 -0.514012 0
    outer loop
      vertex -31.734 16.5387 19.2
      vertex -31.5776 16.2777 2.2
      vertex -31.5776 16.2777 19.2
    endloop
  endfacet
  facet normal 0.242922 -0.970046 0
    outer loop
      vertex -28.3952 14.9596 2.2
      vertex -28.1001 15.0335 19.2
      vertex -28.3952 14.9596 19.2
    endloop
  endfacet
  facet normal 0.242922 -0.970046 0
    outer loop
      vertex -28.1001 15.0335 19.2
      vertex -28.3952 14.9596 2.2
      vertex -28.1001 15.0335 2.2
    endloop
  endfacet
  facet normal 0.9988 -0.0489705 0
    outer loop
      vertex -25.9149 17.6961 19.2
      vertex -25.9 18 2.2
      vertex -25.9 18 19.2
    endloop
  endfacet
  facet normal 0.9988 -0.0489705 0
    outer loop
      vertex -25.9 18 2.2
      vertex -25.9149 17.6961 19.2
      vertex -25.9149 17.6961 2.2
    endloop
  endfacet
  facet normal -0.595943 -0.803027 0
    outer loop
      vertex -30.9666 15.6037 2.2
      vertex -30.7223 15.4224 19.2
      vertex -30.9666 15.6037 19.2
    endloop
  endfacet
  facet normal -0.595943 -0.803027 -0
    outer loop
      vertex -30.7223 15.4224 19.2
      vertex -30.9666 15.6037 2.2
      vertex -30.7223 15.4224 2.2
    endloop
  endfacet
  facet normal -0.989145 -0.146942 0
    outer loop
      vertex -32.0404 17.3952 2.2
      vertex -32.0851 17.6961 19.2
      vertex -32.0851 17.6961 2.2
    endloop
  endfacet
  facet normal -0.989145 -0.146942 0
    outer loop
      vertex -32.0851 17.6961 19.2
      vertex -32.0404 17.3952 2.2
      vertex -32.0404 17.3952 19.2
    endloop
  endfacet
  facet normal -0.595943 0.803027 0
    outer loop
      vertex -30.7223 20.5776 2.2
      vertex -30.9666 20.3963 19.2
      vertex -30.7223 20.5776 19.2
    endloop
  endfacet
  facet normal -0.595943 0.803027 0
    outer loop
      vertex -30.9666 20.3963 19.2
      vertex -30.7223 20.5776 2.2
      vertex -30.9666 20.3963 2.2
    endloop
  endfacet
  facet normal 0.595943 0.803027 -0
    outer loop
      vertex -27.0334 20.3963 2.2
      vertex -27.2777 20.5776 19.2
      vertex -27.0334 20.3963 19.2
    endloop
  endfacet
  facet normal 0.595943 0.803027 0
    outer loop
      vertex -27.2777 20.5776 19.2
      vertex -27.0334 20.3963 2.2
      vertex -27.2777 20.5776 2.2
    endloop
  endfacet
  facet normal 0.740936 -0.671576 0
    outer loop
      vertex -26.808 15.808 19.2
      vertex -26.6037 16.0334 2.2
      vertex -26.6037 16.0334 19.2
    endloop
  endfacet
  facet normal 0.740936 -0.671576 0
    outer loop
      vertex -26.6037 16.0334 2.2
      vertex -26.808 15.808 19.2
      vertex -26.808 15.808 2.2
    endloop
  endfacet
  facet normal -0.941519 -0.336961 0
    outer loop
      vertex -31.864 16.8137 2.2
      vertex -31.9665 17.1001 19.2
      vertex -31.9665 17.1001 2.2
    endloop
  endfacet
  facet normal -0.941519 -0.336961 0
    outer loop
      vertex -31.9665 17.1001 19.2
      vertex -31.864 16.8137 2.2
      vertex -31.864 16.8137 19.2
    endloop
  endfacet
  facet normal 0.989145 -0.146942 0
    outer loop
      vertex -25.9596 17.3952 19.2
      vertex -25.9149 17.6961 2.2
      vertex -25.9149 17.6961 19.2
    endloop
  endfacet
  facet normal 0.989145 -0.146942 0
    outer loop
      vertex -25.9149 17.6961 2.2
      vertex -25.9596 17.3952 19.2
      vertex -25.9596 17.3952 2.2
    endloop
  endfacet
  facet normal -0.857783 0.514012 0
    outer loop
      vertex -31.734 19.4613 2.2
      vertex -31.5776 19.7223 19.2
      vertex -31.5776 19.7223 2.2
    endloop
  endfacet
  facet normal -0.857783 0.514012 0
    outer loop
      vertex -31.5776 19.7223 19.2
      vertex -31.734 19.4613 2.2
      vertex -31.734 19.4613 19.2
    endloop
  endfacet
  facet normal 0.970046 -0.242922 0
    outer loop
      vertex -26.0335 17.1001 19.2
      vertex -25.9596 17.3952 2.2
      vertex -25.9596 17.3952 19.2
    endloop
  endfacet
  facet normal 0.970046 -0.242922 0
    outer loop
      vertex -25.9596 17.3952 2.2
      vertex -26.0335 17.1001 19.2
      vertex -26.0335 17.1001 2.2
    endloop
  endfacet
  facet normal 0.42738 -0.904072 0
    outer loop
      vertex -27.8137 15.136 2.2
      vertex -27.5387 15.266 19.2
      vertex -27.8137 15.136 19.2
    endloop
  endfacet
  facet normal 0.42738 -0.904072 0
    outer loop
      vertex -27.5387 15.266 19.2
      vertex -27.8137 15.136 2.2
      vertex -27.5387 15.266 2.2
    endloop
  endfacet
  facet normal 0 0 1
    outer loop
      vertex -27.7 18 19.2
      vertex -25.9 18 19.2
      vertex -25.9149 18.3039 19.2
    endloop
  endfacet
  facet normal 0 0 1
    outer loop
      vertex -27.7063 18.1274 19.2
      vertex -25.9149 18.3039 19.2
      vertex -25.9596 18.6048 19.2
    endloop
  endfacet
  facet normal 0 0 1
    outer loop
      vertex -25.9 18 19.2
      vertex -27.7 18 19.2
      vertex -25.9149 17.6961 19.2
    endloop
  endfacet
  facet normal 0 0 1
    outer loop
      vertex -27.725 18.2536 19.2
      vertex -25.9596 18.6048 19.2
      vertex -26.0335 18.8999 19.2
    endloop
  endfacet
  facet normal -0 0 1
    outer loop
      vertex -27.7063 17.8726 19.2
      vertex -25.9149 17.6961 19.2
      vertex -27.7 18 19.2
    endloop
  endfacet
  facet normal 0 0 1
    outer loop
      vertex -27.756 18.3774 19.2
      vertex -26.0335 18.8999 19.2
      vertex -26.136 19.1863 19.2
    endloop
  endfacet
  facet normal 0 0 1
    outer loop
      vertex -25.9149 17.6961 19.2
      vertex -27.7063 17.8726 19.2
      vertex -25.9596 17.3952 19.2
    endloop
  endfacet
  facet normal 0 0 1
    outer loop
      vertex -27.799 18.4975 19.2
      vertex -26.136 19.1863 19.2
      vertex -26.266 19.4613 19.2
    endloop
  endfacet
  facet normal -0 0 1
    outer loop
      vertex -27.725 17.7464 19.2
      vertex -25.9596 17.3952 19.2
      vertex -27.7063 17.8726 19.2
    endloop
  endfacet
  facet normal 0 0 1
    outer loop
      vertex -27.8535 18.6128 19.2
      vertex -26.266 19.4613 19.2
      vertex -26.4224 19.7223 19.2
    endloop
  endfacet
  facet normal 0 0 1
    outer loop
      vertex -25.9596 17.3952 19.2
      vertex -27.725 17.7464 19.2
      vertex -26.0335 17.1001 19.2
    endloop
  endfacet
  facet normal 0 0 1
    outer loop
      vertex -27.9191 18.7222 19.2
      vertex -26.4224 19.7223 19.2
      vertex -26.6037 19.9666 19.2
    endloop
  endfacet
  facet normal -0 0 1
    outer loop
      vertex -27.756 17.6226 19.2
      vertex -26.0335 17.1001 19.2
      vertex -27.725 17.7464 19.2
    endloop
  endfacet
  facet normal 0 0 1
    outer loop
      vertex -27.9951 18.8247 19.2
      vertex -26.6037 19.9666 19.2
      vertex -26.808 20.192 19.2
    endloop
  endfacet
  facet normal 0 0 1
    outer loop
      vertex -26.0335 17.1001 19.2
      vertex -27.756 17.6226 19.2
      vertex -26.136 16.8137 19.2
    endloop
  endfacet
  facet normal 0 0 1
    outer loop
      vertex -28.0808 18.9192 19.2
      vertex -26.808 20.192 19.2
      vertex -27.0334 20.3963 19.2
    endloop
  endfacet
  facet normal -0 0 1
    outer loop
      vertex -27.799 17.5025 19.2
      vertex -26.136 16.8137 19.2
      vertex -27.756 17.6226 19.2
    endloop
  endfacet
  facet normal 0 0 1
    outer loop
      vertex -28.1753 19.0049 19.2
      vertex -27.0334 20.3963 19.2
      vertex -27.2777 20.5776 19.2
    endloop
  endfacet
  facet normal 0 0 1
    outer loop
      vertex -26.136 16.8137 19.2
      vertex -27.799 17.5025 19.2
      vertex -26.266 16.5387 19.2
    endloop
  endfacet
  facet normal 0 0 1
    outer loop
      vertex -28.2778 19.0809 19.2
      vertex -27.2777 20.5776 19.2
      vertex -27.5387 20.734 19.2
    endloop
  endfacet
  facet normal -0 0 1
    outer loop
      vertex -27.8535 17.3872 19.2
      vertex -26.266 16.5387 19.2
      vertex -27.799 17.5025 19.2
    endloop
  endfacet
  facet normal 0 0 1
    outer loop
      vertex -26.266 16.5387 19.2
      vertex -27.8535 17.3872 19.2
      vertex -26.4224 16.2777 19.2
    endloop
  endfacet
  facet normal 0 0 1
    outer loop
      vertex -25.9149 18.3039 19.2
      vertex -27.7063 18.1274 19.2
      vertex -27.7 18 19.2
    endloop
  endfacet
  facet normal 0 0 1
    outer loop
      vertex -25.9596 18.6048 19.2
      vertex -27.725 18.2536 19.2
      vertex -27.7063 18.1274 19.2
    endloop
  endfacet
  facet normal 0 0 1
    outer loop
      vertex -26.0335 18.8999 19.2
      vertex -27.756 18.3774 19.2
      vertex -27.725 18.2536 19.2
    endloop
  endfacet
  facet normal 0 0 1
    outer loop
      vertex -26.136 19.1863 19.2
      vertex -27.799 18.4975 19.2
      vertex -27.756 18.3774 19.2
    endloop
  endfacet
  facet normal 0 0 1
    outer loop
      vertex -28.3872 19.1465 19.2
      vertex -27.5387 20.734 19.2
      vertex -27.8137 20.864 19.2
    endloop
  endfacet
  facet normal 0 0 1
    outer loop
      vertex -26.266 19.4613 19.2
      vertex -27.8535 18.6128 19.2
      vertex -27.799 18.4975 19.2
    endloop
  endfacet
  facet normal 0 0 1
    outer loop
      vertex -26.4224 19.7223 19.2
      vertex -27.9191 18.7222 19.2
      vertex -27.8535 18.6128 19.2
    endloop
  endfacet
  facet normal 0 0 1
    outer loop
      vertex -26.6037 19.9666 19.2
      vertex -27.9951 18.8247 19.2
      vertex -27.9191 18.7222 19.2
    endloop
  endfacet
  facet normal 0 0 1
    outer loop
      vertex -26.808 20.192 19.2
      vertex -28.0808 18.9192 19.2
      vertex -27.9951 18.8247 19.2
    endloop
  endfacet
  facet normal 0 0 1
    outer loop
      vertex -28.5025 19.201 19.2
      vertex -27.8137 20.864 19.2
      vertex -28.1001 20.9665 19.2
    endloop
  endfacet
  facet normal 0 0 1
    outer loop
      vertex -27.0334 20.3963 19.2
      vertex -28.1753 19.0049 19.2
      vertex -28.0808 18.9192 19.2
    endloop
  endfacet
  facet normal 0 0 1
    outer loop
      vertex -27.2777 20.5776 19.2
      vertex -28.2778 19.0809 19.2
      vertex -28.1753 19.0049 19.2
    endloop
  endfacet
  facet normal 0 0 1
    outer loop
      vertex -27.5387 20.734 19.2
      vertex -28.3872 19.1465 19.2
      vertex -28.2778 19.0809 19.2
    endloop
  endfacet
  facet normal 0 0 1
    outer loop
      vertex -28.6226 19.244 19.2
      vertex -28.1001 20.9665 19.2
      vertex -28.3952 21.0404 19.2
    endloop
  endfacet
  facet normal 0 0 1
    outer loop
      vertex -27.8137 20.864 19.2
      vertex -28.5025 19.201 19.2
      vertex -28.3872 19.1465 19.2
    endloop
  endfacet
  facet normal 0 0 1
    outer loop
      vertex -28.1001 20.9665 19.2
      vertex -28.6226 19.244 19.2
      vertex -28.5025 19.201 19.2
    endloop
  endfacet
  facet normal 0 0 1
    outer loop
      vertex -28.7464 19.275 19.2
      vertex -28.3952 21.0404 19.2
      vertex -28.6961 21.0851 19.2
    endloop
  endfacet
  facet normal 0 0 1
    outer loop
      vertex -28.3952 21.0404 19.2
      vertex -28.7464 19.275 19.2
      vertex -28.6226 19.244 19.2
    endloop
  endfacet
  facet normal 0 0 1
    outer loop
      vertex -28.6961 21.0851 19.2
      vertex -28.8726 19.2937 19.2
      vertex -28.7464 19.275 19.2
    endloop
  endfacet
  facet normal 0 0 1
    outer loop
      vertex -29 21.1 19.2
      vertex -28.8726 19.2937 19.2
      vertex -28.6961 21.0851 19.2
    endloop
  endfacet
  facet normal 0 0 1
    outer loop
      vertex -29 21.1 19.2
      vertex -29 19.3 19.2
      vertex -28.8726 19.2937 19.2
    endloop
  endfacet
  facet normal 0 0 1
    outer loop
      vertex -29 21.1 19.2
      vertex -29.1274 19.2937 19.2
      vertex -29 19.3 19.2
    endloop
  endfacet
  facet normal -0 0 1
    outer loop
      vertex -29.3039 21.0851 19.2
      vertex -29.1274 19.2937 19.2
      vertex -29 21.1 19.2
    endloop
  endfacet
  facet normal 0 0 1
    outer loop
      vertex -29.1274 19.2937 19.2
      vertex -29.3039 21.0851 19.2
      vertex -29.2536 19.275 19.2
    endloop
  endfacet
  facet normal -0 0 1
    outer loop
      vertex -29.6048 21.0404 19.2
      vertex -29.2536 19.275 19.2
      vertex -29.3039 21.0851 19.2
    endloop
  endfacet
  facet normal 0 0 1
    outer loop
      vertex -29.2536 19.275 19.2
      vertex -29.6048 21.0404 19.2
      vertex -29.3774 19.244 19.2
    endloop
  endfacet
  facet normal -0 0 1
    outer loop
      vertex -29.8999 20.9665 19.2
      vertex -29.3774 19.244 19.2
      vertex -29.6048 21.0404 19.2
    endloop
  endfacet
  facet normal 0 0 1
    outer loop
      vertex -29.3774 19.244 19.2
      vertex -29.8999 20.9665 19.2
      vertex -29.4975 19.201 19.2
    endloop
  endfacet
  facet normal -0 0 1
    outer loop
      vertex -30.1863 20.864 19.2
      vertex -29.4975 19.201 19.2
      vertex -29.8999 20.9665 19.2
    endloop
  endfacet
  facet normal 0 0 1
    outer loop
      vertex -29.4975 19.201 19.2
      vertex -30.1863 20.864 19.2
      vertex -29.6128 19.1465 19.2
    endloop
  endfacet
  facet normal -0 0 1
    outer loop
      vertex -30.4613 20.734 19.2
      vertex -29.6128 19.1465 19.2
      vertex -30.1863 20.864 19.2
    endloop
  endfacet
  facet normal 0 0 1
    outer loop
      vertex -29.6128 19.1465 19.2
      vertex -30.4613 20.734 19.2
      vertex -29.7222 19.0809 19.2
    endloop
  endfacet
  facet normal -0 0 1
    outer loop
      vertex -30.7223 20.5776 19.2
      vertex -29.7222 19.0809 19.2
      vertex -30.4613 20.734 19.2
    endloop
  endfacet
  facet normal 0 0 1
    outer loop
      vertex -29.7222 19.0809 19.2
      vertex -30.7223 20.5776 19.2
      vertex -29.8247 19.0049 19.2
    endloop
  endfacet
  facet normal -0 0 1
    outer loop
      vertex -30.9666 20.3963 19.2
      vertex -29.8247 19.0049 19.2
      vertex -30.7223 20.5776 19.2
    endloop
  endfacet
  facet normal 0 0 1
    outer loop
      vertex -29.8247 19.0049 19.2
      vertex -30.9666 20.3963 19.2
      vertex -29.9192 18.9192 19.2
    endloop
  endfacet
  facet normal -0 0 1
    outer loop
      vertex -31.192 20.192 19.2
      vertex -29.9192 18.9192 19.2
      vertex -30.9666 20.3963 19.2
    endloop
  endfacet
  facet normal 0 0 1
    outer loop
      vertex -29.9192 18.9192 19.2
      vertex -31.192 20.192 19.2
      vertex -30.0049 18.8247 19.2
    endloop
  endfacet
  facet normal -0 0 1
    outer loop
      vertex -31.3963 19.9666 19.2
      vertex -30.0049 18.8247 19.2
      vertex -31.192 20.192 19.2
    endloop
  endfacet
  facet normal 0 0 1
    outer loop
      vertex -30.0049 18.8247 19.2
      vertex -31.3963 19.9666 19.2
      vertex -30.0809 18.7222 19.2
    endloop
  endfacet
  facet normal -0 0 1
    outer loop
      vertex -31.5776 19.7223 19.2
      vertex -30.0809 18.7222 19.2
      vertex -31.3963 19.9666 19.2
    endloop
  endfacet
  facet normal 0 0 1
    outer loop
      vertex -30.0809 18.7222 19.2
      vertex -31.5776 19.7223 19.2
      vertex -30.1465 18.6128 19.2
    endloop
  endfacet
  facet normal -0 0 1
    outer loop
      vertex -27.9191 17.2778 19.2
      vertex -26.4224 16.2777 19.2
      vertex -27.8535 17.3872 19.2
    endloop
  endfacet
  facet normal 0 0 1
    outer loop
      vertex -26.4224 16.2777 19.2
      vertex -27.9191 17.2778 19.2
      vertex -26.6037 16.0334 19.2
    endloop
  endfacet
  facet normal -0 0 1
    outer loop
      vertex -27.9951 17.1753 19.2
      vertex -26.6037 16.0334 19.2
      vertex -27.9191 17.2778 19.2
    endloop
  endfacet
  facet normal 0 0 1
    outer loop
      vertex -26.6037 16.0334 19.2
      vertex -27.9951 17.1753 19.2
      vertex -26.808 15.808 19.2
    endloop
  endfacet
  facet normal -0 0 1
    outer loop
      vertex -28.0808 17.0808 19.2
      vertex -26.808 15.808 19.2
      vertex -27.9951 17.1753 19.2
    endloop
  endfacet
  facet normal 0 0 1
    outer loop
      vertex -26.808 15.808 19.2
      vertex -28.0808 17.0808 19.2
      vertex -27.0334 15.6037 19.2
    endloop
  endfacet
  facet normal -0 0 1
    outer loop
      vertex -28.1753 16.9951 19.2
      vertex -27.0334 15.6037 19.2
      vertex -28.0808 17.0808 19.2
    endloop
  endfacet
  facet normal 0 0 1
    outer loop
      vertex -27.0334 15.6037 19.2
      vertex -28.1753 16.9951 19.2
      vertex -27.2777 15.4224 19.2
    endloop
  endfacet
  facet normal -0 0 1
    outer loop
      vertex -28.2778 16.9191 19.2
      vertex -27.2777 15.4224 19.2
      vertex -28.1753 16.9951 19.2
    endloop
  endfacet
  facet normal 0 0 1
    outer loop
      vertex -27.2777 15.4224 19.2
      vertex -28.2778 16.9191 19.2
      vertex -27.5387 15.266 19.2
    endloop
  endfacet
  facet normal -0 0 1
    outer loop
      vertex -28.3872 16.8535 19.2
      vertex -27.5387 15.266 19.2
      vertex -28.2778 16.9191 19.2
    endloop
  endfacet
  facet normal 0 0 1
    outer loop
      vertex -27.5387 15.266 19.2
      vertex -28.3872 16.8535 19.2
      vertex -27.8137 15.136 19.2
    endloop
  endfacet
  facet normal -0 0 1
    outer loop
      vertex -28.5025 16.799 19.2
      vertex -27.8137 15.136 19.2
      vertex -28.3872 16.8535 19.2
    endloop
  endfacet
  facet normal 0 0 1
    outer loop
      vertex -27.8137 15.136 19.2
      vertex -28.5025 16.799 19.2
      vertex -28.1001 15.0335 19.2
    endloop
  endfacet
  facet normal -0 0 1
    outer loop
      vertex -28.6226 16.756 19.2
      vertex -28.1001 15.0335 19.2
      vertex -28.5025 16.799 19.2
    endloop
  endfacet
  facet normal 0 0 1
    outer loop
      vertex -28.1001 15.0335 19.2
      vertex -28.6226 16.756 19.2
      vertex -28.3952 14.9596 19.2
    endloop
  endfacet
  facet normal -0 0 1
    outer loop
      vertex -28.7464 16.725 19.2
      vertex -28.3952 14.9596 19.2
      vertex -28.6226 16.756 19.2
    endloop
  endfacet
  facet normal 0 0 1
    outer loop
      vertex -28.3952 14.9596 19.2
      vertex -28.7464 16.725 19.2
      vertex -28.6961 14.9149 19.2
    endloop
  endfacet
  facet normal -0 0 1
    outer loop
      vertex -28.8726 16.7063 19.2
      vertex -28.6961 14.9149 19.2
      vertex -28.7464 16.725 19.2
    endloop
  endfacet
  facet normal -0 0 1
    outer loop
      vertex -29 16.7 19.2
      vertex -28.6961 14.9149 19.2
      vertex -28.8726 16.7063 19.2
    endloop
  endfacet
  facet normal 0 0 1
    outer loop
      vertex -29 16.7 19.2
      vertex -29 14.9 19.2
      vertex -28.6961 14.9149 19.2
    endloop
  endfacet
  facet normal 0 0 1
    outer loop
      vertex -29.1274 16.7063 19.2
      vertex -29 14.9 19.2
      vertex -29 16.7 19.2
    endloop
  endfacet
  facet normal 0 0 1
    outer loop
      vertex -29.3039 14.9149 19.2
      vertex -29.1274 16.7063 19.2
      vertex -29.2536 16.725 19.2
    endloop
  endfacet
  facet normal 0 0 1
    outer loop
      vertex -29.1274 16.7063 19.2
      vertex -29.3039 14.9149 19.2
      vertex -29 14.9 19.2
    endloop
  endfacet
  facet normal 0 0 1
    outer loop
      vertex -29.6048 14.9596 19.2
      vertex -29.2536 16.725 19.2
      vertex -29.3774 16.756 19.2
    endloop
  endfacet
  facet normal 0 0 1
    outer loop
      vertex -29.8999 15.0335 19.2
      vertex -29.3774 16.756 19.2
      vertex -29.4975 16.799 19.2
    endloop
  endfacet
  facet normal 0 0 1
    outer loop
      vertex -29.2536 16.725 19.2
      vertex -29.6048 14.9596 19.2
      vertex -29.3039 14.9149 19.2
    endloop
  endfacet
  facet normal 0 0 1
    outer loop
      vertex -30.1863 15.136 19.2
      vertex -29.4975 16.799 19.2
      vertex -29.6128 16.8535 19.2
    endloop
  endfacet
  facet normal 0 0 1
    outer loop
      vertex -30.4613 15.266 19.2
      vertex -29.6128 16.8535 19.2
      vertex -29.7222 16.9191 19.2
    endloop
  endfacet
  facet normal 0 0 1
    outer loop
      vertex -30.7223 15.4224 19.2
      vertex -29.7222 16.9191 19.2
      vertex -29.8247 16.9951 19.2
    endloop
  endfacet
  facet normal 0 0 1
    outer loop
      vertex -29.3774 16.756 19.2
      vertex -29.8999 15.0335 19.2
      vertex -29.6048 14.9596 19.2
    endloop
  endfacet
  facet normal 0 0 1
    outer loop
      vertex -30.9666 15.6037 19.2
      vertex -29.8247 16.9951 19.2
      vertex -29.9192 17.0808 19.2
    endloop
  endfacet
  facet normal 0 0 1
    outer loop
      vertex -31.192 15.808 19.2
      vertex -29.9192 17.0808 19.2
      vertex -30.0049 17.1753 19.2
    endloop
  endfacet
  facet normal 0 0 1
    outer loop
      vertex -31.3963 16.0334 19.2
      vertex -30.0049 17.1753 19.2
      vertex -30.0809 17.2778 19.2
    endloop
  endfacet
  facet normal 0 0 1
    outer loop
      vertex -31.5776 16.2777 19.2
      vertex -30.0809 17.2778 19.2
      vertex -30.1465 17.3872 19.2
    endloop
  endfacet
  facet normal 0 0 1
    outer loop
      vertex -29.4975 16.799 19.2
      vertex -30.1863 15.136 19.2
      vertex -29.8999 15.0335 19.2
    endloop
  endfacet
  facet normal 0 0 1
    outer loop
      vertex -31.734 16.5387 19.2
      vertex -30.1465 17.3872 19.2
      vertex -30.201 17.5025 19.2
    endloop
  endfacet
  facet normal 0 0 1
    outer loop
      vertex -31.864 16.8137 19.2
      vertex -30.201 17.5025 19.2
      vertex -30.244 17.6226 19.2
    endloop
  endfacet
  facet normal 0 0 1
    outer loop
      vertex -31.9665 17.1001 19.2
      vertex -30.244 17.6226 19.2
      vertex -30.275 17.7464 19.2
    endloop
  endfacet
  facet normal 0 0 1
    outer loop
      vertex -32.0404 17.3952 19.2
      vertex -30.275 17.7464 19.2
      vertex -30.2937 17.8726 19.2
    endloop
  endfacet
  facet normal 0 0 1
    outer loop
      vertex -32.0851 17.6961 19.2
      vertex -30.2937 17.8726 19.2
      vertex -30.3 18 19.2
    endloop
  endfacet
  facet normal -0 0 1
    outer loop
      vertex -31.734 19.4613 19.2
      vertex -30.1465 18.6128 19.2
      vertex -31.5776 19.7223 19.2
    endloop
  endfacet
  facet normal 0 0 1
    outer loop
      vertex -29.6128 16.8535 19.2
      vertex -30.4613 15.266 19.2
      vertex -30.1863 15.136 19.2
    endloop
  endfacet
  facet normal 0 0 1
    outer loop
      vertex -30.1465 18.6128 19.2
      vertex -31.734 19.4613 19.2
      vertex -30.201 18.4975 19.2
    endloop
  endfacet
  facet normal 0 0 1
    outer loop
      vertex -29.7222 16.9191 19.2
      vertex -30.7223 15.4224 19.2
      vertex -30.4613 15.266 19.2
    endloop
  endfacet
  facet normal -0 0 1
    outer loop
      vertex -31.864 19.1863 19.2
      vertex -30.201 18.4975 19.2
      vertex -31.734 19.4613 19.2
    endloop
  endfacet
  facet normal 0 0 1
    outer loop
      vertex -29.8247 16.9951 19.2
      vertex -30.9666 15.6037 19.2
      vertex -30.7223 15.4224 19.2
    endloop
  endfacet
  facet normal 0 0 1
    outer loop
      vertex -30.201 18.4975 19.2
      vertex -31.864 19.1863 19.2
      vertex -30.244 18.3774 19.2
    endloop
  endfacet
  facet normal 0 0 1
    outer loop
      vertex -29.9192 17.0808 19.2
      vertex -31.192 15.808 19.2
      vertex -30.9666 15.6037 19.2
    endloop
  endfacet
  facet normal -0 0 1
    outer loop
      vertex -31.9665 18.8999 19.2
      vertex -30.244 18.3774 19.2
      vertex -31.864 19.1863 19.2
    endloop
  endfacet
  facet normal 0 0 1
    outer loop
      vertex -30.0049 17.1753 19.2
      vertex -31.3963 16.0334 19.2
      vertex -31.192 15.808 19.2
    endloop
  endfacet
  facet normal 0 0 1
    outer loop
      vertex -30.244 18.3774 19.2
      vertex -31.9665 18.8999 19.2
      vertex -30.275 18.2536 19.2
    endloop
  endfacet
  facet normal 0 0 1
    outer loop
      vertex -30.0809 17.2778 19.2
      vertex -31.5776 16.2777 19.2
      vertex -31.3963 16.0334 19.2
    endloop
  endfacet
  facet normal -0 0 1
    outer loop
      vertex -32.0404 18.6048 19.2
      vertex -30.275 18.2536 19.2
      vertex -31.9665 18.8999 19.2
    endloop
  endfacet
  facet normal 0 0 1
    outer loop
      vertex -30.1465 17.3872 19.2
      vertex -31.734 16.5387 19.2
      vertex -31.5776 16.2777 19.2
    endloop
  endfacet
  facet normal 0 0 1
    outer loop
      vertex -30.275 18.2536 19.2
      vertex -32.0404 18.6048 19.2
      vertex -30.2937 18.1274 19.2
    endloop
  endfacet
  facet normal 0 0 1
    outer loop
      vertex -30.201 17.5025 19.2
      vertex -31.864 16.8137 19.2
      vertex -31.734 16.5387 19.2
    endloop
  endfacet
  facet normal -0 0 1
    outer loop
      vertex -32.0851 18.3039 19.2
      vertex -30.2937 18.1274 19.2
      vertex -32.0404 18.6048 19.2
    endloop
  endfacet
  facet normal 0 0 1
    outer loop
      vertex -30.244 17.6226 19.2
      vertex -31.9665 17.1001 19.2
      vertex -31.864 16.8137 19.2
    endloop
  endfacet
  facet normal 0 0 1
    outer loop
      vertex -30.2937 18.1274 19.2
      vertex -32.0851 18.3039 19.2
      vertex -30.3 18 19.2
    endloop
  endfacet
  facet normal 0 0 1
    outer loop
      vertex -30.275 17.7464 19.2
      vertex -32.0404 17.3952 19.2
      vertex -31.9665 17.1001 19.2
    endloop
  endfacet
  facet normal 0 0 1
    outer loop
      vertex -32.1 18 19.2
      vertex -30.3 18 19.2
      vertex -32.0851 18.3039 19.2
    endloop
  endfacet
  facet normal 0 0 1
    outer loop
      vertex -30.2937 17.8726 19.2
      vertex -32.0851 17.6961 19.2
      vertex -32.0404 17.3952 19.2
    endloop
  endfacet
  facet normal 0 0 1
    outer loop
      vertex -30.3 18 19.2
      vertex -32.1 18 19.2
      vertex -32.0851 17.6961 19.2
    endloop
  endfacet
  facet normal 0.671576 0.740936 -0
    outer loop
      vertex -26.808 20.192 2.2
      vertex -27.0334 20.3963 19.2
      vertex -26.808 20.192 19.2
    endloop
  endfacet
  facet normal 0.671576 0.740936 0
    outer loop
      vertex -27.0334 20.3963 19.2
      vertex -26.808 20.192 2.2
      vertex -27.0334 20.3963 2.2
    endloop
  endfacet
  facet normal -0.336961 0.941519 0
    outer loop
      vertex -29.8999 20.9665 2.2
      vertex -30.1863 20.864 19.2
      vertex -29.8999 20.9665 19.2
    endloop
  endfacet
  facet normal -0.336961 0.941519 0
    outer loop
      vertex -30.1863 20.864 19.2
      vertex -29.8999 20.9665 2.2
      vertex -30.1863 20.864 2.2
    endloop
  endfacet
  facet normal 0.42738 0.904072 -0
    outer loop
      vertex -27.5387 20.734 2.2
      vertex -27.8137 20.864 19.2
      vertex -27.5387 20.734 19.2
    endloop
  endfacet
  facet normal 0.42738 0.904072 0
    outer loop
      vertex -27.8137 20.864 19.2
      vertex -27.5387 20.734 2.2
      vertex -27.8137 20.864 2.2
    endloop
  endfacet
  facet normal -0.9988 0.0489705 0
    outer loop
      vertex -32.1 18 2.2
      vertex -32.0851 18.3039 19.2
      vertex -32.0851 18.3039 2.2
    endloop
  endfacet
  facet normal -0.9988 0.0489705 0
    outer loop
      vertex -32.0851 18.3039 19.2
      vertex -32.1 18 2.2
      vertex -32.1 18 19.2
    endloop
  endfacet
  facet normal 0.803027 0.595943 0
    outer loop
      vertex -26.4224 19.7223 19.2
      vertex -26.6037 19.9666 2.2
      vertex -26.6037 19.9666 19.2
    endloop
  endfacet
  facet normal 0.803027 0.595943 0
    outer loop
      vertex -26.6037 19.9666 2.2
      vertex -26.4224 19.7223 19.2
      vertex -26.4224 19.7223 2.2
    endloop
  endfacet
  facet normal 0.0489705 0.9988 -0
    outer loop
      vertex -28.6961 21.0851 2.2
      vertex -29 21.1 19.2
      vertex -28.6961 21.0851 19.2
    endloop
  endfacet
  facet normal 0.0489705 0.9988 0
    outer loop
      vertex -29 21.1 19.2
      vertex -28.6961 21.0851 2.2
      vertex -29 21.1 2.2
    endloop
  endfacet
  facet normal -0.671576 0.740936 0
    outer loop
      vertex -30.9666 20.3963 2.2
      vertex -31.192 20.192 19.2
      vertex -30.9666 20.3963 19.2
    endloop
  endfacet
  facet normal -0.671576 0.740936 0
    outer loop
      vertex -31.192 20.192 19.2
      vertex -30.9666 20.3963 2.2
      vertex -31.192 20.192 2.2
    endloop
  endfacet
  facet normal 0.740936 0.671576 0
    outer loop
      vertex -26.6037 19.9666 19.2
      vertex -26.808 20.192 2.2
      vertex -26.808 20.192 19.2
    endloop
  endfacet
  facet normal 0.740936 0.671576 0
    outer loop
      vertex -26.808 20.192 2.2
      vertex -26.6037 19.9666 19.2
      vertex -26.6037 19.9666 2.2
    endloop
  endfacet
  facet normal -0.242922 -0.970046 0
    outer loop
      vertex -29.8999 15.0335 2.2
      vertex -29.6048 14.9596 19.2
      vertex -29.8999 15.0335 19.2
    endloop
  endfacet
  facet normal -0.242922 -0.970046 -0
    outer loop
      vertex -29.6048 14.9596 19.2
      vertex -29.8999 15.0335 2.2
      vertex -29.6048 14.9596 2.2
    endloop
  endfacet
  facet normal 0.904072 0.42738 0
    outer loop
      vertex -26.136 19.1863 19.2
      vertex -26.266 19.4613 2.2
      vertex -26.266 19.4613 19.2
    endloop
  endfacet
  facet normal 0.904072 0.42738 0
    outer loop
      vertex -26.266 19.4613 2.2
      vertex -26.136 19.1863 19.2
      vertex -26.136 19.1863 2.2
    endloop
  endfacet
  facet normal 0.857783 -0.514012 0
    outer loop
      vertex -26.4224 16.2777 19.2
      vertex -26.266 16.5387 2.2
      vertex -26.266 16.5387 19.2
    endloop
  endfacet
  facet normal 0.857783 -0.514012 0
    outer loop
      vertex -26.266 16.5387 2.2
      vertex -26.4224 16.2777 19.2
      vertex -26.4224 16.2777 2.2
    endloop
  endfacet
  facet normal 0.336961 0.941519 -0
    outer loop
      vertex -27.8137 20.864 2.2
      vertex -28.1001 20.9665 19.2
      vertex -27.8137 20.864 19.2
    endloop
  endfacet
  facet normal 0.336961 0.941519 0
    outer loop
      vertex -28.1001 20.9665 19.2
      vertex -27.8137 20.864 2.2
      vertex -28.1001 20.9665 2.2
    endloop
  endfacet
  facet normal -0.242922 0.970046 0
    outer loop
      vertex -29.6048 21.0404 2.2
      vertex -29.8999 20.9665 19.2
      vertex -29.6048 21.0404 19.2
    endloop
  endfacet
  facet normal -0.242922 0.970046 0
    outer loop
      vertex -29.8999 20.9665 19.2
      vertex -29.6048 21.0404 2.2
      vertex -29.8999 20.9665 2.2
    endloop
  endfacet
  facet normal 0.336961 -0.941519 0
    outer loop
      vertex -28.1001 15.0335 2.2
      vertex -27.8137 15.136 19.2
      vertex -28.1001 15.0335 19.2
    endloop
  endfacet
  facet normal 0.336961 -0.941519 0
    outer loop
      vertex -27.8137 15.136 19.2
      vertex -28.1001 15.0335 2.2
      vertex -27.8137 15.136 2.2
    endloop
  endfacet
  facet normal -0.514012 0.857783 0
    outer loop
      vertex -30.4613 20.734 2.2
      vertex -30.7223 20.5776 19.2
      vertex -30.4613 20.734 19.2
    endloop
  endfacet
  facet normal -0.514012 0.857783 0
    outer loop
      vertex -30.7223 20.5776 19.2
      vertex -30.4613 20.734 2.2
      vertex -30.7223 20.5776 2.2
    endloop
  endfacet
  facet normal -0.740936 0.671576 0
    outer loop
      vertex -31.3963 19.9666 2.2
      vertex -31.192 20.192 19.2
      vertex -31.192 20.192 2.2
    endloop
  endfacet
  facet normal -0.740936 0.671576 0
    outer loop
      vertex -31.192 20.192 19.2
      vertex -31.3963 19.9666 2.2
      vertex -31.3963 19.9666 19.2
    endloop
  endfacet
  facet normal 0.857783 0.514012 0
    outer loop
      vertex -26.266 19.4613 19.2
      vertex -26.4224 19.7223 2.2
      vertex -26.4224 19.7223 19.2
    endloop
  endfacet
  facet normal 0.857783 0.514012 0
    outer loop
      vertex -26.4224 19.7223 2.2
      vertex -26.266 19.4613 19.2
      vertex -26.266 19.4613 2.2
    endloop
  endfacet
  facet normal -0.970046 0.242922 0
    outer loop
      vertex -32.0404 18.6048 2.2
      vertex -31.9665 18.8999 19.2
      vertex -31.9665 18.8999 2.2
    endloop
  endfacet
  facet normal -0.970046 0.242922 0
    outer loop
      vertex -31.9665 18.8999 19.2
      vertex -32.0404 18.6048 2.2
      vertex -32.0404 18.6048 19.2
    endloop
  endfacet
  facet normal -0.146942 0.989145 0
    outer loop
      vertex -29.3039 21.0851 2.2
      vertex -29.6048 21.0404 19.2
      vertex -29.3039 21.0851 19.2
    endloop
  endfacet
  facet normal -0.146942 0.989145 0
    outer loop
      vertex -29.6048 21.0404 19.2
      vertex -29.3039 21.0851 2.2
      vertex -29.6048 21.0404 2.2
    endloop
  endfacet
  facet normal -0.904072 -0.42738 0
    outer loop
      vertex -31.734 16.5387 2.2
      vertex -31.864 16.8137 19.2
      vertex -31.864 16.8137 2.2
    endloop
  endfacet
  facet normal -0.904072 -0.42738 0
    outer loop
      vertex -31.864 16.8137 19.2
      vertex -31.734 16.5387 2.2
      vertex -31.734 16.5387 19.2
    endloop
  endfacet
  facet normal -0.146942 -0.989145 0
    outer loop
      vertex -29.6048 14.9596 2.2
      vertex -29.3039 14.9149 19.2
      vertex -29.6048 14.9596 19.2
    endloop
  endfacet
  facet normal -0.146942 -0.989145 -0
    outer loop
      vertex -29.3039 14.9149 19.2
      vertex -29.6048 14.9596 2.2
      vertex -29.3039 14.9149 2.2
    endloop
  endfacet
  facet normal 0.146942 -0.989145 0
    outer loop
      vertex -28.6961 14.9149 2.2
      vertex -28.3952 14.9596 19.2
      vertex -28.6961 14.9149 19.2
    endloop
  endfacet
  facet normal 0.146942 -0.989145 0
    outer loop
      vertex -28.3952 14.9596 19.2
      vertex -28.6961 14.9149 2.2
      vertex -28.3952 14.9596 2.2
    endloop
  endfacet
  facet normal -0.336961 -0.941519 0
    outer loop
      vertex -30.1863 15.136 2.2
      vertex -29.8999 15.0335 19.2
      vertex -30.1863 15.136 19.2
    endloop
  endfacet
  facet normal -0.336961 -0.941519 -0
    outer loop
      vertex -29.8999 15.0335 19.2
      vertex -30.1863 15.136 2.2
      vertex -29.8999 15.0335 2.2
    endloop
  endfacet
  facet normal -0.671576 -0.740936 0
    outer loop
      vertex -31.192 15.808 2.2
      vertex -30.9666 15.6037 19.2
      vertex -31.192 15.808 19.2
    endloop
  endfacet
  facet normal -0.671576 -0.740936 -0
    outer loop
      vertex -30.9666 15.6037 19.2
      vertex -31.192 15.808 2.2
      vertex -30.9666 15.6037 2.2
    endloop
  endfacet
  facet normal 0.671576 -0.740936 0
    outer loop
      vertex -27.0334 15.6037 2.2
      vertex -26.808 15.808 19.2
      vertex -27.0334 15.6037 19.2
    endloop
  endfacet
  facet normal 0.671576 -0.740936 0
    outer loop
      vertex -26.808 15.808 19.2
      vertex -27.0334 15.6037 2.2
      vertex -26.808 15.808 2.2
    endloop
  endfacet
  facet normal -0.970046 -0.242922 0
    outer loop
      vertex -31.9665 17.1001 2.2
      vertex -32.0404 17.3952 19.2
      vertex -32.0404 17.3952 2.2
    endloop
  endfacet
  facet normal -0.970046 -0.242922 0
    outer loop
      vertex -32.0404 17.3952 19.2
      vertex -31.9665 17.1001 2.2
      vertex -31.9665 17.1001 19.2
    endloop
  endfacet
  facet normal -0.740936 -0.671576 0
    outer loop
      vertex -31.192 15.808 2.2
      vertex -31.3963 16.0334 19.2
      vertex -31.3963 16.0334 2.2
    endloop
  endfacet
  facet normal -0.740936 -0.671576 0
    outer loop
      vertex -31.3963 16.0334 19.2
      vertex -31.192 15.808 2.2
      vertex -31.192 15.808 19.2
    endloop
  endfacet
  facet normal -0.989145 0.146942 0
    outer loop
      vertex -32.0851 18.3039 2.2
      vertex -32.0404 18.6048 19.2
      vertex -32.0404 18.6048 2.2
    endloop
  endfacet
  facet normal -0.989145 0.146942 0
    outer loop
      vertex -32.0404 18.6048 19.2
      vertex -32.0851 18.3039 2.2
      vertex -32.0851 18.3039 19.2
    endloop
  endfacet
  facet normal 0.242922 0.970046 -0
    outer loop
      vertex -28.1001 20.9665 2.2
      vertex -28.3952 21.0404 19.2
      vertex -28.1001 20.9665 19.2
    endloop
  endfacet
  facet normal 0.242922 0.970046 0
    outer loop
      vertex -28.3952 21.0404 19.2
      vertex -28.1001 20.9665 2.2
      vertex -28.3952 21.0404 2.2
    endloop
  endfacet
  facet normal -0.9988 -0.0489705 0
    outer loop
      vertex -32.0851 17.6961 2.2
      vertex -32.1 18 19.2
      vertex -32.1 18 2.2
    endloop
  endfacet
  facet normal -0.9988 -0.0489705 0
    outer loop
      vertex -32.1 18 19.2
      vertex -32.0851 17.6961 2.2
      vertex -32.0851 17.6961 19.2
    endloop
  endfacet
  facet normal -0.941519 0.336961 0
    outer loop
      vertex -31.9665 18.8999 2.2
      vertex -31.864 19.1863 19.2
      vertex -31.864 19.1863 2.2
    endloop
  endfacet
  facet normal -0.941519 0.336961 0
    outer loop
      vertex -31.864 19.1863 19.2
      vertex -31.9665 18.8999 2.2
      vertex -31.9665 18.8999 19.2
    endloop
  endfacet
  facet normal 0.595943 -0.803027 0
    outer loop
      vertex -27.2777 15.4224 2.2
      vertex -27.0334 15.6037 19.2
      vertex -27.2777 15.4224 19.2
    endloop
  endfacet
  facet normal 0.595943 -0.803027 0
    outer loop
      vertex -27.0334 15.6037 19.2
      vertex -27.2777 15.4224 2.2
      vertex -27.0334 15.6037 2.2
    endloop
  endfacet
  facet normal -0.803027 0.595943 0
    outer loop
      vertex -31.5776 19.7223 2.2
      vertex -31.3963 19.9666 19.2
      vertex -31.3963 19.9666 2.2
    endloop
  endfacet
  facet normal -0.803027 0.595943 0
    outer loop
      vertex -31.3963 19.9666 19.2
      vertex -31.5776 19.7223 2.2
      vertex -31.5776 19.7223 19.2
    endloop
  endfacet
  facet normal -0.514012 -0.857783 0
    outer loop
      vertex -30.7223 15.4224 2.2
      vertex -30.4613 15.266 19.2
      vertex -30.7223 15.4224 19.2
    endloop
  endfacet
  facet normal -0.514012 -0.857783 -0
    outer loop
      vertex -30.4613 15.266 19.2
      vertex -30.7223 15.4224 2.2
      vertex -30.4613 15.266 2.2
    endloop
  endfacet
  facet normal -0.904072 0.42738 0
    outer loop
      vertex -31.864 19.1863 2.2
      vertex -31.734 19.4613 19.2
      vertex -31.734 19.4613 2.2
    endloop
  endfacet
  facet normal -0.904072 0.42738 0
    outer loop
      vertex -31.734 19.4613 19.2
      vertex -31.864 19.1863 2.2
      vertex -31.864 19.1863 19.2
    endloop
  endfacet
  facet normal 0.904072 -0.42738 0
    outer loop
      vertex -26.266 16.5387 19.2
      vertex -26.136 16.8137 2.2
      vertex -26.136 16.8137 19.2
    endloop
  endfacet
  facet normal 0.904072 -0.42738 0
    outer loop
      vertex -26.136 16.8137 2.2
      vertex -26.266 16.5387 19.2
      vertex -26.266 16.5387 2.2
    endloop
  endfacet
  facet normal -0.0489705 -0.9988 0
    outer loop
      vertex -29.3039 14.9149 2.2
      vertex -29 14.9 19.2
      vertex -29.3039 14.9149 19.2
    endloop
  endfacet
  facet normal -0.0489705 -0.9988 -0
    outer loop
      vertex -29 14.9 19.2
      vertex -29.3039 14.9149 2.2
      vertex -29 14.9 2.2
    endloop
  endfacet
  facet normal 0.146942 0.989145 -0
    outer loop
      vertex -28.3952 21.0404 2.2
      vertex -28.6961 21.0851 19.2
      vertex -28.3952 21.0404 19.2
    endloop
  endfacet
  facet normal 0.146942 0.989145 0
    outer loop
      vertex -28.6961 21.0851 19.2
      vertex -28.3952 21.0404 2.2
      vertex -28.6961 21.0851 2.2
    endloop
  endfacet
  facet normal -0.42738 -0.904072 0
    outer loop
      vertex -30.4613 15.266 2.2
      vertex -30.1863 15.136 19.2
      vertex -30.4613 15.266 19.2
    endloop
  endfacet
  facet normal -0.42738 -0.904072 -0
    outer loop
      vertex -30.1863 15.136 19.2
      vertex -30.4613 15.266 2.2
      vertex -30.1863 15.136 2.2
    endloop
  endfacet
  facet normal 0 0 -1
    outer loop
      vertex -27.7 18 2.2
      vertex -25.9 18 2.2
      vertex -25.9149 17.6961 2.2
    endloop
  endfacet
  facet normal 0 0 -1
    outer loop
      vertex -27.7063 17.8726 2.2
      vertex -25.9149 17.6961 2.2
      vertex -25.9596 17.3952 2.2
    endloop
  endfacet
  facet normal 0 0 -1
    outer loop
      vertex -25.9 18 2.2
      vertex -27.7 18 2.2
      vertex -25.9149 18.3039 2.2
    endloop
  endfacet
  facet normal 0 0 -1
    outer loop
      vertex -27.725 17.7464 2.2
      vertex -25.9596 17.3952 2.2
      vertex -26.0335 17.1001 2.2
    endloop
  endfacet
  facet normal 0 0 -1
    outer loop
      vertex -27.7063 18.1274 2.2
      vertex -25.9149 18.3039 2.2
      vertex -27.7 18 2.2
    endloop
  endfacet
  facet normal 0 0 -1
    outer loop
      vertex -27.756 17.6226 2.2
      vertex -26.0335 17.1001 2.2
      vertex -26.136 16.8137 2.2
    endloop
  endfacet
  facet normal -0 0 -1
    outer loop
      vertex -25.9149 18.3039 2.2
      vertex -27.7063 18.1274 2.2
      vertex -25.9596 18.6048 2.2
    endloop
  endfacet
  facet normal 0 0 -1
    outer loop
      vertex -27.799 17.5025 2.2
      vertex -26.136 16.8137 2.2
      vertex -26.266 16.5387 2.2
    endloop
  endfacet
  facet normal 0 0 -1
    outer loop
      vertex -27.725 18.2536 2.2
      vertex -25.9596 18.6048 2.2
      vertex -27.7063 18.1274 2.2
    endloop
  endfacet
  facet normal 0 0 -1
    outer loop
      vertex -27.8535 17.3872 2.2
      vertex -26.266 16.5387 2.2
      vertex -26.4224 16.2777 2.2
    endloop
  endfacet
  facet normal -0 0 -1
    outer loop
      vertex -25.9596 18.6048 2.2
      vertex -27.725 18.2536 2.2
      vertex -26.0335 18.8999 2.2
    endloop
  endfacet
  facet normal 0 0 -1
    outer loop
      vertex -27.9191 17.2778 2.2
      vertex -26.4224 16.2777 2.2
      vertex -26.6037 16.0334 2.2
    endloop
  endfacet
  facet normal 0 0 -1
    outer loop
      vertex -27.756 18.3774 2.2
      vertex -26.0335 18.8999 2.2
      vertex -27.725 18.2536 2.2
    endloop
  endfacet
  facet normal 0 0 -1
    outer loop
      vertex -27.9951 17.1753 2.2
      vertex -26.6037 16.0334 2.2
      vertex -26.808 15.808 2.2
    endloop
  endfacet
  facet normal -0 0 -1
    outer loop
      vertex -26.0335 18.8999 2.2
      vertex -27.756 18.3774 2.2
      vertex -26.136 19.1863 2.2
    endloop
  endfacet
  facet normal 0 0 -1
    outer loop
      vertex -28.0808 17.0808 2.2
      vertex -26.808 15.808 2.2
      vertex -27.0334 15.6037 2.2
    endloop
  endfacet
  facet normal 0 0 -1
    outer loop
      vertex -27.799 18.4975 2.2
      vertex -26.136 19.1863 2.2
      vertex -27.756 18.3774 2.2
    endloop
  endfacet
  facet normal 0 0 -1
    outer loop
      vertex -28.1753 16.9951 2.2
      vertex -27.0334 15.6037 2.2
      vertex -27.2777 15.4224 2.2
    endloop
  endfacet
  facet normal -0 0 -1
    outer loop
      vertex -26.136 19.1863 2.2
      vertex -27.799 18.4975 2.2
      vertex -26.266 19.4613 2.2
    endloop
  endfacet
  facet normal 0 0 -1
    outer loop
      vertex -28.2778 16.9191 2.2
      vertex -27.2777 15.4224 2.2
      vertex -27.5387 15.266 2.2
    endloop
  endfacet
  facet normal 0 0 -1
    outer loop
      vertex -27.8535 18.6128 2.2
      vertex -26.266 19.4613 2.2
      vertex -27.799 18.4975 2.2
    endloop
  endfacet
  facet normal -0 0 -1
    outer loop
      vertex -26.266 19.4613 2.2
      vertex -27.8535 18.6128 2.2
      vertex -26.4224 19.7223 2.2
    endloop
  endfacet
  facet normal 0 0 -1
    outer loop
      vertex -25.9149 17.6961 2.2
      vertex -27.7063 17.8726 2.2
      vertex -27.7 18 2.2
    endloop
  endfacet
  facet normal 0 0 -1
    outer loop
      vertex -25.9596 17.3952 2.2
      vertex -27.725 17.7464 2.2
      vertex -27.7063 17.8726 2.2
    endloop
  endfacet
  facet normal 0 0 -1
    outer loop
      vertex -26.0335 17.1001 2.2
      vertex -27.756 17.6226 2.2
      vertex -27.725 17.7464 2.2
    endloop
  endfacet
  facet normal 0 0 -1
    outer loop
      vertex -26.136 16.8137 2.2
      vertex -27.799 17.5025 2.2
      vertex -27.756 17.6226 2.2
    endloop
  endfacet
  facet normal 0 0 -1
    outer loop
      vertex -28.3872 16.8535 2.2
      vertex -27.5387 15.266 2.2
      vertex -27.8137 15.136 2.2
    endloop
  endfacet
  facet normal 0 0 -1
    outer loop
      vertex -26.266 16.5387 2.2
      vertex -27.8535 17.3872 2.2
      vertex -27.799 17.5025 2.2
    endloop
  endfacet
  facet normal 0 0 -1
    outer loop
      vertex -26.4224 16.2777 2.2
      vertex -27.9191 17.2778 2.2
      vertex -27.8535 17.3872 2.2
    endloop
  endfacet
  facet normal 0 0 -1
    outer loop
      vertex -26.6037 16.0334 2.2
      vertex -27.9951 17.1753 2.2
      vertex -27.9191 17.2778 2.2
    endloop
  endfacet
  facet normal 0 0 -1
    outer loop
      vertex -26.808 15.808 2.2
      vertex -28.0808 17.0808 2.2
      vertex -27.9951 17.1753 2.2
    endloop
  endfacet
  facet normal 0 0 -1
    outer loop
      vertex -28.5025 16.799 2.2
      vertex -27.8137 15.136 2.2
      vertex -28.1001 15.0335 2.2
    endloop
  endfacet
  facet normal 0 0 -1
    outer loop
      vertex -27.0334 15.6037 2.2
      vertex -28.1753 16.9951 2.2
      vertex -28.0808 17.0808 2.2
    endloop
  endfacet
  facet normal 0 0 -1
    outer loop
      vertex -27.2777 15.4224 2.2
      vertex -28.2778 16.9191 2.2
      vertex -28.1753 16.9951 2.2
    endloop
  endfacet
  facet normal 0 0 -1
    outer loop
      vertex -27.5387 15.266 2.2
      vertex -28.3872 16.8535 2.2
      vertex -28.2778 16.9191 2.2
    endloop
  endfacet
  facet normal 0 0 -1
    outer loop
      vertex -28.6226 16.756 2.2
      vertex -28.1001 15.0335 2.2
      vertex -28.3952 14.9596 2.2
    endloop
  endfacet
  facet normal 0 0 -1
    outer loop
      vertex -27.8137 15.136 2.2
      vertex -28.5025 16.799 2.2
      vertex -28.3872 16.8535 2.2
    endloop
  endfacet
  facet normal 0 0 -1
    outer loop
      vertex -28.1001 15.0335 2.2
      vertex -28.6226 16.756 2.2
      vertex -28.5025 16.799 2.2
    endloop
  endfacet
  facet normal 0 0 -1
    outer loop
      vertex -28.7464 16.725 2.2
      vertex -28.3952 14.9596 2.2
      vertex -28.6961 14.9149 2.2
    endloop
  endfacet
  facet normal 0 0 -1
    outer loop
      vertex -28.3952 14.9596 2.2
      vertex -28.7464 16.725 2.2
      vertex -28.6226 16.756 2.2
    endloop
  endfacet
  facet normal 0 0 -1
    outer loop
      vertex -28.6961 14.9149 2.2
      vertex -28.8726 16.7063 2.2
      vertex -28.7464 16.725 2.2
    endloop
  endfacet
  facet normal 0 0 -1
    outer loop
      vertex -29 14.9 2.2
      vertex -28.8726 16.7063 2.2
      vertex -28.6961 14.9149 2.2
    endloop
  endfacet
  facet normal 0 0 -1
    outer loop
      vertex -29 14.9 2.2
      vertex -29 16.7 2.2
      vertex -28.8726 16.7063 2.2
    endloop
  endfacet
  facet normal 0 0 -1
    outer loop
      vertex -29 14.9 2.2
      vertex -29.1274 16.7063 2.2
      vertex -29 16.7 2.2
    endloop
  endfacet
  facet normal 0 0 -1
    outer loop
      vertex -29.3039 14.9149 2.2
      vertex -29.1274 16.7063 2.2
      vertex -29 14.9 2.2
    endloop
  endfacet
  facet normal -0 0 -1
    outer loop
      vertex -29.1274 16.7063 2.2
      vertex -29.3039 14.9149 2.2
      vertex -29.2536 16.725 2.2
    endloop
  endfacet
  facet normal 0 0 -1
    outer loop
      vertex -29.6048 14.9596 2.2
      vertex -29.2536 16.725 2.2
      vertex -29.3039 14.9149 2.2
    endloop
  endfacet
  facet normal -0 0 -1
    outer loop
      vertex -29.2536 16.725 2.2
      vertex -29.6048 14.9596 2.2
      vertex -29.3774 16.756 2.2
    endloop
  endfacet
  facet normal 0 0 -1
    outer loop
      vertex -29.8999 15.0335 2.2
      vertex -29.3774 16.756 2.2
      vertex -29.6048 14.9596 2.2
    endloop
  endfacet
  facet normal -0 0 -1
    outer loop
      vertex -29.3774 16.756 2.2
      vertex -29.8999 15.0335 2.2
      vertex -29.4975 16.799 2.2
    endloop
  endfacet
  facet normal 0 0 -1
    outer loop
      vertex -30.1863 15.136 2.2
      vertex -29.4975 16.799 2.2
      vertex -29.8999 15.0335 2.2
    endloop
  endfacet
  facet normal -0 0 -1
    outer loop
      vertex -29.4975 16.799 2.2
      vertex -30.1863 15.136 2.2
      vertex -29.6128 16.8535 2.2
    endloop
  endfacet
  facet normal 0 0 -1
    outer loop
      vertex -30.4613 15.266 2.2
      vertex -29.6128 16.8535 2.2
      vertex -30.1863 15.136 2.2
    endloop
  endfacet
  facet normal -0 0 -1
    outer loop
      vertex -29.6128 16.8535 2.2
      vertex -30.4613 15.266 2.2
      vertex -29.7222 16.9191 2.2
    endloop
  endfacet
  facet normal 0 0 -1
    outer loop
      vertex -30.7223 15.4224 2.2
      vertex -29.7222 16.9191 2.2
      vertex -30.4613 15.266 2.2
    endloop
  endfacet
  facet normal -0 0 -1
    outer loop
      vertex -29.7222 16.9191 2.2
      vertex -30.7223 15.4224 2.2
      vertex -29.8247 16.9951 2.2
    endloop
  endfacet
  facet normal 0 0 -1
    outer loop
      vertex -30.9666 15.6037 2.2
      vertex -29.8247 16.9951 2.2
      vertex -30.7223 15.4224 2.2
    endloop
  endfacet
  facet normal -0 0 -1
    outer loop
      vertex -29.8247 16.9951 2.2
      vertex -30.9666 15.6037 2.2
      vertex -29.9192 17.0808 2.2
    endloop
  endfacet
  facet normal 0 0 -1
    outer loop
      vertex -31.192 15.808 2.2
      vertex -29.9192 17.0808 2.2
      vertex -30.9666 15.6037 2.2
    endloop
  endfacet
  facet normal -0 0 -1
    outer loop
      vertex -29.9192 17.0808 2.2
      vertex -31.192 15.808 2.2
      vertex -30.0049 17.1753 2.2
    endloop
  endfacet
  facet normal 0 0 -1
    outer loop
      vertex -31.3963 16.0334 2.2
      vertex -30.0049 17.1753 2.2
      vertex -31.192 15.808 2.2
    endloop
  endfacet
  facet normal -0 0 -1
    outer loop
      vertex -30.0049 17.1753 2.2
      vertex -31.3963 16.0334 2.2
      vertex -30.0809 17.2778 2.2
    endloop
  endfacet
  facet normal 0 0 -1
    outer loop
      vertex -31.5776 16.2777 2.2
      vertex -30.0809 17.2778 2.2
      vertex -31.3963 16.0334 2.2
    endloop
  endfacet
  facet normal -0 0 -1
    outer loop
      vertex -30.0809 17.2778 2.2
      vertex -31.5776 16.2777 2.2
      vertex -30.1465 17.3872 2.2
    endloop
  endfacet
  facet normal 0 0 -1
    outer loop
      vertex -27.9191 18.7222 2.2
      vertex -26.4224 19.7223 2.2
      vertex -27.8535 18.6128 2.2
    endloop
  endfacet
  facet normal -0 0 -1
    outer loop
      vertex -26.4224 19.7223 2.2
      vertex -27.9191 18.7222 2.2
      vertex -26.6037 19.9666 2.2
    endloop
  endfacet
  facet normal 0 0 -1
    outer loop
      vertex -27.9951 18.8247 2.2
      vertex -26.6037 19.9666 2.2
      vertex -27.9191 18.7222 2.2
    endloop
  endfacet
  facet normal -0 0 -1
    outer loop
      vertex -26.6037 19.9666 2.2
      vertex -27.9951 18.8247 2.2
      vertex -26.808 20.192 2.2
    endloop
  endfacet
  facet normal 0 0 -1
    outer loop
      vertex -28.0808 18.9192 2.2
      vertex -26.808 20.192 2.2
      vertex -27.9951 18.8247 2.2
    endloop
  endfacet
  facet normal -0 0 -1
    outer loop
      vertex -26.808 20.192 2.2
      vertex -28.0808 18.9192 2.2
      vertex -27.0334 20.3963 2.2
    endloop
  endfacet
  facet normal 0 0 -1
    outer loop
      vertex -28.1753 19.0049 2.2
      vertex -27.0334 20.3963 2.2
      vertex -28.0808 18.9192 2.2
    endloop
  endfacet
  facet normal -0 0 -1
    outer loop
      vertex -27.0334 20.3963 2.2
      vertex -28.1753 19.0049 2.2
      vertex -27.2777 20.5776 2.2
    endloop
  endfacet
  facet normal 0 0 -1
    outer loop
      vertex -28.2778 19.0809 2.2
      vertex -27.2777 20.5776 2.2
      vertex -28.1753 19.0049 2.2
    endloop
  endfacet
  facet normal -0 0 -1
    outer loop
      vertex -27.2777 20.5776 2.2
      vertex -28.2778 19.0809 2.2
      vertex -27.5387 20.734 2.2
    endloop
  endfacet
  facet normal 0 0 -1
    outer loop
      vertex -28.3872 19.1465 2.2
      vertex -27.5387 20.734 2.2
      vertex -28.2778 19.0809 2.2
    endloop
  endfacet
  facet normal -0 0 -1
    outer loop
      vertex -27.5387 20.734 2.2
      vertex -28.3872 19.1465 2.2
      vertex -27.8137 20.864 2.2
    endloop
  endfacet
  facet normal 0 0 -1
    outer loop
      vertex -28.5025 19.201 2.2
      vertex -27.8137 20.864 2.2
      vertex -28.3872 19.1465 2.2
    endloop
  endfacet
  facet normal -0 0 -1
    outer loop
      vertex -27.8137 20.864 2.2
      vertex -28.5025 19.201 2.2
      vertex -28.1001 20.9665 2.2
    endloop
  endfacet
  facet normal 0 0 -1
    outer loop
      vertex -28.6226 19.244 2.2
      vertex -28.1001 20.9665 2.2
      vertex -28.5025 19.201 2.2
    endloop
  endfacet
  facet normal -0 0 -1
    outer loop
      vertex -28.1001 20.9665 2.2
      vertex -28.6226 19.244 2.2
      vertex -28.3952 21.0404 2.2
    endloop
  endfacet
  facet normal 0 0 -1
    outer loop
      vertex -28.7464 19.275 2.2
      vertex -28.3952 21.0404 2.2
      vertex -28.6226 19.244 2.2
    endloop
  endfacet
  facet normal -0 0 -1
    outer loop
      vertex -28.3952 21.0404 2.2
      vertex -28.7464 19.275 2.2
      vertex -28.6961 21.0851 2.2
    endloop
  endfacet
  facet normal 0 0 -1
    outer loop
      vertex -28.8726 19.2937 2.2
      vertex -28.6961 21.0851 2.2
      vertex -28.7464 19.275 2.2
    endloop
  endfacet
  facet normal 0 0 -1
    outer loop
      vertex -29 19.3 2.2
      vertex -28.6961 21.0851 2.2
      vertex -28.8726 19.2937 2.2
    endloop
  endfacet
  facet normal 0 0 -1
    outer loop
      vertex -29 19.3 2.2
      vertex -29 21.1 2.2
      vertex -28.6961 21.0851 2.2
    endloop
  endfacet
  facet normal 0 0 -1
    outer loop
      vertex -29.1274 19.2937 2.2
      vertex -29 21.1 2.2
      vertex -29 19.3 2.2
    endloop
  endfacet
  facet normal 0 0 -1
    outer loop
      vertex -29.3039 21.0851 2.2
      vertex -29.1274 19.2937 2.2
      vertex -29.2536 19.275 2.2
    endloop
  endfacet
  facet normal 0 0 -1
    outer loop
      vertex -29.1274 19.2937 2.2
      vertex -29.3039 21.0851 2.2
      vertex -29 21.1 2.2
    endloop
  endfacet
  facet normal 0 0 -1
    outer loop
      vertex -29.6048 21.0404 2.2
      vertex -29.2536 19.275 2.2
      vertex -29.3774 19.244 2.2
    endloop
  endfacet
  facet normal 0 0 -1
    outer loop
      vertex -29.8999 20.9665 2.2
      vertex -29.3774 19.244 2.2
      vertex -29.4975 19.201 2.2
    endloop
  endfacet
  facet normal 0 0 -1
    outer loop
      vertex -29.2536 19.275 2.2
      vertex -29.6048 21.0404 2.2
      vertex -29.3039 21.0851 2.2
    endloop
  endfacet
  facet normal 0 0 -1
    outer loop
      vertex -30.1863 20.864 2.2
      vertex -29.4975 19.201 2.2
      vertex -29.6128 19.1465 2.2
    endloop
  endfacet
  facet normal 0 0 -1
    outer loop
      vertex -30.4613 20.734 2.2
      vertex -29.6128 19.1465 2.2
      vertex -29.7222 19.0809 2.2
    endloop
  endfacet
  facet normal 0 0 -1
    outer loop
      vertex -30.7223 20.5776 2.2
      vertex -29.7222 19.0809 2.2
      vertex -29.8247 19.0049 2.2
    endloop
  endfacet
  facet normal 0 0 -1
    outer loop
      vertex -29.3774 19.244 2.2
      vertex -29.8999 20.9665 2.2
      vertex -29.6048 21.0404 2.2
    endloop
  endfacet
  facet normal 0 0 -1
    outer loop
      vertex -30.9666 20.3963 2.2
      vertex -29.8247 19.0049 2.2
      vertex -29.9192 18.9192 2.2
    endloop
  endfacet
  facet normal 0 0 -1
    outer loop
      vertex -31.192 20.192 2.2
      vertex -29.9192 18.9192 2.2
      vertex -30.0049 18.8247 2.2
    endloop
  endfacet
  facet normal 0 0 -1
    outer loop
      vertex -31.3963 19.9666 2.2
      vertex -30.0049 18.8247 2.2
      vertex -30.0809 18.7222 2.2
    endloop
  endfacet
  facet normal 0 0 -1
    outer loop
      vertex -31.5776 19.7223 2.2
      vertex -30.0809 18.7222 2.2
      vertex -30.1465 18.6128 2.2
    endloop
  endfacet
  facet normal 0 0 -1
    outer loop
      vertex -29.4975 19.201 2.2
      vertex -30.1863 20.864 2.2
      vertex -29.8999 20.9665 2.2
    endloop
  endfacet
  facet normal 0 0 -1
    outer loop
      vertex -31.734 19.4613 2.2
      vertex -30.1465 18.6128 2.2
      vertex -30.201 18.4975 2.2
    endloop
  endfacet
  facet normal 0 0 -1
    outer loop
      vertex -31.864 19.1863 2.2
      vertex -30.201 18.4975 2.2
      vertex -30.244 18.3774 2.2
    endloop
  endfacet
  facet normal 0 0 -1
    outer loop
      vertex -31.9665 18.8999 2.2
      vertex -30.244 18.3774 2.2
      vertex -30.275 18.2536 2.2
    endloop
  endfacet
  facet normal 0 0 -1
    outer loop
      vertex -32.0404 18.6048 2.2
      vertex -30.275 18.2536 2.2
      vertex -30.2937 18.1274 2.2
    endloop
  endfacet
  facet normal 0 0 -1
    outer loop
      vertex -32.0851 18.3039 2.2
      vertex -30.2937 18.1274 2.2
      vertex -30.3 18 2.2
    endloop
  endfacet
  facet normal 0 0 -1
    outer loop
      vertex -31.734 16.5387 2.2
      vertex -30.1465 17.3872 2.2
      vertex -31.5776 16.2777 2.2
    endloop
  endfacet
  facet normal 0 0 -1
    outer loop
      vertex -29.6128 19.1465 2.2
      vertex -30.4613 20.734 2.2
      vertex -30.1863 20.864 2.2
    endloop
  endfacet
  facet normal -0 0 -1
    outer loop
      vertex -30.1465 17.3872 2.2
      vertex -31.734 16.5387 2.2
      vertex -30.201 17.5025 2.2
    endloop
  endfacet
  facet normal 0 0 -1
    outer loop
      vertex -29.7222 19.0809 2.2
      vertex -30.7223 20.5776 2.2
      vertex -30.4613 20.734 2.2
    endloop
  endfacet
  facet normal 0 0 -1
    outer loop
      vertex -31.864 16.8137 2.2
      vertex -30.201 17.5025 2.2
      vertex -31.734 16.5387 2.2
    endloop
  endfacet
  facet normal 0 0 -1
    outer loop
      vertex -29.8247 19.0049 2.2
      vertex -30.9666 20.3963 2.2
      vertex -30.7223 20.5776 2.2
    endloop
  endfacet
  facet normal -0 0 -1
    outer loop
      vertex -30.201 17.5025 2.2
      vertex -31.864 16.8137 2.2
      vertex -30.244 17.6226 2.2
    endloop
  endfacet
  facet normal 0 0 -1
    outer loop
      vertex -29.9192 18.9192 2.2
      vertex -31.192 20.192 2.2
      vertex -30.9666 20.3963 2.2
    endloop
  endfacet
  facet normal 0 0 -1
    outer loop
      vertex -31.9665 17.1001 2.2
      vertex -30.244 17.6226 2.2
      vertex -31.864 16.8137 2.2
    endloop
  endfacet
  facet normal 0 0 -1
    outer loop
      vertex -30.0049 18.8247 2.2
      vertex -31.3963 19.9666 2.2
      vertex -31.192 20.192 2.2
    endloop
  endfacet
  facet normal -0 0 -1
    outer loop
      vertex -30.244 17.6226 2.2
      vertex -31.9665 17.1001 2.2
      vertex -30.275 17.7464 2.2
    endloop
  endfacet
  facet normal 0 0 -1
    outer loop
      vertex -30.0809 18.7222 2.2
      vertex -31.5776 19.7223 2.2
      vertex -31.3963 19.9666 2.2
    endloop
  endfacet
  facet normal 0 0 -1
    outer loop
      vertex -32.0404 17.3952 2.2
      vertex -30.275 17.7464 2.2
      vertex -31.9665 17.1001 2.2
    endloop
  endfacet
  facet normal 0 0 -1
    outer loop
      vertex -30.1465 18.6128 2.2
      vertex -31.734 19.4613 2.2
      vertex -31.5776 19.7223 2.2
    endloop
  endfacet
  facet normal -0 0 -1
    outer loop
      vertex -30.275 17.7464 2.2
      vertex -32.0404 17.3952 2.2
      vertex -30.2937 17.8726 2.2
    endloop
  endfacet
  facet normal 0 0 -1
    outer loop
      vertex -30.201 18.4975 2.2
      vertex -31.864 19.1863 2.2
      vertex -31.734 19.4613 2.2
    endloop
  endfacet
  facet normal 0 0 -1
    outer loop
      vertex -32.0851 17.6961 2.2
      vertex -30.2937 17.8726 2.2
      vertex -32.0404 17.3952 2.2
    endloop
  endfacet
  facet normal 0 0 -1
    outer loop
      vertex -30.244 18.3774 2.2
      vertex -31.9665 18.8999 2.2
      vertex -31.864 19.1863 2.2
    endloop
  endfacet
  facet normal -0 0 -1
    outer loop
      vertex -30.2937 17.8726 2.2
      vertex -32.0851 17.6961 2.2
      vertex -30.3 18 2.2
    endloop
  endfacet
  facet normal 0 0 -1
    outer loop
      vertex -30.275 18.2536 2.2
      vertex -32.0404 18.6048 2.2
      vertex -31.9665 18.8999 2.2
    endloop
  endfacet
  facet normal 0 0 -1
    outer loop
      vertex -32.1 18 2.2
      vertex -30.3 18 2.2
      vertex -32.0851 17.6961 2.2
    endloop
  endfacet
  facet normal 0 0 -1
    outer loop
      vertex -30.2937 18.1274 2.2
      vertex -32.0851 18.3039 2.2
      vertex -32.0404 18.6048 2.2
    endloop
  endfacet
  facet normal 0 0 -1
    outer loop
      vertex -30.3 18 2.2
      vertex -32.1 18 2.2
      vertex -32.0851 18.3039 2.2
    endloop
  endfacet
  facet normal 0.427345 0.904089 -0
    outer loop
      vertex -29.4975 16.799 2.2
      vertex -29.6128 16.8535 19.2
      vertex -29.4975 16.799 19.2
    endloop
  endfacet
  facet normal 0.427345 0.904089 0
    outer loop
      vertex -29.6128 16.8535 19.2
      vertex -29.4975 16.799 2.2
      vertex -29.6128 16.8535 2.2
    endloop
  endfacet
  facet normal -0.989199 -0.146577 0
    outer loop
      vertex -27.7063 18.1274 2.2
      vertex -27.725 18.2536 19.2
      vertex -27.725 18.2536 2.2
    endloop
  endfacet
  facet normal -0.989199 -0.146577 0
    outer loop
      vertex -27.725 18.2536 19.2
      vertex -27.7063 18.1274 2.2
      vertex -27.7063 18.1274 19.2
    endloop
  endfacet
  facet normal -0.99878 -0.0493902 0
    outer loop
      vertex -27.7 18 2.2
      vertex -27.7063 18.1274 19.2
      vertex -27.7063 18.1274 2.2
    endloop
  endfacet
  facet normal -0.99878 -0.0493902 0
    outer loop
      vertex -27.7063 18.1274 19.2
      vertex -27.7 18 2.2
      vertex -27.7 18 19.2
    endloop
  endfacet
  facet normal -0.97005 -0.242904 0
    outer loop
      vertex -27.725 18.2536 2.2
      vertex -27.756 18.3774 19.2
      vertex -27.756 18.3774 2.2
    endloop
  endfacet
  facet normal -0.97005 -0.242904 0
    outer loop
      vertex -27.756 18.3774 19.2
      vertex -27.725 18.2536 2.2
      vertex -27.725 18.2536 19.2
    endloop
  endfacet
  facet normal -0.427345 0.904089 0
    outer loop
      vertex -28.3872 16.8535 2.2
      vertex -28.5025 16.799 19.2
      vertex -28.3872 16.8535 19.2
    endloop
  endfacet
  facet normal -0.427345 0.904089 0
    outer loop
      vertex -28.5025 16.799 19.2
      vertex -28.3872 16.8535 2.2
      vertex -28.5025 16.799 2.2
    endloop
  endfacet
  facet normal 0.146577 -0.989199 0
    outer loop
      vertex -29.2536 19.275 2.2
      vertex -29.1274 19.2937 19.2
      vertex -29.2536 19.275 19.2
    endloop
  endfacet
  facet normal 0.146577 -0.989199 0
    outer loop
      vertex -29.1274 19.2937 19.2
      vertex -29.2536 19.275 2.2
      vertex -29.1274 19.2937 2.2
    endloop
  endfacet
  facet normal 0.941476 0.337081 0
    outer loop
      vertex -30.201 17.5025 19.2
      vertex -30.244 17.6226 2.2
      vertex -30.244 17.6226 19.2
    endloop
  endfacet
  facet normal 0.941476 0.337081 0
    outer loop
      vertex -30.244 17.6226 2.2
      vertex -30.201 17.5025 19.2
      vertex -30.201 17.5025 2.2
    endloop
  endfacet
  facet normal -0.514265 -0.857631 0
    outer loop
      vertex -28.3872 19.1465 2.2
      vertex -28.2778 19.0809 19.2
      vertex -28.3872 19.1465 19.2
    endloop
  endfacet
  facet normal -0.514265 -0.857631 -0
    outer loop
      vertex -28.2778 19.0809 19.2
      vertex -28.3872 19.1465 2.2
      vertex -28.2778 19.0809 2.2
    endloop
  endfacet
  facet normal 0.242904 0.97005 -0
    outer loop
      vertex -29.2536 16.725 2.2
      vertex -29.3774 16.756 19.2
      vertex -29.2536 16.725 19.2
    endloop
  endfacet
  facet normal 0.242904 0.97005 0
    outer loop
      vertex -29.3774 16.756 19.2
      vertex -29.2536 16.725 2.2
      vertex -29.3774 16.756 2.2
    endloop
  endfacet
  facet normal -0.242904 0.97005 0
    outer loop
      vertex -28.6226 16.756 2.2
      vertex -28.7464 16.725 19.2
      vertex -28.6226 16.756 19.2
    endloop
  endfacet
  facet normal -0.242904 0.97005 0
    outer loop
      vertex -28.7464 16.725 19.2
      vertex -28.6226 16.756 2.2
      vertex -28.7464 16.725 2.2
    endloop
  endfacet
  facet normal 0.514265 -0.857631 0
    outer loop
      vertex -29.7222 19.0809 2.2
      vertex -29.6128 19.1465 19.2
      vertex -29.7222 19.0809 19.2
    endloop
  endfacet
  facet normal 0.514265 -0.857631 0
    outer loop
      vertex -29.6128 19.1465 19.2
      vertex -29.7222 19.0809 2.2
      vertex -29.6128 19.1465 2.2
    endloop
  endfacet
  facet normal 0.595602 -0.803279 0
    outer loop
      vertex -29.8247 19.0049 2.2
      vertex -29.7222 19.0809 19.2
      vertex -29.8247 19.0049 19.2
    endloop
  endfacet
  facet normal 0.595602 -0.803279 0
    outer loop
      vertex -29.7222 19.0809 19.2
      vertex -29.8247 19.0049 2.2
      vertex -29.7222 19.0809 2.2
    endloop
  endfacet
  facet normal -0.146577 -0.989199 0
    outer loop
      vertex -28.8726 19.2937 2.2
      vertex -28.7464 19.275 19.2
      vertex -28.8726 19.2937 19.2
    endloop
  endfacet
  facet normal -0.146577 -0.989199 -0
    outer loop
      vertex -28.7464 19.275 19.2
      vertex -28.8726 19.2937 2.2
      vertex -28.7464 19.275 2.2
    endloop
  endfacet
  facet normal -0.0493902 0.99878 0
    outer loop
      vertex -28.8726 16.7063 2.2
      vertex -29 16.7 19.2
      vertex -28.8726 16.7063 19.2
    endloop
  endfacet
  facet normal -0.0493902 0.99878 0
    outer loop
      vertex -29 16.7 19.2
      vertex -28.8726 16.7063 2.2
      vertex -29 16.7 2.2
    endloop
  endfacet
  facet normal 0.514265 0.857631 -0
    outer loop
      vertex -29.6128 16.8535 2.2
      vertex -29.7222 16.9191 19.2
      vertex -29.6128 16.8535 19.2
    endloop
  endfacet
  facet normal 0.514265 0.857631 0
    outer loop
      vertex -29.7222 16.9191 19.2
      vertex -29.6128 16.8535 2.2
      vertex -29.7222 16.9191 2.2
    endloop
  endfacet
  facet normal 0.989199 -0.146577 0
    outer loop
      vertex -30.2937 18.1274 19.2
      vertex -30.275 18.2536 2.2
      vertex -30.275 18.2536 19.2
    endloop
  endfacet
  facet normal 0.989199 -0.146577 0
    outer loop
      vertex -30.275 18.2536 2.2
      vertex -30.2937 18.1274 19.2
      vertex -30.2937 18.1274 2.2
    endloop
  endfacet
  facet normal -0.904089 -0.427345 0
    outer loop
      vertex -27.799 18.4975 2.2
      vertex -27.8535 18.6128 19.2
      vertex -27.8535 18.6128 2.2
    endloop
  endfacet
  facet normal -0.904089 -0.427345 0
    outer loop
      vertex -27.8535 18.6128 19.2
      vertex -27.799 18.4975 2.2
      vertex -27.799 18.4975 19.2
    endloop
  endfacet
  facet normal 0.146577 0.989199 -0
    outer loop
      vertex -29.1274 16.7063 2.2
      vertex -29.2536 16.725 19.2
      vertex -29.1274 16.7063 19.2
    endloop
  endfacet
  facet normal 0.146577 0.989199 0
    outer loop
      vertex -29.2536 16.725 19.2
      vertex -29.1274 16.7063 2.2
      vertex -29.2536 16.725 2.2
    endloop
  endfacet
  facet normal -0.514265 0.857631 0
    outer loop
      vertex -28.2778 16.9191 2.2
      vertex -28.3872 16.8535 19.2
      vertex -28.2778 16.9191 19.2
    endloop
  endfacet
  facet normal -0.514265 0.857631 0
    outer loop
      vertex -28.3872 16.8535 19.2
      vertex -28.2778 16.9191 2.2
      vertex -28.3872 16.8535 2.2
    endloop
  endfacet
  facet normal 0.904089 0.427345 0
    outer loop
      vertex -30.1465 17.3872 19.2
      vertex -30.201 17.5025 2.2
      vertex -30.201 17.5025 19.2
    endloop
  endfacet
  facet normal 0.904089 0.427345 0
    outer loop
      vertex -30.201 17.5025 2.2
      vertex -30.1465 17.3872 19.2
      vertex -30.1465 17.3872 2.2
    endloop
  endfacet
  facet normal -0.989199 0.146577 0
    outer loop
      vertex -27.725 17.7464 2.2
      vertex -27.7063 17.8726 19.2
      vertex -27.7063 17.8726 2.2
    endloop
  endfacet
  facet normal -0.989199 0.146577 0
    outer loop
      vertex -27.7063 17.8726 19.2
      vertex -27.725 17.7464 2.2
      vertex -27.725 17.7464 19.2
    endloop
  endfacet
  facet normal -0.595602 -0.803279 0
    outer loop
      vertex -28.2778 19.0809 2.2
      vertex -28.1753 19.0049 19.2
      vertex -28.2778 19.0809 19.2
    endloop
  endfacet
  facet normal -0.595602 -0.803279 -0
    outer loop
      vertex -28.1753 19.0049 19.2
      vertex -28.2778 19.0809 2.2
      vertex -28.1753 19.0049 2.2
    endloop
  endfacet
  facet normal -0.803279 0.595602 0
    outer loop
      vertex -27.9951 17.1753 2.2
      vertex -27.9191 17.2778 19.2
      vertex -27.9191 17.2778 2.2
    endloop
  endfacet
  facet normal -0.803279 0.595602 0
    outer loop
      vertex -27.9191 17.2778 19.2
      vertex -27.9951 17.1753 2.2
      vertex -27.9951 17.1753 19.2
    endloop
  endfacet
  facet normal 0.941476 -0.337081 0
    outer loop
      vertex -30.244 18.3774 19.2
      vertex -30.201 18.4975 2.2
      vertex -30.201 18.4975 19.2
    endloop
  endfacet
  facet normal 0.941476 -0.337081 0
    outer loop
      vertex -30.201 18.4975 2.2
      vertex -30.244 18.3774 19.2
      vertex -30.244 18.3774 2.2
    endloop
  endfacet
  facet normal -0.803279 -0.595602 0
    outer loop
      vertex -27.9191 18.7222 2.2
      vertex -27.9951 18.8247 19.2
      vertex -27.9951 18.8247 2.2
    endloop
  endfacet
  facet normal -0.803279 -0.595602 0
    outer loop
      vertex -27.9951 18.8247 19.2
      vertex -27.9191 18.7222 2.2
      vertex -27.9191 18.7222 19.2
    endloop
  endfacet
  facet normal 0.0493902 -0.99878 0
    outer loop
      vertex -29.1274 19.2937 2.2
      vertex -29 19.3 19.2
      vertex -29.1274 19.2937 19.2
    endloop
  endfacet
  facet normal 0.0493902 -0.99878 0
    outer loop
      vertex -29 19.3 19.2
      vertex -29.1274 19.2937 2.2
      vertex -29 19.3 2.2
    endloop
  endfacet
  facet normal 0.97005 0.242904 0
    outer loop
      vertex -30.244 17.6226 19.2
      vertex -30.275 17.7464 2.2
      vertex -30.275 17.7464 19.2
    endloop
  endfacet
  facet normal 0.97005 0.242904 0
    outer loop
      vertex -30.275 17.7464 2.2
      vertex -30.244 17.6226 19.2
      vertex -30.244 17.6226 2.2
    endloop
  endfacet
  facet normal 0.337081 -0.941476 0
    outer loop
      vertex -29.4975 19.201 2.2
      vertex -29.3774 19.244 19.2
      vertex -29.4975 19.201 19.2
    endloop
  endfacet
  facet normal 0.337081 -0.941476 0
    outer loop
      vertex -29.3774 19.244 19.2
      vertex -29.4975 19.201 2.2
      vertex -29.3774 19.244 2.2
    endloop
  endfacet
  facet normal -0.904089 0.427345 0
    outer loop
      vertex -27.8535 17.3872 2.2
      vertex -27.799 17.5025 19.2
      vertex -27.799 17.5025 2.2
    endloop
  endfacet
  facet normal -0.904089 0.427345 0
    outer loop
      vertex -27.799 17.5025 19.2
      vertex -27.8535 17.3872 2.2
      vertex -27.8535 17.3872 19.2
    endloop
  endfacet
  facet normal 0.740755 -0.671775 0
    outer loop
      vertex -30.0049 18.8247 19.2
      vertex -29.9192 18.9192 2.2
      vertex -29.9192 18.9192 19.2
    endloop
  endfacet
  facet normal 0.740755 -0.671775 0
    outer loop
      vertex -29.9192 18.9192 2.2
      vertex -30.0049 18.8247 19.2
      vertex -30.0049 18.8247 2.2
    endloop
  endfacet
  facet normal 0.857631 -0.514265 0
    outer loop
      vertex -30.1465 18.6128 19.2
      vertex -30.0809 18.7222 2.2
      vertex -30.0809 18.7222 19.2
    endloop
  endfacet
  facet normal 0.857631 -0.514265 0
    outer loop
      vertex -30.0809 18.7222 2.2
      vertex -30.1465 18.6128 19.2
      vertex -30.1465 18.6128 2.2
    endloop
  endfacet
  facet normal -0.146577 0.989199 0
    outer loop
      vertex -28.7464 16.725 2.2
      vertex -28.8726 16.7063 19.2
      vertex -28.7464 16.725 19.2
    endloop
  endfacet
  facet normal -0.146577 0.989199 0
    outer loop
      vertex -28.8726 16.7063 19.2
      vertex -28.7464 16.725 2.2
      vertex -28.8726 16.7063 2.2
    endloop
  endfacet
  facet normal -0.857631 -0.514265 0
    outer loop
      vertex -27.8535 18.6128 2.2
      vertex -27.9191 18.7222 19.2
      vertex -27.9191 18.7222 2.2
    endloop
  endfacet
  facet normal -0.857631 -0.514265 0
    outer loop
      vertex -27.9191 18.7222 19.2
      vertex -27.8535 18.6128 2.2
      vertex -27.8535 18.6128 19.2
    endloop
  endfacet
  facet normal -0.941476 -0.337081 0
    outer loop
      vertex -27.756 18.3774 2.2
      vertex -27.799 18.4975 19.2
      vertex -27.799 18.4975 2.2
    endloop
  endfacet
  facet normal -0.941476 -0.337081 0
    outer loop
      vertex -27.799 18.4975 19.2
      vertex -27.756 18.3774 2.2
      vertex -27.756 18.3774 19.2
    endloop
  endfacet
  facet normal -0.671775 -0.740755 0
    outer loop
      vertex -28.1753 19.0049 2.2
      vertex -28.0808 18.9192 19.2
      vertex -28.1753 19.0049 19.2
    endloop
  endfacet
  facet normal -0.671775 -0.740755 -0
    outer loop
      vertex -28.0808 18.9192 19.2
      vertex -28.1753 19.0049 2.2
      vertex -28.0808 18.9192 2.2
    endloop
  endfacet
  facet normal -0.97005 0.242904 0
    outer loop
      vertex -27.756 17.6226 2.2
      vertex -27.725 17.7464 19.2
      vertex -27.725 17.7464 2.2
    endloop
  endfacet
  facet normal -0.97005 0.242904 0
    outer loop
      vertex -27.725 17.7464 19.2
      vertex -27.756 17.6226 2.2
      vertex -27.756 17.6226 19.2
    endloop
  endfacet
  facet normal 0.427345 -0.904089 0
    outer loop
      vertex -29.6128 19.1465 2.2
      vertex -29.4975 19.201 19.2
      vertex -29.6128 19.1465 19.2
    endloop
  endfacet
  facet normal 0.427345 -0.904089 0
    outer loop
      vertex -29.4975 19.201 19.2
      vertex -29.6128 19.1465 2.2
      vertex -29.4975 19.201 2.2
    endloop
  endfacet
  facet normal -0.337081 -0.941476 0
    outer loop
      vertex -28.6226 19.244 2.2
      vertex -28.5025 19.201 19.2
      vertex -28.6226 19.244 19.2
    endloop
  endfacet
  facet normal -0.337081 -0.941476 -0
    outer loop
      vertex -28.5025 19.201 19.2
      vertex -28.6226 19.244 2.2
      vertex -28.5025 19.201 2.2
    endloop
  endfacet
  facet normal 0.242904 -0.97005 0
    outer loop
      vertex -29.3774 19.244 2.2
      vertex -29.2536 19.275 19.2
      vertex -29.3774 19.244 19.2
    endloop
  endfacet
  facet normal 0.242904 -0.97005 0
    outer loop
      vertex -29.2536 19.275 19.2
      vertex -29.3774 19.244 2.2
      vertex -29.2536 19.275 2.2
    endloop
  endfacet
  facet normal -0.857631 0.514265 0
    outer loop
      vertex -27.9191 17.2778 2.2
      vertex -27.8535 17.3872 19.2
      vertex -27.8535 17.3872 2.2
    endloop
  endfacet
  facet normal -0.857631 0.514265 0
    outer loop
      vertex -27.8535 17.3872 19.2
      vertex -27.9191 17.2778 2.2
      vertex -27.9191 17.2778 19.2
    endloop
  endfacet
  facet normal -0.427345 -0.904089 0
    outer loop
      vertex -28.5025 19.201 2.2
      vertex -28.3872 19.1465 19.2
      vertex -28.5025 19.201 19.2
    endloop
  endfacet
  facet normal -0.427345 -0.904089 -0
    outer loop
      vertex -28.3872 19.1465 19.2
      vertex -28.5025 19.201 2.2
      vertex -28.3872 19.1465 2.2
    endloop
  endfacet
  facet normal -0.0493902 -0.99878 0
    outer loop
      vertex -29 19.3 2.2
      vertex -28.8726 19.2937 19.2
      vertex -29 19.3 19.2
    endloop
  endfacet
  facet normal -0.0493902 -0.99878 -0
    outer loop
      vertex -28.8726 19.2937 19.2
      vertex -29 19.3 2.2
      vertex -28.8726 19.2937 2.2
    endloop
  endfacet
  facet normal -0.941476 0.337081 0
    outer loop
      vertex -27.799 17.5025 2.2
      vertex -27.756 17.6226 19.2
      vertex -27.756 17.6226 2.2
    endloop
  endfacet
  facet normal -0.941476 0.337081 0
    outer loop
      vertex -27.756 17.6226 19.2
      vertex -27.799 17.5025 2.2
      vertex -27.799 17.5025 19.2
    endloop
  endfacet
  facet normal -0.671775 0.740755 0
    outer loop
      vertex -28.0808 17.0808 2.2
      vertex -28.1753 16.9951 19.2
      vertex -28.0808 17.0808 19.2
    endloop
  endfacet
  facet normal -0.671775 0.740755 0
    outer loop
      vertex -28.1753 16.9951 19.2
      vertex -28.0808 17.0808 2.2
      vertex -28.1753 16.9951 2.2
    endloop
  endfacet
  facet normal -0.242904 -0.97005 0
    outer loop
      vertex -28.7464 19.275 2.2
      vertex -28.6226 19.244 19.2
      vertex -28.7464 19.275 19.2
    endloop
  endfacet
  facet normal -0.242904 -0.97005 -0
    outer loop
      vertex -28.6226 19.244 19.2
      vertex -28.7464 19.275 2.2
      vertex -28.6226 19.244 2.2
    endloop
  endfacet
  facet normal -0.99878 0.0493902 0
    outer loop
      vertex -27.7063 17.8726 2.2
      vertex -27.7 18 19.2
      vertex -27.7 18 2.2
    endloop
  endfacet
  facet normal -0.99878 0.0493902 0
    outer loop
      vertex -27.7 18 19.2
      vertex -27.7063 17.8726 2.2
      vertex -27.7063 17.8726 19.2
    endloop
  endfacet
  facet normal 0.97005 -0.242904 0
    outer loop
      vertex -30.275 18.2536 19.2
      vertex -30.244 18.3774 2.2
      vertex -30.244 18.3774 19.2
    endloop
  endfacet
  facet normal 0.97005 -0.242904 0
    outer loop
      vertex -30.244 18.3774 2.2
      vertex -30.275 18.2536 19.2
      vertex -30.275 18.2536 2.2
    endloop
  endfacet
  facet normal 0.671775 -0.740755 0
    outer loop
      vertex -29.9192 18.9192 2.2
      vertex -29.8247 19.0049 19.2
      vertex -29.9192 18.9192 19.2
    endloop
  endfacet
  facet normal 0.671775 -0.740755 0
    outer loop
      vertex -29.8247 19.0049 19.2
      vertex -29.9192 18.9192 2.2
      vertex -29.8247 19.0049 2.2
    endloop
  endfacet
  facet normal 0.857631 0.514265 0
    outer loop
      vertex -30.0809 17.2778 19.2
      vertex -30.1465 17.3872 2.2
      vertex -30.1465 17.3872 19.2
    endloop
  endfacet
  facet normal 0.857631 0.514265 0
    outer loop
      vertex -30.1465 17.3872 2.2
      vertex -30.0809 17.2778 19.2
      vertex -30.0809 17.2778 2.2
    endloop
  endfacet
  facet normal 0.740755 0.671775 0
    outer loop
      vertex -29.9192 17.0808 19.2
      vertex -30.0049 17.1753 2.2
      vertex -30.0049 17.1753 19.2
    endloop
  endfacet
  facet normal 0.740755 0.671775 0
    outer loop
      vertex -30.0049 17.1753 2.2
      vertex -29.9192 17.0808 19.2
      vertex -29.9192 17.0808 2.2
    endloop
  endfacet
  facet normal 0.595602 0.803279 -0
    outer loop
      vertex -29.7222 16.9191 2.2
      vertex -29.8247 16.9951 19.2
      vertex -29.7222 16.9191 19.2
    endloop
  endfacet
  facet normal 0.595602 0.803279 0
    outer loop
      vertex -29.8247 16.9951 19.2
      vertex -29.7222 16.9191 2.2
      vertex -29.8247 16.9951 2.2
    endloop
  endfacet
  facet normal 0.989199 0.146577 0
    outer loop
      vertex -30.275 17.7464 19.2
      vertex -30.2937 17.8726 2.2
      vertex -30.2937 17.8726 19.2
    endloop
  endfacet
  facet normal 0.989199 0.146577 0
    outer loop
      vertex -30.2937 17.8726 2.2
      vertex -30.275 17.7464 19.2
      vertex -30.275 17.7464 2.2
    endloop
  endfacet
  facet normal 0.803279 0.595602 0
    outer loop
      vertex -30.0049 17.1753 19.2
      vertex -30.0809 17.2778 2.2
      vertex -30.0809 17.2778 19.2
    endloop
  endfacet
  facet normal 0.803279 0.595602 0
    outer loop
      vertex -30.0809 17.2778 2.2
      vertex -30.0049 17.1753 19.2
      vertex -30.0049 17.1753 2.2
    endloop
  endfacet
  facet normal -0.337081 0.941476 0
    outer loop
      vertex -28.5025 16.799 2.2
      vertex -28.6226 16.756 19.2
      vertex -28.5025 16.799 19.2
    endloop
  endfacet
  facet normal -0.337081 0.941476 0
    outer loop
      vertex -28.6226 16.756 19.2
      vertex -28.5025 16.799 2.2
      vertex -28.6226 16.756 2.2
    endloop
  endfacet
  facet normal 0.99878 0.0493902 0
    outer loop
      vertex -30.2937 17.8726 19.2
      vertex -30.3 18 2.2
      vertex -30.3 18 19.2
    endloop
  endfacet
  facet normal 0.99878 0.0493902 0
    outer loop
      vertex -30.3 18 2.2
      vertex -30.2937 17.8726 19.2
      vertex -30.2937 17.8726 2.2
    endloop
  endfacet
  facet normal 0.803279 -0.595602 0
    outer loop
      vertex -30.0809 18.7222 19.2
      vertex -30.0049 18.8247 2.2
      vertex -30.0049 18.8247 19.2
    endloop
  endfacet
  facet normal 0.803279 -0.595602 0
    outer loop
      vertex -30.0049 18.8247 2.2
      vertex -30.0809 18.7222 19.2
      vertex -30.0809 18.7222 2.2
    endloop
  endfacet
  facet normal -0.595602 0.803279 0
    outer loop
      vertex -28.1753 16.9951 2.2
      vertex -28.2778 16.9191 19.2
      vertex -28.1753 16.9951 19.2
    endloop
  endfacet
  facet normal -0.595602 0.803279 0
    outer loop
      vertex -28.2778 16.9191 19.2
      vertex -28.1753 16.9951 2.2
      vertex -28.2778 16.9191 2.2
    endloop
  endfacet
  facet normal -0.740755 -0.671775 0
    outer loop
      vertex -27.9951 18.8247 2.2
      vertex -28.0808 18.9192 19.2
      vertex -28.0808 18.9192 2.2
    endloop
  endfacet
  facet normal -0.740755 -0.671775 0
    outer loop
      vertex -28.0808 18.9192 19.2
      vertex -27.9951 18.8247 2.2
      vertex -27.9951 18.8247 19.2
    endloop
  endfacet
  facet normal 0.904089 -0.427345 0
    outer loop
      vertex -30.201 18.4975 19.2
      vertex -30.1465 18.6128 2.2
      vertex -30.1465 18.6128 19.2
    endloop
  endfacet
  facet normal 0.904089 -0.427345 0
    outer loop
      vertex -30.1465 18.6128 2.2
      vertex -30.201 18.4975 19.2
      vertex -30.201 18.4975 2.2
    endloop
  endfacet
  facet normal 0.337081 0.941476 -0
    outer loop
      vertex -29.3774 16.756 2.2
      vertex -29.4975 16.799 19.2
      vertex -29.3774 16.756 19.2
    endloop
  endfacet
  facet normal 0.337081 0.941476 0
    outer loop
      vertex -29.4975 16.799 19.2
      vertex -29.3774 16.756 2.2
      vertex -29.4975 16.799 2.2
    endloop
  endfacet
  facet normal 0.0493902 0.99878 -0
    outer loop
      vertex -29 16.7 2.2
      vertex -29.1274 16.7063 19.2
      vertex -29 16.7 19.2
    endloop
  endfacet
  facet normal 0.0493902 0.99878 0
    outer loop
      vertex -29.1274 16.7063 19.2
      vertex -29 16.7 2.2
      vertex -29.1274 16.7063 2.2
    endloop
  endfacet
  facet normal 0.99878 -0.0493902 0
    outer loop
      vertex -30.3 18 19.2
      vertex -30.2937 18.1274 2.2
      vertex -30.2937 18.1274 19.2
    endloop
  endfacet
  facet normal 0.99878 -0.0493902 0
    outer loop
      vertex -30.2937 18.1274 2.2
      vertex -30.3 18 19.2
      vertex -30.3 18 2.2
    endloop
  endfacet
  facet normal 0.671775 0.740755 -0
    outer loop
      vertex -29.8247 16.9951 2.2
      vertex -29.9192 17.0808 19.2
      vertex -29.8247 16.9951 19.2
    endloop
  endfacet
  facet normal 0.671775 0.740755 0
    outer loop
      vertex -29.9192 17.0808 19.2
      vertex -29.8247 16.9951 2.2
      vertex -29.9192 17.0808 2.2
    endloop
  endfacet
  facet normal -0.740755 0.671775 0
    outer loop
      vertex -28.0808 17.0808 2.2
      vertex -27.9951 17.1753 19.2
      vertex -27.9951 17.1753 2.2
    endloop
  endfacet
  facet normal -0.740755 0.671775 0
    outer loop
      vertex -27.9951 17.1753 19.2
      vertex -28.0808 17.0808 2.2
      vertex -28.0808 17.0808 19.2
    endloop
  endfacet
  facet normal 0.989145 0.146942 0
    outer loop
      vertex 32.0851 -17.6961 19.2
      vertex 32.0404 -17.3952 2.2
      vertex 32.0404 -17.3952 19.2
    endloop
  endfacet
  facet normal 0.989145 0.146942 0
    outer loop
      vertex 32.0404 -17.3952 2.2
      vertex 32.0851 -17.6961 19.2
      vertex 32.0851 -17.6961 2.2
    endloop
  endfacet
  facet normal 0.9988 0.0489705 0
    outer loop
      vertex 32.1 -18 19.2
      vertex 32.0851 -17.6961 2.2
      vertex 32.0851 -17.6961 19.2
    endloop
  endfacet
  facet normal 0.9988 0.0489705 0
    outer loop
      vertex 32.0851 -17.6961 2.2
      vertex 32.1 -18 19.2
      vertex 32.1 -18 2.2
    endloop
  endfacet
  facet normal 0.970046 0.242922 0
    outer loop
      vertex 32.0404 -17.3952 19.2
      vertex 31.9665 -17.1001 2.2
      vertex 31.9665 -17.1001 19.2
    endloop
  endfacet
  facet normal 0.970046 0.242922 0
    outer loop
      vertex 31.9665 -17.1001 2.2
      vertex 32.0404 -17.3952 19.2
      vertex 32.0404 -17.3952 2.2
    endloop
  endfacet
  facet normal 0.803027 -0.595943 0
    outer loop
      vertex 31.3963 -19.9666 19.2
      vertex 31.5776 -19.7223 2.2
      vertex 31.5776 -19.7223 19.2
    endloop
  endfacet
  facet normal 0.803027 -0.595943 0
    outer loop
      vertex 31.5776 -19.7223 2.2
      vertex 31.3963 -19.9666 19.2
      vertex 31.3963 -19.9666 2.2
    endloop
  endfacet
  facet normal 0.0489705 -0.9988 0
    outer loop
      vertex 29 -21.1 2.2
      vertex 29.3039 -21.0851 19.2
      vertex 29 -21.1 19.2
    endloop
  endfacet
  facet normal 0.0489705 -0.9988 0
    outer loop
      vertex 29.3039 -21.0851 19.2
      vertex 29 -21.1 2.2
      vertex 29.3039 -21.0851 2.2
    endloop
  endfacet
  facet normal 0.514012 -0.857783 0
    outer loop
      vertex 30.4613 -20.734 2.2
      vertex 30.7223 -20.5776 19.2
      vertex 30.4613 -20.734 19.2
    endloop
  endfacet
  facet normal 0.514012 -0.857783 0
    outer loop
      vertex 30.7223 -20.5776 19.2
      vertex 30.4613 -20.734 2.2
      vertex 30.7223 -20.5776 2.2
    endloop
  endfacet
  facet normal -0.42738 0.904072 0
    outer loop
      vertex 27.8137 -15.136 2.2
      vertex 27.5387 -15.266 19.2
      vertex 27.8137 -15.136 19.2
    endloop
  endfacet
  facet normal -0.42738 0.904072 0
    outer loop
      vertex 27.5387 -15.266 19.2
      vertex 27.8137 -15.136 2.2
      vertex 27.5387 -15.266 2.2
    endloop
  endfacet
  facet normal 0.514012 0.857783 -0
    outer loop
      vertex 30.7223 -15.4224 2.2
      vertex 30.4613 -15.266 19.2
      vertex 30.7223 -15.4224 19.2
    endloop
  endfacet
  facet normal 0.514012 0.857783 0
    outer loop
      vertex 30.4613 -15.266 19.2
      vertex 30.7223 -15.4224 2.2
      vertex 30.4613 -15.266 2.2
    endloop
  endfacet
  facet normal -0.0489705 0.9988 0
    outer loop
      vertex 29 -14.9 2.2
      vertex 28.6961 -14.9149 19.2
      vertex 29 -14.9 19.2
    endloop
  endfacet
  facet normal -0.0489705 0.9988 0
    outer loop
      vertex 28.6961 -14.9149 19.2
      vertex 29 -14.9 2.2
      vertex 28.6961 -14.9149 2.2
    endloop
  endfacet
  facet normal -0.803027 -0.595943 0
    outer loop
      vertex 26.6037 -19.9666 2.2
      vertex 26.4224 -19.7223 19.2
      vertex 26.4224 -19.7223 2.2
    endloop
  endfacet
  facet normal -0.803027 -0.595943 0
    outer loop
      vertex 26.4224 -19.7223 19.2
      vertex 26.6037 -19.9666 2.2
      vertex 26.6037 -19.9666 19.2
    endloop
  endfacet
  facet normal 0.941519 0.336961 0
    outer loop
      vertex 31.9665 -17.1001 19.2
      vertex 31.864 -16.8137 2.2
      vertex 31.864 -16.8137 19.2
    endloop
  endfacet
  facet normal 0.941519 0.336961 0
    outer loop
      vertex 31.864 -16.8137 2.2
      vertex 31.9665 -17.1001 19.2
      vertex 31.9665 -17.1001 2.2
    endloop
  endfacet
  facet normal 0.941519 -0.336961 0
    outer loop
      vertex 31.864 -19.1863 19.2
      vertex 31.9665 -18.8999 2.2
      vertex 31.9665 -18.8999 19.2
    endloop
  endfacet
  facet normal 0.941519 -0.336961 0
    outer loop
      vertex 31.9665 -18.8999 2.2
      vertex 31.864 -19.1863 19.2
      vertex 31.864 -19.1863 2.2
    endloop
  endfacet
  facet normal -0.857783 -0.514012 0
    outer loop
      vertex 26.4224 -19.7223 2.2
      vertex 26.266 -19.4613 19.2
      vertex 26.266 -19.4613 2.2
    endloop
  endfacet
  facet normal -0.857783 -0.514012 0
    outer loop
      vertex 26.266 -19.4613 19.2
      vertex 26.4224 -19.7223 2.2
      vertex 26.4224 -19.7223 19.2
    endloop
  endfacet
  facet normal 0.242922 -0.970046 0
    outer loop
      vertex 29.6048 -21.0404 2.2
      vertex 29.8999 -20.9665 19.2
      vertex 29.6048 -21.0404 19.2
    endloop
  endfacet
  facet normal 0.242922 -0.970046 0
    outer loop
      vertex 29.8999 -20.9665 19.2
      vertex 29.6048 -21.0404 2.2
      vertex 29.8999 -20.9665 2.2
    endloop
  endfacet
  facet normal 0.9988 -0.0489705 0
    outer loop
      vertex 32.0851 -18.3039 19.2
      vertex 32.1 -18 2.2
      vertex 32.1 -18 19.2
    endloop
  endfacet
  facet normal 0.9988 -0.0489705 0
    outer loop
      vertex 32.1 -18 2.2
      vertex 32.0851 -18.3039 19.2
      vertex 32.0851 -18.3039 2.2
    endloop
  endfacet
  facet normal -0.595943 -0.803027 0
    outer loop
      vertex 27.0334 -20.3963 2.2
      vertex 27.2777 -20.5776 19.2
      vertex 27.0334 -20.3963 19.2
    endloop
  endfacet
  facet normal -0.595943 -0.803027 -0
    outer loop
      vertex 27.2777 -20.5776 19.2
      vertex 27.0334 -20.3963 2.2
      vertex 27.2777 -20.5776 2.2
    endloop
  endfacet
  facet normal -0.989145 -0.146942 0
    outer loop
      vertex 25.9596 -18.6048 2.2
      vertex 25.9149 -18.3039 19.2
      vertex 25.9149 -18.3039 2.2
    endloop
  endfacet
  facet normal -0.989145 -0.146942 0
    outer loop
      vertex 25.9149 -18.3039 19.2
      vertex 25.9596 -18.6048 2.2
      vertex 25.9596 -18.6048 19.2
    endloop
  endfacet
  facet normal -0.595943 0.803027 0
    outer loop
      vertex 27.2777 -15.4224 2.2
      vertex 27.0334 -15.6037 19.2
      vertex 27.2777 -15.4224 19.2
    endloop
  endfacet
  facet normal -0.595943 0.803027 0
    outer loop
      vertex 27.0334 -15.6037 19.2
      vertex 27.2777 -15.4224 2.2
      vertex 27.0334 -15.6037 2.2
    endloop
  endfacet
  facet normal 0.595943 0.803027 -0
    outer loop
      vertex 30.9666 -15.6037 2.2
      vertex 30.7223 -15.4224 19.2
      vertex 30.9666 -15.6037 19.2
    endloop
  endfacet
  facet normal 0.595943 0.803027 0
    outer loop
      vertex 30.7223 -15.4224 19.2
      vertex 30.9666 -15.6037 2.2
      vertex 30.7223 -15.4224 2.2
    endloop
  endfacet
  facet normal 0.740936 -0.671576 0
    outer loop
      vertex 31.192 -20.192 19.2
      vertex 31.3963 -19.9666 2.2
      vertex 31.3963 -19.9666 19.2
    endloop
  endfacet
  facet normal 0.740936 -0.671576 0
    outer loop
      vertex 31.3963 -19.9666 2.2
      vertex 31.192 -20.192 19.2
      vertex 31.192 -20.192 2.2
    endloop
  endfacet
  facet normal -0.941519 -0.336961 0
    outer loop
      vertex 26.136 -19.1863 2.2
      vertex 26.0335 -18.8999 19.2
      vertex 26.0335 -18.8999 2.2
    endloop
  endfacet
  facet normal -0.941519 -0.336961 0
    outer loop
      vertex 26.0335 -18.8999 19.2
      vertex 26.136 -19.1863 2.2
      vertex 26.136 -19.1863 19.2
    endloop
  endfacet
  facet normal 0.989145 -0.146942 0
    outer loop
      vertex 32.0404 -18.6048 19.2
      vertex 32.0851 -18.3039 2.2
      vertex 32.0851 -18.3039 19.2
    endloop
  endfacet
  facet normal 0.989145 -0.146942 0
    outer loop
      vertex 32.0851 -18.3039 2.2
      vertex 32.0404 -18.6048 19.2
      vertex 32.0404 -18.6048 2.2
    endloop
  endfacet
  facet normal -0.857783 0.514012 0
    outer loop
      vertex 26.266 -16.5387 2.2
      vertex 26.4224 -16.2777 19.2
      vertex 26.4224 -16.2777 2.2
    endloop
  endfacet
  facet normal -0.857783 0.514012 0
    outer loop
      vertex 26.4224 -16.2777 19.2
      vertex 26.266 -16.5387 2.2
      vertex 26.266 -16.5387 19.2
    endloop
  endfacet
  facet normal 0.970046 -0.242922 0
    outer loop
      vertex 31.9665 -18.8999 19.2
      vertex 32.0404 -18.6048 2.2
      vertex 32.0404 -18.6048 19.2
    endloop
  endfacet
  facet normal 0.970046 -0.242922 0
    outer loop
      vertex 32.0404 -18.6048 2.2
      vertex 31.9665 -18.8999 19.2
      vertex 31.9665 -18.8999 2.2
    endloop
  endfacet
  facet normal 0.42738 -0.904072 0
    outer loop
      vertex 30.1863 -20.864 2.2
      vertex 30.4613 -20.734 19.2
      vertex 30.1863 -20.864 19.2
    endloop
  endfacet
  facet normal 0.42738 -0.904072 0
    outer loop
      vertex 30.4613 -20.734 19.2
      vertex 30.1863 -20.864 2.2
      vertex 30.4613 -20.734 2.2
    endloop
  endfacet
  facet normal 0 0 1
    outer loop
      vertex 30.3 -18 19.2
      vertex 32.1 -18 19.2
      vertex 32.0851 -17.6961 19.2
    endloop
  endfacet
  facet normal 0 0 1
    outer loop
      vertex 30.2937 -17.8726 19.2
      vertex 32.0851 -17.6961 19.2
      vertex 32.0404 -17.3952 19.2
    endloop
  endfacet
  facet normal 0 0 1
    outer loop
      vertex 32.1 -18 19.2
      vertex 30.3 -18 19.2
      vertex 32.0851 -18.3039 19.2
    endloop
  endfacet
  facet normal 0 0 1
    outer loop
      vertex 30.275 -17.7464 19.2
      vertex 32.0404 -17.3952 19.2
      vertex 31.9665 -17.1001 19.2
    endloop
  endfacet
  facet normal -0 0 1
    outer loop
      vertex 30.2937 -18.1274 19.2
      vertex 32.0851 -18.3039 19.2
      vertex 30.3 -18 19.2
    endloop
  endfacet
  facet normal 0 0 1
    outer loop
      vertex 30.244 -17.6226 19.2
      vertex 31.9665 -17.1001 19.2
      vertex 31.864 -16.8137 19.2
    endloop
  endfacet
  facet normal 0 0 1
    outer loop
      vertex 32.0851 -18.3039 19.2
      vertex 30.2937 -18.1274 19.2
      vertex 32.0404 -18.6048 19.2
    endloop
  endfacet
  facet normal 0 0 1
    outer loop
      vertex 30.201 -17.5025 19.2
      vertex 31.864 -16.8137 19.2
      vertex 31.734 -16.5387 19.2
    endloop
  endfacet
  facet normal -0 0 1
    outer loop
      vertex 30.275 -18.2536 19.2
      vertex 32.0404 -18.6048 19.2
      vertex 30.2937 -18.1274 19.2
    endloop
  endfacet
  facet normal 0 0 1
    outer loop
      vertex 30.1465 -17.3872 19.2
      vertex 31.734 -16.5387 19.2
      vertex 31.5776 -16.2777 19.2
    endloop
  endfacet
  facet normal 0 0 1
    outer loop
      vertex 32.0404 -18.6048 19.2
      vertex 30.275 -18.2536 19.2
      vertex 31.9665 -18.8999 19.2
    endloop
  endfacet
  facet normal 0 0 1
    outer loop
      vertex 30.0809 -17.2778 19.2
      vertex 31.5776 -16.2777 19.2
      vertex 31.3963 -16.0334 19.2
    endloop
  endfacet
  facet normal -0 0 1
    outer loop
      vertex 30.244 -18.3774 19.2
      vertex 31.9665 -18.8999 19.2
      vertex 30.275 -18.2536 19.2
    endloop
  endfacet
  facet normal 0 0 1
    outer loop
      vertex 30.0049 -17.1753 19.2
      vertex 31.3963 -16.0334 19.2
      vertex 31.192 -15.808 19.2
    endloop
  endfacet
  facet normal 0 0 1
    outer loop
      vertex 31.9665 -18.8999 19.2
      vertex 30.244 -18.3774 19.2
      vertex 31.864 -19.1863 19.2
    endloop
  endfacet
  facet normal 0 0 1
    outer loop
      vertex 29.9192 -17.0808 19.2
      vertex 31.192 -15.808 19.2
      vertex 30.9666 -15.6037 19.2
    endloop
  endfacet
  facet normal -0 0 1
    outer loop
      vertex 30.201 -18.4975 19.2
      vertex 31.864 -19.1863 19.2
      vertex 30.244 -18.3774 19.2
    endloop
  endfacet
  facet normal 0 0 1
    outer loop
      vertex 29.8247 -16.9951 19.2
      vertex 30.9666 -15.6037 19.2
      vertex 30.7223 -15.4224 19.2
    endloop
  endfacet
  facet normal 0 0 1
    outer loop
      vertex 31.864 -19.1863 19.2
      vertex 30.201 -18.4975 19.2
      vertex 31.734 -19.4613 19.2
    endloop
  endfacet
  facet normal 0 0 1
    outer loop
      vertex 29.7222 -16.9191 19.2
      vertex 30.7223 -15.4224 19.2
      vertex 30.4613 -15.266 19.2
    endloop
  endfacet
  facet normal -0 0 1
    outer loop
      vertex 30.1465 -18.6128 19.2
      vertex 31.734 -19.4613 19.2
      vertex 30.201 -18.4975 19.2
    endloop
  endfacet
  facet normal 0 0 1
    outer loop
      vertex 31.734 -19.4613 19.2
      vertex 30.1465 -18.6128 19.2
      vertex 31.5776 -19.7223 19.2
    endloop
  endfacet
  facet normal 0 0 1
    outer loop
      vertex 32.0851 -17.6961 19.2
      vertex 30.2937 -17.8726 19.2
      vertex 30.3 -18 19.2
    endloop
  endfacet
  facet normal 0 0 1
    outer loop
      vertex 32.0404 -17.3952 19.2
      vertex 30.275 -17.7464 19.2
      vertex 30.2937 -17.8726 19.2
    endloop
  endfacet
  facet normal 0 0 1
    outer loop
      vertex 31.9665 -17.1001 19.2
      vertex 30.244 -17.6226 19.2
      vertex 30.275 -17.7464 19.2
    endloop
  endfacet
  facet normal 0 0 1
    outer loop
      vertex 31.864 -16.8137 19.2
      vertex 30.201 -17.5025 19.2
      vertex 30.244 -17.6226 19.2
    endloop
  endfacet
  facet normal 0 0 1
    outer loop
      vertex 29.6128 -16.8535 19.2
      vertex 30.4613 -15.266 19.2
      vertex 30.1863 -15.136 19.2
    endloop
  endfacet
  facet normal 0 0 1
    outer loop
      vertex 31.734 -16.5387 19.2
      vertex 30.1465 -17.3872 19.2
      vertex 30.201 -17.5025 19.2
    endloop
  endfacet
  facet normal 0 0 1
    outer loop
      vertex 31.5776 -16.2777 19.2
      vertex 30.0809 -17.2778 19.2
      vertex 30.1465 -17.3872 19.2
    endloop
  endfacet
  facet normal 0 0 1
    outer loop
      vertex 31.3963 -16.0334 19.2
      vertex 30.0049 -17.1753 19.2
      vertex 30.0809 -17.2778 19.2
    endloop
  endfacet
  facet normal 0 0 1
    outer loop
      vertex 31.192 -15.808 19.2
      vertex 29.9192 -17.0808 19.2
      vertex 30.0049 -17.1753 19.2
    endloop
  endfacet
  facet normal 0 0 1
    outer loop
      vertex 29.4975 -16.799 19.2
      vertex 30.1863 -15.136 19.2
      vertex 29.8999 -15.0335 19.2
    endloop
  endfacet
  facet normal 0 0 1
    outer loop
      vertex 30.9666 -15.6037 19.2
      vertex 29.8247 -16.9951 19.2
      vertex 29.9192 -17.0808 19.2
    endloop
  endfacet
  facet normal 0 0 1
    outer loop
      vertex 30.7223 -15.4224 19.2
      vertex 29.7222 -16.9191 19.2
      vertex 29.8247 -16.9951 19.2
    endloop
  endfacet
  facet normal 0 0 1
    outer loop
      vertex 30.4613 -15.266 19.2
      vertex 29.6128 -16.8535 19.2
      vertex 29.7222 -16.9191 19.2
    endloop
  endfacet
  facet normal 0 0 1
    outer loop
      vertex 29.3774 -16.756 19.2
      vertex 29.8999 -15.0335 19.2
      vertex 29.6048 -14.9596 19.2
    endloop
  endfacet
  facet normal 0 0 1
    outer loop
      vertex 30.1863 -15.136 19.2
      vertex 29.4975 -16.799 19.2
      vertex 29.6128 -16.8535 19.2
    endloop
  endfacet
  facet normal 0 0 1
    outer loop
      vertex 29.8999 -15.0335 19.2
      vertex 29.3774 -16.756 19.2
      vertex 29.4975 -16.799 19.2
    endloop
  endfacet
  facet normal 0 0 1
    outer loop
      vertex 29.2536 -16.725 19.2
      vertex 29.6048 -14.9596 19.2
      vertex 29.3039 -14.9149 19.2
    endloop
  endfacet
  facet normal 0 0 1
    outer loop
      vertex 29.6048 -14.9596 19.2
      vertex 29.2536 -16.725 19.2
      vertex 29.3774 -16.756 19.2
    endloop
  endfacet
  facet normal 0 0 1
    outer loop
      vertex 29.3039 -14.9149 19.2
      vertex 29.1274 -16.7063 19.2
      vertex 29.2536 -16.725 19.2
    endloop
  endfacet
  facet normal 0 0 1
    outer loop
      vertex 29 -14.9 19.2
      vertex 29.1274 -16.7063 19.2
      vertex 29.3039 -14.9149 19.2
    endloop
  endfacet
  facet normal 0 0 1
    outer loop
      vertex 29 -14.9 19.2
      vertex 29 -16.7 19.2
      vertex 29.1274 -16.7063 19.2
    endloop
  endfacet
  facet normal 0 0 1
    outer loop
      vertex 29 -14.9 19.2
      vertex 28.8726 -16.7063 19.2
      vertex 29 -16.7 19.2
    endloop
  endfacet
  facet normal -0 0 1
    outer loop
      vertex 28.6961 -14.9149 19.2
      vertex 28.8726 -16.7063 19.2
      vertex 29 -14.9 19.2
    endloop
  endfacet
  facet normal 0 0 1
    outer loop
      vertex 28.8726 -16.7063 19.2
      vertex 28.6961 -14.9149 19.2
      vertex 28.7464 -16.725 19.2
    endloop
  endfacet
  facet normal -0 0 1
    outer loop
      vertex 28.3952 -14.9596 19.2
      vertex 28.7464 -16.725 19.2
      vertex 28.6961 -14.9149 19.2
    endloop
  endfacet
  facet normal 0 0 1
    outer loop
      vertex 28.7464 -16.725 19.2
      vertex 28.3952 -14.9596 19.2
      vertex 28.6226 -16.756 19.2
    endloop
  endfacet
  facet normal -0 0 1
    outer loop
      vertex 28.1001 -15.0335 19.2
      vertex 28.6226 -16.756 19.2
      vertex 28.3952 -14.9596 19.2
    endloop
  endfacet
  facet normal 0 0 1
    outer loop
      vertex 28.6226 -16.756 19.2
      vertex 28.1001 -15.0335 19.2
      vertex 28.5025 -16.799 19.2
    endloop
  endfacet
  facet normal -0 0 1
    outer loop
      vertex 27.8137 -15.136 19.2
      vertex 28.5025 -16.799 19.2
      vertex 28.1001 -15.0335 19.2
    endloop
  endfacet
  facet normal 0 0 1
    outer loop
      vertex 28.5025 -16.799 19.2
      vertex 27.8137 -15.136 19.2
      vertex 28.3872 -16.8535 19.2
    endloop
  endfacet
  facet normal -0 0 1
    outer loop
      vertex 27.5387 -15.266 19.2
      vertex 28.3872 -16.8535 19.2
      vertex 27.8137 -15.136 19.2
    endloop
  endfacet
  facet normal 0 0 1
    outer loop
      vertex 28.3872 -16.8535 19.2
      vertex 27.5387 -15.266 19.2
      vertex 28.2778 -16.9191 19.2
    endloop
  endfacet
  facet normal -0 0 1
    outer loop
      vertex 27.2777 -15.4224 19.2
      vertex 28.2778 -16.9191 19.2
      vertex 27.5387 -15.266 19.2
    endloop
  endfacet
  facet normal 0 0 1
    outer loop
      vertex 28.2778 -16.9191 19.2
      vertex 27.2777 -15.4224 19.2
      vertex 28.1753 -16.9951 19.2
    endloop
  endfacet
  facet normal -0 0 1
    outer loop
      vertex 27.0334 -15.6037 19.2
      vertex 28.1753 -16.9951 19.2
      vertex 27.2777 -15.4224 19.2
    endloop
  endfacet
  facet normal 0 0 1
    outer loop
      vertex 28.1753 -16.9951 19.2
      vertex 27.0334 -15.6037 19.2
      vertex 28.0808 -17.0808 19.2
    endloop
  endfacet
  facet normal -0 0 1
    outer loop
      vertex 26.808 -15.808 19.2
      vertex 28.0808 -17.0808 19.2
      vertex 27.0334 -15.6037 19.2
    endloop
  endfacet
  facet normal 0 0 1
    outer loop
      vertex 28.0808 -17.0808 19.2
      vertex 26.808 -15.808 19.2
      vertex 27.9951 -17.1753 19.2
    endloop
  endfacet
  facet normal -0 0 1
    outer loop
      vertex 26.6037 -16.0334 19.2
      vertex 27.9951 -17.1753 19.2
      vertex 26.808 -15.808 19.2
    endloop
  endfacet
  facet normal 0 0 1
    outer loop
      vertex 27.9951 -17.1753 19.2
      vertex 26.6037 -16.0334 19.2
      vertex 27.9191 -17.2778 19.2
    endloop
  endfacet
  facet normal -0 0 1
    outer loop
      vertex 26.4224 -16.2777 19.2
      vertex 27.9191 -17.2778 19.2
      vertex 26.6037 -16.0334 19.2
    endloop
  endfacet
  facet normal 0 0 1
    outer loop
      vertex 27.9191 -17.2778 19.2
      vertex 26.4224 -16.2777 19.2
      vertex 27.8535 -17.3872 19.2
    endloop
  endfacet
  facet normal -0 0 1
    outer loop
      vertex 30.0809 -18.7222 19.2
      vertex 31.5776 -19.7223 19.2
      vertex 30.1465 -18.6128 19.2
    endloop
  endfacet
  facet normal 0 0 1
    outer loop
      vertex 31.5776 -19.7223 19.2
      vertex 30.0809 -18.7222 19.2
      vertex 31.3963 -19.9666 19.2
    endloop
  endfacet
  facet normal -0 0 1
    outer loop
      vertex 30.0049 -18.8247 19.2
      vertex 31.3963 -19.9666 19.2
      vertex 30.0809 -18.7222 19.2
    endloop
  endfacet
  facet normal 0 0 1
    outer loop
      vertex 31.3963 -19.9666 19.2
      vertex 30.0049 -18.8247 19.2
      vertex 31.192 -20.192 19.2
    endloop
  endfacet
  facet normal -0 0 1
    outer loop
      vertex 29.9192 -18.9192 19.2
      vertex 31.192 -20.192 19.2
      vertex 30.0049 -18.8247 19.2
    endloop
  endfacet
  facet normal 0 0 1
    outer loop
      vertex 31.192 -20.192 19.2
      vertex 29.9192 -18.9192 19.2
      vertex 30.9666 -20.3963 19.2
    endloop
  endfacet
  facet normal -0 0 1
    outer loop
      vertex 29.8247 -19.0049 19.2
      vertex 30.9666 -20.3963 19.2
      vertex 29.9192 -18.9192 19.2
    endloop
  endfacet
  facet normal 0 0 1
    outer loop
      vertex 30.9666 -20.3963 19.2
      vertex 29.8247 -19.0049 19.2
      vertex 30.7223 -20.5776 19.2
    endloop
  endfacet
  facet normal -0 0 1
    outer loop
      vertex 29.7222 -19.0809 19.2
      vertex 30.7223 -20.5776 19.2
      vertex 29.8247 -19.0049 19.2
    endloop
  endfacet
  facet normal 0 0 1
    outer loop
      vertex 30.7223 -20.5776 19.2
      vertex 29.7222 -19.0809 19.2
      vertex 30.4613 -20.734 19.2
    endloop
  endfacet
  facet normal -0 0 1
    outer loop
      vertex 29.6128 -19.1465 19.2
      vertex 30.4613 -20.734 19.2
      vertex 29.7222 -19.0809 19.2
    endloop
  endfacet
  facet normal 0 0 1
    outer loop
      vertex 30.4613 -20.734 19.2
      vertex 29.6128 -19.1465 19.2
      vertex 30.1863 -20.864 19.2
    endloop
  endfacet
  facet normal -0 0 1
    outer loop
      vertex 29.4975 -19.201 19.2
      vertex 30.1863 -20.864 19.2
      vertex 29.6128 -19.1465 19.2
    endloop
  endfacet
  facet normal 0 0 1
    outer loop
      vertex 30.1863 -20.864 19.2
      vertex 29.4975 -19.201 19.2
      vertex 29.8999 -20.9665 19.2
    endloop
  endfacet
  facet normal -0 0 1
    outer loop
      vertex 29.3774 -19.244 19.2
      vertex 29.8999 -20.9665 19.2
      vertex 29.4975 -19.201 19.2
    endloop
  endfacet
  facet normal 0 0 1
    outer loop
      vertex 29.8999 -20.9665 19.2
      vertex 29.3774 -19.244 19.2
      vertex 29.6048 -21.0404 19.2
    endloop
  endfacet
  facet normal -0 0 1
    outer loop
      vertex 29.2536 -19.275 19.2
      vertex 29.6048 -21.0404 19.2
      vertex 29.3774 -19.244 19.2
    endloop
  endfacet
  facet normal 0 0 1
    outer loop
      vertex 29.6048 -21.0404 19.2
      vertex 29.2536 -19.275 19.2
      vertex 29.3039 -21.0851 19.2
    endloop
  endfacet
  facet normal -0 0 1
    outer loop
      vertex 29.1274 -19.2937 19.2
      vertex 29.3039 -21.0851 19.2
      vertex 29.2536 -19.275 19.2
    endloop
  endfacet
  facet normal -0 0 1
    outer loop
      vertex 29 -19.3 19.2
      vertex 29.3039 -21.0851 19.2
      vertex 29.1274 -19.2937 19.2
    endloop
  endfacet
  facet normal 0 0 1
    outer loop
      vertex 29 -19.3 19.2
      vertex 29 -21.1 19.2
      vertex 29.3039 -21.0851 19.2
    endloop
  endfacet
  facet normal 0 0 1
    outer loop
      vertex 28.8726 -19.2937 19.2
      vertex 29 -21.1 19.2
      vertex 29 -19.3 19.2
    endloop
  endfacet
  facet normal 0 0 1
    outer loop
      vertex 28.6961 -21.0851 19.2
      vertex 28.8726 -19.2937 19.2
      vertex 28.7464 -19.275 19.2
    endloop
  endfacet
  facet normal 0 0 1
    outer loop
      vertex 28.8726 -19.2937 19.2
      vertex 28.6961 -21.0851 19.2
      vertex 29 -21.1 19.2
    endloop
  endfacet
  facet normal 0 0 1
    outer loop
      vertex 28.3952 -21.0404 19.2
      vertex 28.7464 -19.275 19.2
      vertex 28.6226 -19.244 19.2
    endloop
  endfacet
  facet normal 0 0 1
    outer loop
      vertex 28.1001 -20.9665 19.2
      vertex 28.6226 -19.244 19.2
      vertex 28.5025 -19.201 19.2
    endloop
  endfacet
  facet normal 0 0 1
    outer loop
      vertex 28.7464 -19.275 19.2
      vertex 28.3952 -21.0404 19.2
      vertex 28.6961 -21.0851 19.2
    endloop
  endfacet
  facet normal 0 0 1
    outer loop
      vertex 27.8137 -20.864 19.2
      vertex 28.5025 -19.201 19.2
      vertex 28.3872 -19.1465 19.2
    endloop
  endfacet
  facet normal 0 0 1
    outer loop
      vertex 27.5387 -20.734 19.2
      vertex 28.3872 -19.1465 19.2
      vertex 28.2778 -19.0809 19.2
    endloop
  endfacet
  facet normal 0 0 1
    outer loop
      vertex 27.2777 -20.5776 19.2
      vertex 28.2778 -19.0809 19.2
      vertex 28.1753 -19.0049 19.2
    endloop
  endfacet
  facet normal 0 0 1
    outer loop
      vertex 28.6226 -19.244 19.2
      vertex 28.1001 -20.9665 19.2
      vertex 28.3952 -21.0404 19.2
    endloop
  endfacet
  facet normal 0 0 1
    outer loop
      vertex 27.0334 -20.3963 19.2
      vertex 28.1753 -19.0049 19.2
      vertex 28.0808 -18.9192 19.2
    endloop
  endfacet
  facet normal 0 0 1
    outer loop
      vertex 26.808 -20.192 19.2
      vertex 28.0808 -18.9192 19.2
      vertex 27.9951 -18.8247 19.2
    endloop
  endfacet
  facet normal 0 0 1
    outer loop
      vertex 26.6037 -19.9666 19.2
      vertex 27.9951 -18.8247 19.2
      vertex 27.9191 -18.7222 19.2
    endloop
  endfacet
  facet normal 0 0 1
    outer loop
      vertex 26.4224 -19.7223 19.2
      vertex 27.9191 -18.7222 19.2
      vertex 27.8535 -18.6128 19.2
    endloop
  endfacet
  facet normal 0 0 1
    outer loop
      vertex 28.5025 -19.201 19.2
      vertex 27.8137 -20.864 19.2
      vertex 28.1001 -20.9665 19.2
    endloop
  endfacet
  facet normal 0 0 1
    outer loop
      vertex 26.266 -19.4613 19.2
      vertex 27.8535 -18.6128 19.2
      vertex 27.799 -18.4975 19.2
    endloop
  endfacet
  facet normal 0 0 1
    outer loop
      vertex 26.136 -19.1863 19.2
      vertex 27.799 -18.4975 19.2
      vertex 27.756 -18.3774 19.2
    endloop
  endfacet
  facet normal 0 0 1
    outer loop
      vertex 26.0335 -18.8999 19.2
      vertex 27.756 -18.3774 19.2
      vertex 27.725 -18.2536 19.2
    endloop
  endfacet
  facet normal 0 0 1
    outer loop
      vertex 25.9596 -18.6048 19.2
      vertex 27.725 -18.2536 19.2
      vertex 27.7063 -18.1274 19.2
    endloop
  endfacet
  facet normal 0 0 1
    outer loop
      vertex 25.9149 -18.3039 19.2
      vertex 27.7063 -18.1274 19.2
      vertex 27.7 -18 19.2
    endloop
  endfacet
  facet normal -0 0 1
    outer loop
      vertex 26.266 -16.5387 19.2
      vertex 27.8535 -17.3872 19.2
      vertex 26.4224 -16.2777 19.2
    endloop
  endfacet
  facet normal 0 0 1
    outer loop
      vertex 28.3872 -19.1465 19.2
      vertex 27.5387 -20.734 19.2
      vertex 27.8137 -20.864 19.2
    endloop
  endfacet
  facet normal 0 0 1
    outer loop
      vertex 27.8535 -17.3872 19.2
      vertex 26.266 -16.5387 19.2
      vertex 27.799 -17.5025 19.2
    endloop
  endfacet
  facet normal 0 0 1
    outer loop
      vertex 28.2778 -19.0809 19.2
      vertex 27.2777 -20.5776 19.2
      vertex 27.5387 -20.734 19.2
    endloop
  endfacet
  facet normal -0 0 1
    outer loop
      vertex 26.136 -16.8137 19.2
      vertex 27.799 -17.5025 19.2
      vertex 26.266 -16.5387 19.2
    endloop
  endfacet
  facet normal 0 0 1
    outer loop
      vertex 28.1753 -19.0049 19.2
      vertex 27.0334 -20.3963 19.2
      vertex 27.2777 -20.5776 19.2
    endloop
  endfacet
  facet normal 0 0 1
    outer loop
      vertex 27.799 -17.5025 19.2
      vertex 26.136 -16.8137 19.2
      vertex 27.756 -17.6226 19.2
    endloop
  endfacet
  facet normal 0 0 1
    outer loop
      vertex 28.0808 -18.9192 19.2
      vertex 26.808 -20.192 19.2
      vertex 27.0334 -20.3963 19.2
    endloop
  endfacet
  facet normal -0 0 1
    outer loop
      vertex 26.0335 -17.1001 19.2
      vertex 27.756 -17.6226 19.2
      vertex 26.136 -16.8137 19.2
    endloop
  endfacet
  facet normal 0 0 1
    outer loop
      vertex 27.9951 -18.8247 19.2
      vertex 26.6037 -19.9666 19.2
      vertex 26.808 -20.192 19.2
    endloop
  endfacet
  facet normal 0 0 1
    outer loop
      vertex 27.756 -17.6226 19.2
      vertex 26.0335 -17.1001 19.2
      vertex 27.725 -17.7464 19.2
    endloop
  endfacet
  facet normal 0 0 1
    outer loop
      vertex 27.9191 -18.7222 19.2
      vertex 26.4224 -19.7223 19.2
      vertex 26.6037 -19.9666 19.2
    endloop
  endfacet
  facet normal -0 0 1
    outer loop
      vertex 25.9596 -17.3952 19.2
      vertex 27.725 -17.7464 19.2
      vertex 26.0335 -17.1001 19.2
    endloop
  endfacet
  facet normal 0 0 1
    outer loop
      vertex 27.8535 -18.6128 19.2
      vertex 26.266 -19.4613 19.2
      vertex 26.4224 -19.7223 19.2
    endloop
  endfacet
  facet normal 0 0 1
    outer loop
      vertex 27.725 -17.7464 19.2
      vertex 25.9596 -17.3952 19.2
      vertex 27.7063 -17.8726 19.2
    endloop
  endfacet
  facet normal 0 0 1
    outer loop
      vertex 27.799 -18.4975 19.2
      vertex 26.136 -19.1863 19.2
      vertex 26.266 -19.4613 19.2
    endloop
  endfacet
  facet normal -0 0 1
    outer loop
      vertex 25.9149 -17.6961 19.2
      vertex 27.7063 -17.8726 19.2
      vertex 25.9596 -17.3952 19.2
    endloop
  endfacet
  facet normal 0 0 1
    outer loop
      vertex 27.756 -18.3774 19.2
      vertex 26.0335 -18.8999 19.2
      vertex 26.136 -19.1863 19.2
    endloop
  endfacet
  facet normal 0 0 1
    outer loop
      vertex 27.7063 -17.8726 19.2
      vertex 25.9149 -17.6961 19.2
      vertex 27.7 -18 19.2
    endloop
  endfacet
  facet normal 0 0 1
    outer loop
      vertex 27.725 -18.2536 19.2
      vertex 25.9596 -18.6048 19.2
      vertex 26.0335 -18.8999 19.2
    endloop
  endfacet
  facet normal 0 0 1
    outer loop
      vertex 25.9 -18 19.2
      vertex 27.7 -18 19.2
      vertex 25.9149 -17.6961 19.2
    endloop
  endfacet
  facet normal 0 0 1
    outer loop
      vertex 27.7063 -18.1274 19.2
      vertex 25.9149 -18.3039 19.2
      vertex 25.9596 -18.6048 19.2
    endloop
  endfacet
  facet normal 0 0 1
    outer loop
      vertex 27.7 -18 19.2
      vertex 25.9 -18 19.2
      vertex 25.9149 -18.3039 19.2
    endloop
  endfacet
  facet normal 0.671576 0.740936 -0
    outer loop
      vertex 31.192 -15.808 2.2
      vertex 30.9666 -15.6037 19.2
      vertex 31.192 -15.808 19.2
    endloop
  endfacet
  facet normal 0.671576 0.740936 0
    outer loop
      vertex 30.9666 -15.6037 19.2
      vertex 31.192 -15.808 2.2
      vertex 30.9666 -15.6037 2.2
    endloop
  endfacet
  facet normal -0.336961 0.941519 0
    outer loop
      vertex 28.1001 -15.0335 2.2
      vertex 27.8137 -15.136 19.2
      vertex 28.1001 -15.0335 19.2
    endloop
  endfacet
  facet normal -0.336961 0.941519 0
    outer loop
      vertex 27.8137 -15.136 19.2
      vertex 28.1001 -15.0335 2.2
      vertex 27.8137 -15.136 2.2
    endloop
  endfacet
  facet normal 0.42738 0.904072 -0
    outer loop
      vertex 30.4613 -15.266 2.2
      vertex 30.1863 -15.136 19.2
      vertex 30.4613 -15.266 19.2
    endloop
  endfacet
  facet normal 0.42738 0.904072 0
    outer loop
      vertex 30.1863 -15.136 19.2
      vertex 30.4613 -15.266 2.2
      vertex 30.1863 -15.136 2.2
    endloop
  endfacet
  facet normal -0.9988 0.0489705 0
    outer loop
      vertex 25.9 -18 2.2
      vertex 25.9149 -17.6961 19.2
      vertex 25.9149 -17.6961 2.2
    endloop
  endfacet
  facet normal -0.9988 0.0489705 0
    outer loop
      vertex 25.9149 -17.6961 19.2
      vertex 25.9 -18 2.2
      vertex 25.9 -18 19.2
    endloop
  endfacet
  facet normal 0.803027 0.595943 0
    outer loop
      vertex 31.5776 -16.2777 19.2
      vertex 31.3963 -16.0334 2.2
      vertex 31.3963 -16.0334 19.2
    endloop
  endfacet
  facet normal 0.803027 0.595943 0
    outer loop
      vertex 31.3963 -16.0334 2.2
      vertex 31.5776 -16.2777 19.2
      vertex 31.5776 -16.2777 2.2
    endloop
  endfacet
  facet normal 0.0489705 0.9988 -0
    outer loop
      vertex 29.3039 -14.9149 2.2
      vertex 29 -14.9 19.2
      vertex 29.3039 -14.9149 19.2
    endloop
  endfacet
  facet normal 0.0489705 0.9988 0
    outer loop
      vertex 29 -14.9 19.2
      vertex 29.3039 -14.9149 2.2
      vertex 29 -14.9 2.2
    endloop
  endfacet
  facet normal -0.671576 0.740936 0
    outer loop
      vertex 27.0334 -15.6037 2.2
      vertex 26.808 -15.808 19.2
      vertex 27.0334 -15.6037 19.2
    endloop
  endfacet
  facet normal -0.671576 0.740936 0
    outer loop
      vertex 26.808 -15.808 19.2
      vertex 27.0334 -15.6037 2.2
      vertex 26.808 -15.808 2.2
    endloop
  endfacet
  facet normal 0.740936 0.671576 0
    outer loop
      vertex 31.3963 -16.0334 19.2
      vertex 31.192 -15.808 2.2
      vertex 31.192 -15.808 19.2
    endloop
  endfacet
  facet normal 0.740936 0.671576 0
    outer loop
      vertex 31.192 -15.808 2.2
      vertex 31.3963 -16.0334 19.2
      vertex 31.3963 -16.0334 2.2
    endloop
  endfacet
  facet normal -0.242922 -0.970046 0
    outer loop
      vertex 28.1001 -20.9665 2.2
      vertex 28.3952 -21.0404 19.2
      vertex 28.1001 -20.9665 19.2
    endloop
  endfacet
  facet normal -0.242922 -0.970046 -0
    outer loop
      vertex 28.3952 -21.0404 19.2
      vertex 28.1001 -20.9665 2.2
      vertex 28.3952 -21.0404 2.2
    endloop
  endfacet
  facet normal 0.904072 0.42738 0
    outer loop
      vertex 31.864 -16.8137 19.2
      vertex 31.734 -16.5387 2.2
      vertex 31.734 -16.5387 19.2
    endloop
  endfacet
  facet normal 0.904072 0.42738 0
    outer loop
      vertex 31.734 -16.5387 2.2
      vertex 31.864 -16.8137 19.2
      vertex 31.864 -16.8137 2.2
    endloop
  endfacet
  facet normal 0.857783 -0.514012 0
    outer loop
      vertex 31.5776 -19.7223 19.2
      vertex 31.734 -19.4613 2.2
      vertex 31.734 -19.4613 19.2
    endloop
  endfacet
  facet normal 0.857783 -0.514012 0
    outer loop
      vertex 31.734 -19.4613 2.2
      vertex 31.5776 -19.7223 19.2
      vertex 31.5776 -19.7223 2.2
    endloop
  endfacet
  facet normal 0.336961 0.941519 -0
    outer loop
      vertex 30.1863 -15.136 2.2
      vertex 29.8999 -15.0335 19.2
      vertex 30.1863 -15.136 19.2
    endloop
  endfacet
  facet normal 0.336961 0.941519 0
    outer loop
      vertex 29.8999 -15.0335 19.2
      vertex 30.1863 -15.136 2.2
      vertex 29.8999 -15.0335 2.2
    endloop
  endfacet
  facet normal -0.242922 0.970046 0
    outer loop
      vertex 28.3952 -14.9596 2.2
      vertex 28.1001 -15.0335 19.2
      vertex 28.3952 -14.9596 19.2
    endloop
  endfacet
  facet normal -0.242922 0.970046 0
    outer loop
      vertex 28.1001 -15.0335 19.2
      vertex 28.3952 -14.9596 2.2
      vertex 28.1001 -15.0335 2.2
    endloop
  endfacet
  facet normal 0.336961 -0.941519 0
    outer loop
      vertex 29.8999 -20.9665 2.2
      vertex 30.1863 -20.864 19.2
      vertex 29.8999 -20.9665 19.2
    endloop
  endfacet
  facet normal 0.336961 -0.941519 0
    outer loop
      vertex 30.1863 -20.864 19.2
      vertex 29.8999 -20.9665 2.2
      vertex 30.1863 -20.864 2.2
    endloop
  endfacet
  facet normal -0.514012 0.857783 0
    outer loop
      vertex 27.5387 -15.266 2.2
      vertex 27.2777 -15.4224 19.2
      vertex 27.5387 -15.266 19.2
    endloop
  endfacet
  facet normal -0.514012 0.857783 0
    outer loop
      vertex 27.2777 -15.4224 19.2
      vertex 27.5387 -15.266 2.2
      vertex 27.2777 -15.4224 2.2
    endloop
  endfacet
  facet normal -0.740936 0.671576 0
    outer loop
      vertex 26.6037 -16.0334 2.2
      vertex 26.808 -15.808 19.2
      vertex 26.808 -15.808 2.2
    endloop
  endfacet
  facet normal -0.740936 0.671576 0
    outer loop
      vertex 26.808 -15.808 19.2
      vertex 26.6037 -16.0334 2.2
      vertex 26.6037 -16.0334 19.2
    endloop
  endfacet
  facet normal 0.857783 0.514012 0
    outer loop
      vertex 31.734 -16.5387 19.2
      vertex 31.5776 -16.2777 2.2
      vertex 31.5776 -16.2777 19.2
    endloop
  endfacet
  facet normal 0.857783 0.514012 0
    outer loop
      vertex 31.5776 -16.2777 2.2
      vertex 31.734 -16.5387 19.2
      vertex 31.734 -16.5387 2.2
    endloop
  endfacet
  facet normal -0.970046 0.242922 0
    outer loop
      vertex 25.9596 -17.3952 2.2
      vertex 26.0335 -17.1001 19.2
      vertex 26.0335 -17.1001 2.2
    endloop
  endfacet
  facet normal -0.970046 0.242922 0
    outer loop
      vertex 26.0335 -17.1001 19.2
      vertex 25.9596 -17.3952 2.2
      vertex 25.9596 -17.3952 19.2
    endloop
  endfacet
  facet normal -0.146942 0.989145 0
    outer loop
      vertex 28.6961 -14.9149 2.2
      vertex 28.3952 -14.9596 19.2
      vertex 28.6961 -14.9149 19.2
    endloop
  endfacet
  facet normal -0.146942 0.989145 0
    outer loop
      vertex 28.3952 -14.9596 19.2
      vertex 28.6961 -14.9149 2.2
      vertex 28.3952 -14.9596 2.2
    endloop
  endfacet
  facet normal -0.904072 -0.42738 0
    outer loop
      vertex 26.266 -19.4613 2.2
      vertex 26.136 -19.1863 19.2
      vertex 26.136 -19.1863 2.2
    endloop
  endfacet
  facet normal -0.904072 -0.42738 0
    outer loop
      vertex 26.136 -19.1863 19.2
      vertex 26.266 -19.4613 2.2
      vertex 26.266 -19.4613 19.2
    endloop
  endfacet
  facet normal -0.146942 -0.989145 0
    outer loop
      vertex 28.3952 -21.0404 2.2
      vertex 28.6961 -21.0851 19.2
      vertex 28.3952 -21.0404 19.2
    endloop
  endfacet
  facet normal -0.146942 -0.989145 -0
    outer loop
      vertex 28.6961 -21.0851 19.2
      vertex 28.3952 -21.0404 2.2
      vertex 28.6961 -21.0851 2.2
    endloop
  endfacet
  facet normal 0.146942 -0.989145 0
    outer loop
      vertex 29.3039 -21.0851 2.2
      vertex 29.6048 -21.0404 19.2
      vertex 29.3039 -21.0851 19.2
    endloop
  endfacet
  facet normal 0.146942 -0.989145 0
    outer loop
      vertex 29.6048 -21.0404 19.2
      vertex 29.3039 -21.0851 2.2
      vertex 29.6048 -21.0404 2.2
    endloop
  endfacet
  facet normal -0.336961 -0.941519 0
    outer loop
      vertex 27.8137 -20.864 2.2
      vertex 28.1001 -20.9665 19.2
      vertex 27.8137 -20.864 19.2
    endloop
  endfacet
  facet normal -0.336961 -0.941519 -0
    outer loop
      vertex 28.1001 -20.9665 19.2
      vertex 27.8137 -20.864 2.2
      vertex 28.1001 -20.9665 2.2
    endloop
  endfacet
  facet normal -0.671576 -0.740936 0
    outer loop
      vertex 26.808 -20.192 2.2
      vertex 27.0334 -20.3963 19.2
      vertex 26.808 -20.192 19.2
    endloop
  endfacet
  facet normal -0.671576 -0.740936 -0
    outer loop
      vertex 27.0334 -20.3963 19.2
      vertex 26.808 -20.192 2.2
      vertex 27.0334 -20.3963 2.2
    endloop
  endfacet
  facet normal 0.671576 -0.740936 0
    outer loop
      vertex 30.9666 -20.3963 2.2
      vertex 31.192 -20.192 19.2
      vertex 30.9666 -20.3963 19.2
    endloop
  endfacet
  facet normal 0.671576 -0.740936 0
    outer loop
      vertex 31.192 -20.192 19.2
      vertex 30.9666 -20.3963 2.2
      vertex 31.192 -20.192 2.2
    endloop
  endfacet
  facet normal -0.970046 -0.242922 0
    outer loop
      vertex 26.0335 -18.8999 2.2
      vertex 25.9596 -18.6048 19.2
      vertex 25.9596 -18.6048 2.2
    endloop
  endfacet
  facet normal -0.970046 -0.242922 0
    outer loop
      vertex 25.9596 -18.6048 19.2
      vertex 26.0335 -18.8999 2.2
      vertex 26.0335 -18.8999 19.2
    endloop
  endfacet
  facet normal -0.740936 -0.671576 0
    outer loop
      vertex 26.808 -20.192 2.2
      vertex 26.6037 -19.9666 19.2
      vertex 26.6037 -19.9666 2.2
    endloop
  endfacet
  facet normal -0.740936 -0.671576 0
    outer loop
      vertex 26.6037 -19.9666 19.2
      vertex 26.808 -20.192 2.2
      vertex 26.808 -20.192 19.2
    endloop
  endfacet
  facet normal -0.989145 0.146942 0
    outer loop
      vertex 25.9149 -17.6961 2.2
      vertex 25.9596 -17.3952 19.2
      vertex 25.9596 -17.3952 2.2
    endloop
  endfacet
  facet normal -0.989145 0.146942 0
    outer loop
      vertex 25.9596 -17.3952 19.2
      vertex 25.9149 -17.6961 2.2
      vertex 25.9149 -17.6961 19.2
    endloop
  endfacet
  facet normal 0.242922 0.970046 -0
    outer loop
      vertex 29.8999 -15.0335 2.2
      vertex 29.6048 -14.9596 19.2
      vertex 29.8999 -15.0335 19.2
    endloop
  endfacet
  facet normal 0.242922 0.970046 0
    outer loop
      vertex 29.6048 -14.9596 19.2
      vertex 29.8999 -15.0335 2.2
      vertex 29.6048 -14.9596 2.2
    endloop
  endfacet
  facet normal -0.9988 -0.0489705 0
    outer loop
      vertex 25.9149 -18.3039 2.2
      vertex 25.9 -18 19.2
      vertex 25.9 -18 2.2
    endloop
  endfacet
  facet normal -0.9988 -0.0489705 0
    outer loop
      vertex 25.9 -18 19.2
      vertex 25.9149 -18.3039 2.2
      vertex 25.9149 -18.3039 19.2
    endloop
  endfacet
  facet normal -0.941519 0.336961 0
    outer loop
      vertex 26.0335 -17.1001 2.2
      vertex 26.136 -16.8137 19.2
      vertex 26.136 -16.8137 2.2
    endloop
  endfacet
  facet normal -0.941519 0.336961 0
    outer loop
      vertex 26.136 -16.8137 19.2
      vertex 26.0335 -17.1001 2.2
      vertex 26.0335 -17.1001 19.2
    endloop
  endfacet
  facet normal 0.595943 -0.803027 0
    outer loop
      vertex 30.7223 -20.5776 2.2
      vertex 30.9666 -20.3963 19.2
      vertex 30.7223 -20.5776 19.2
    endloop
  endfacet
  facet normal 0.595943 -0.803027 0
    outer loop
      vertex 30.9666 -20.3963 19.2
      vertex 30.7223 -20.5776 2.2
      vertex 30.9666 -20.3963 2.2
    endloop
  endfacet
  facet normal -0.803027 0.595943 0
    outer loop
      vertex 26.4224 -16.2777 2.2
      vertex 26.6037 -16.0334 19.2
      vertex 26.6037 -16.0334 2.2
    endloop
  endfacet
  facet normal -0.803027 0.595943 0
    outer loop
      vertex 26.6037 -16.0334 19.2
      vertex 26.4224 -16.2777 2.2
      vertex 26.4224 -16.2777 19.2
    endloop
  endfacet
  facet normal -0.514012 -0.857783 0
    outer loop
      vertex 27.2777 -20.5776 2.2
      vertex 27.5387 -20.734 19.2
      vertex 27.2777 -20.5776 19.2
    endloop
  endfacet
  facet normal -0.514012 -0.857783 -0
    outer loop
      vertex 27.5387 -20.734 19.2
      vertex 27.2777 -20.5776 2.2
      vertex 27.5387 -20.734 2.2
    endloop
  endfacet
  facet normal -0.904072 0.42738 0
    outer loop
      vertex 26.136 -16.8137 2.2
      vertex 26.266 -16.5387 19.2
      vertex 26.266 -16.5387 2.2
    endloop
  endfacet
  facet normal -0.904072 0.42738 0
    outer loop
      vertex 26.266 -16.5387 19.2
      vertex 26.136 -16.8137 2.2
      vertex 26.136 -16.8137 19.2
    endloop
  endfacet
  facet normal 0.904072 -0.42738 0
    outer loop
      vertex 31.734 -19.4613 19.2
      vertex 31.864 -19.1863 2.2
      vertex 31.864 -19.1863 19.2
    endloop
  endfacet
  facet normal 0.904072 -0.42738 0
    outer loop
      vertex 31.864 -19.1863 2.2
      vertex 31.734 -19.4613 19.2
      vertex 31.734 -19.4613 2.2
    endloop
  endfacet
  facet normal -0.0489705 -0.9988 0
    outer loop
      vertex 28.6961 -21.0851 2.2
      vertex 29 -21.1 19.2
      vertex 28.6961 -21.0851 19.2
    endloop
  endfacet
  facet normal -0.0489705 -0.9988 -0
    outer loop
      vertex 29 -21.1 19.2
      vertex 28.6961 -21.0851 2.2
      vertex 29 -21.1 2.2
    endloop
  endfacet
  facet normal 0.146942 0.989145 -0
    outer loop
      vertex 29.6048 -14.9596 2.2
      vertex 29.3039 -14.9149 19.2
      vertex 29.6048 -14.9596 19.2
    endloop
  endfacet
  facet normal 0.146942 0.989145 0
    outer loop
      vertex 29.3039 -14.9149 19.2
      vertex 29.6048 -14.9596 2.2
      vertex 29.3039 -14.9149 2.2
    endloop
  endfacet
  facet normal -0.42738 -0.904072 0
    outer loop
      vertex 27.5387 -20.734 2.2
      vertex 27.8137 -20.864 19.2
      vertex 27.5387 -20.734 19.2
    endloop
  endfacet
  facet normal -0.42738 -0.904072 -0
    outer loop
      vertex 27.8137 -20.864 19.2
      vertex 27.5387 -20.734 2.2
      vertex 27.8137 -20.864 2.2
    endloop
  endfacet
  facet normal 0 0 -1
    outer loop
      vertex 30.3 -18 2.2
      vertex 32.1 -18 2.2
      vertex 32.0851 -18.3039 2.2
    endloop
  endfacet
  facet normal 0 0 -1
    outer loop
      vertex 30.2937 -18.1274 2.2
      vertex 32.0851 -18.3039 2.2
      vertex 32.0404 -18.6048 2.2
    endloop
  endfacet
  facet normal 0 0 -1
    outer loop
      vertex 32.1 -18 2.2
      vertex 30.3 -18 2.2
      vertex 32.0851 -17.6961 2.2
    endloop
  endfacet
  facet normal 0 0 -1
    outer loop
      vertex 30.275 -18.2536 2.2
      vertex 32.0404 -18.6048 2.2
      vertex 31.9665 -18.8999 2.2
    endloop
  endfacet
  facet normal 0 0 -1
    outer loop
      vertex 30.2937 -17.8726 2.2
      vertex 32.0851 -17.6961 2.2
      vertex 30.3 -18 2.2
    endloop
  endfacet
  facet normal 0 0 -1
    outer loop
      vertex 30.244 -18.3774 2.2
      vertex 31.9665 -18.8999 2.2
      vertex 31.864 -19.1863 2.2
    endloop
  endfacet
  facet normal -0 0 -1
    outer loop
      vertex 32.0851 -17.6961 2.2
      vertex 30.2937 -17.8726 2.2
      vertex 32.0404 -17.3952 2.2
    endloop
  endfacet
  facet normal 0 0 -1
    outer loop
      vertex 30.201 -18.4975 2.2
      vertex 31.864 -19.1863 2.2
      vertex 31.734 -19.4613 2.2
    endloop
  endfacet
  facet normal 0 0 -1
    outer loop
      vertex 30.275 -17.7464 2.2
      vertex 32.0404 -17.3952 2.2
      vertex 30.2937 -17.8726 2.2
    endloop
  endfacet
  facet normal 0 0 -1
    outer loop
      vertex 30.1465 -18.6128 2.2
      vertex 31.734 -19.4613 2.2
      vertex 31.5776 -19.7223 2.2
    endloop
  endfacet
  facet normal -0 0 -1
    outer loop
      vertex 32.0404 -17.3952 2.2
      vertex 30.275 -17.7464 2.2
      vertex 31.9665 -17.1001 2.2
    endloop
  endfacet
  facet normal 0 0 -1
    outer loop
      vertex 30.0809 -18.7222 2.2
      vertex 31.5776 -19.7223 2.2
      vertex 31.3963 -19.9666 2.2
    endloop
  endfacet
  facet normal 0 0 -1
    outer loop
      vertex 30.244 -17.6226 2.2
      vertex 31.9665 -17.1001 2.2
      vertex 30.275 -17.7464 2.2
    endloop
  endfacet
  facet normal 0 0 -1
    outer loop
      vertex 30.0049 -18.8247 2.2
      vertex 31.3963 -19.9666 2.2
      vertex 31.192 -20.192 2.2
    endloop
  endfacet
  facet normal -0 0 -1
    outer loop
      vertex 31.9665 -17.1001 2.2
      vertex 30.244 -17.6226 2.2
      vertex 31.864 -16.8137 2.2
    endloop
  endfacet
  facet normal 0 0 -1
    outer loop
      vertex 29.9192 -18.9192 2.2
      vertex 31.192 -20.192 2.2
      vertex 30.9666 -20.3963 2.2
    endloop
  endfacet
  facet normal 0 0 -1
    outer loop
      vertex 30.201 -17.5025 2.2
      vertex 31.864 -16.8137 2.2
      vertex 30.244 -17.6226 2.2
    endloop
  endfacet
  facet normal 0 0 -1
    outer loop
      vertex 29.8247 -19.0049 2.2
      vertex 30.9666 -20.3963 2.2
      vertex 30.7223 -20.5776 2.2
    endloop
  endfacet
  facet normal -0 0 -1
    outer loop
      vertex 31.864 -16.8137 2.2
      vertex 30.201 -17.5025 2.2
      vertex 31.734 -16.5387 2.2
    endloop
  endfacet
  facet normal 0 0 -1
    outer loop
      vertex 29.7222 -19.0809 2.2
      vertex 30.7223 -20.5776 2.2
      vertex 30.4613 -20.734 2.2
    endloop
  endfacet
  facet normal 0 0 -1
    outer loop
      vertex 30.1465 -17.3872 2.2
      vertex 31.734 -16.5387 2.2
      vertex 30.201 -17.5025 2.2
    endloop
  endfacet
  facet normal -0 0 -1
    outer loop
      vertex 31.734 -16.5387 2.2
      vertex 30.1465 -17.3872 2.2
      vertex 31.5776 -16.2777 2.2
    endloop
  endfacet
  facet normal 0 0 -1
    outer loop
      vertex 32.0851 -18.3039 2.2
      vertex 30.2937 -18.1274 2.2
      vertex 30.3 -18 2.2
    endloop
  endfacet
  facet normal 0 0 -1
    outer loop
      vertex 32.0404 -18.6048 2.2
      vertex 30.275 -18.2536 2.2
      vertex 30.2937 -18.1274 2.2
    endloop
  endfacet
  facet normal 0 0 -1
    outer loop
      vertex 31.9665 -18.8999 2.2
      vertex 30.244 -18.3774 2.2
      vertex 30.275 -18.2536 2.2
    endloop
  endfacet
  facet normal 0 0 -1
    outer loop
      vertex 31.864 -19.1863 2.2
      vertex 30.201 -18.4975 2.2
      vertex 30.244 -18.3774 2.2
    endloop
  endfacet
  facet normal 0 0 -1
    outer loop
      vertex 29.6128 -19.1465 2.2
      vertex 30.4613 -20.734 2.2
      vertex 30.1863 -20.864 2.2
    endloop
  endfacet
  facet normal 0 0 -1
    outer loop
      vertex 31.734 -19.4613 2.2
      vertex 30.1465 -18.6128 2.2
      vertex 30.201 -18.4975 2.2
    endloop
  endfacet
  facet normal 0 0 -1
    outer loop
      vertex 31.5776 -19.7223 2.2
      vertex 30.0809 -18.7222 2.2
      vertex 30.1465 -18.6128 2.2
    endloop
  endfacet
  facet normal 0 0 -1
    outer loop
      vertex 31.3963 -19.9666 2.2
      vertex 30.0049 -18.8247 2.2
      vertex 30.0809 -18.7222 2.2
    endloop
  endfacet
  facet normal 0 0 -1
    outer loop
      vertex 31.192 -20.192 2.2
      vertex 29.9192 -18.9192 2.2
      vertex 30.0049 -18.8247 2.2
    endloop
  endfacet
  facet normal 0 0 -1
    outer loop
      vertex 29.4975 -19.201 2.2
      vertex 30.1863 -20.864 2.2
      vertex 29.8999 -20.9665 2.2
    endloop
  endfacet
  facet normal 0 0 -1
    outer loop
      vertex 30.9666 -20.3963 2.2
      vertex 29.8247 -19.0049 2.2
      vertex 29.9192 -18.9192 2.2
    endloop
  endfacet
  facet normal 0 0 -1
    outer loop
      vertex 30.7223 -20.5776 2.2
      vertex 29.7222 -19.0809 2.2
      vertex 29.8247 -19.0049 2.2
    endloop
  endfacet
  facet normal 0 0 -1
    outer loop
      vertex 30.4613 -20.734 2.2
      vertex 29.6128 -19.1465 2.2
      vertex 29.7222 -19.0809 2.2
    endloop
  endfacet
  facet normal 0 0 -1
    outer loop
      vertex 29.3774 -19.244 2.2
      vertex 29.8999 -20.9665 2.2
      vertex 29.6048 -21.0404 2.2
    endloop
  endfacet
  facet normal 0 0 -1
    outer loop
      vertex 30.1863 -20.864 2.2
      vertex 29.4975 -19.201 2.2
      vertex 29.6128 -19.1465 2.2
    endloop
  endfacet
  facet normal 0 0 -1
    outer loop
      vertex 29.8999 -20.9665 2.2
      vertex 29.3774 -19.244 2.2
      vertex 29.4975 -19.201 2.2
    endloop
  endfacet
  facet normal 0 0 -1
    outer loop
      vertex 29.2536 -19.275 2.2
      vertex 29.6048 -21.0404 2.2
      vertex 29.3039 -21.0851 2.2
    endloop
  endfacet
  facet normal 0 0 -1
    outer loop
      vertex 29.6048 -21.0404 2.2
      vertex 29.2536 -19.275 2.2
      vertex 29.3774 -19.244 2.2
    endloop
  endfacet
  facet normal 0 0 -1
    outer loop
      vertex 29.3039 -21.0851 2.2
      vertex 29.1274 -19.2937 2.2
      vertex 29.2536 -19.275 2.2
    endloop
  endfacet
  facet normal 0 0 -1
    outer loop
      vertex 29 -21.1 2.2
      vertex 29.1274 -19.2937 2.2
      vertex 29.3039 -21.0851 2.2
    endloop
  endfacet
  facet normal 0 0 -1
    outer loop
      vertex 29 -21.1 2.2
      vertex 29 -19.3 2.2
      vertex 29.1274 -19.2937 2.2
    endloop
  endfacet
  facet normal 0 0 -1
    outer loop
      vertex 29 -21.1 2.2
      vertex 28.8726 -19.2937 2.2
      vertex 29 -19.3 2.2
    endloop
  endfacet
  facet normal 0 0 -1
    outer loop
      vertex 28.6961 -21.0851 2.2
      vertex 28.8726 -19.2937 2.2
      vertex 29 -21.1 2.2
    endloop
  endfacet
  facet normal -0 0 -1
    outer loop
      vertex 28.8726 -19.2937 2.2
      vertex 28.6961 -21.0851 2.2
      vertex 28.7464 -19.275 2.2
    endloop
  endfacet
  facet normal 0 0 -1
    outer loop
      vertex 28.3952 -21.0404 2.2
      vertex 28.7464 -19.275 2.2
      vertex 28.6961 -21.0851 2.2
    endloop
  endfacet
  facet normal -0 0 -1
    outer loop
      vertex 28.7464 -19.275 2.2
      vertex 28.3952 -21.0404 2.2
      vertex 28.6226 -19.244 2.2
    endloop
  endfacet
  facet normal 0 0 -1
    outer loop
      vertex 28.1001 -20.9665 2.2
      vertex 28.6226 -19.244 2.2
      vertex 28.3952 -21.0404 2.2
    endloop
  endfacet
  facet normal -0 0 -1
    outer loop
      vertex 28.6226 -19.244 2.2
      vertex 28.1001 -20.9665 2.2
      vertex 28.5025 -19.201 2.2
    endloop
  endfacet
  facet normal 0 0 -1
    outer loop
      vertex 27.8137 -20.864 2.2
      vertex 28.5025 -19.201 2.2
      vertex 28.1001 -20.9665 2.2
    endloop
  endfacet
  facet normal -0 0 -1
    outer loop
      vertex 28.5025 -19.201 2.2
      vertex 27.8137 -20.864 2.2
      vertex 28.3872 -19.1465 2.2
    endloop
  endfacet
  facet normal 0 0 -1
    outer loop
      vertex 27.5387 -20.734 2.2
      vertex 28.3872 -19.1465 2.2
      vertex 27.8137 -20.864 2.2
    endloop
  endfacet
  facet normal -0 0 -1
    outer loop
      vertex 28.3872 -19.1465 2.2
      vertex 27.5387 -20.734 2.2
      vertex 28.2778 -19.0809 2.2
    endloop
  endfacet
  facet normal 0 0 -1
    outer loop
      vertex 27.2777 -20.5776 2.2
      vertex 28.2778 -19.0809 2.2
      vertex 27.5387 -20.734 2.2
    endloop
  endfacet
  facet normal -0 0 -1
    outer loop
      vertex 28.2778 -19.0809 2.2
      vertex 27.2777 -20.5776 2.2
      vertex 28.1753 -19.0049 2.2
    endloop
  endfacet
  facet normal 0 0 -1
    outer loop
      vertex 27.0334 -20.3963 2.2
      vertex 28.1753 -19.0049 2.2
      vertex 27.2777 -20.5776 2.2
    endloop
  endfacet
  facet normal -0 0 -1
    outer loop
      vertex 28.1753 -19.0049 2.2
      vertex 27.0334 -20.3963 2.2
      vertex 28.0808 -18.9192 2.2
    endloop
  endfacet
  facet normal 0 0 -1
    outer loop
      vertex 26.808 -20.192 2.2
      vertex 28.0808 -18.9192 2.2
      vertex 27.0334 -20.3963 2.2
    endloop
  endfacet
  facet normal -0 0 -1
    outer loop
      vertex 28.0808 -18.9192 2.2
      vertex 26.808 -20.192 2.2
      vertex 27.9951 -18.8247 2.2
    endloop
  endfacet
  facet normal 0 0 -1
    outer loop
      vertex 26.6037 -19.9666 2.2
      vertex 27.9951 -18.8247 2.2
      vertex 26.808 -20.192 2.2
    endloop
  endfacet
  facet normal -0 0 -1
    outer loop
      vertex 27.9951 -18.8247 2.2
      vertex 26.6037 -19.9666 2.2
      vertex 27.9191 -18.7222 2.2
    endloop
  endfacet
  facet normal 0 0 -1
    outer loop
      vertex 26.4224 -19.7223 2.2
      vertex 27.9191 -18.7222 2.2
      vertex 26.6037 -19.9666 2.2
    endloop
  endfacet
  facet normal -0 0 -1
    outer loop
      vertex 27.9191 -18.7222 2.2
      vertex 26.4224 -19.7223 2.2
      vertex 27.8535 -18.6128 2.2
    endloop
  endfacet
  facet normal 0 0 -1
    outer loop
      vertex 30.0809 -17.2778 2.2
      vertex 31.5776 -16.2777 2.2
      vertex 30.1465 -17.3872 2.2
    endloop
  endfacet
  facet normal -0 0 -1
    outer loop
      vertex 31.5776 -16.2777 2.2
      vertex 30.0809 -17.2778 2.2
      vertex 31.3963 -16.0334 2.2
    endloop
  endfacet
  facet normal 0 0 -1
    outer loop
      vertex 30.0049 -17.1753 2.2
      vertex 31.3963 -16.0334 2.2
      vertex 30.0809 -17.2778 2.2
    endloop
  endfacet
  facet normal -0 0 -1
    outer loop
      vertex 31.3963 -16.0334 2.2
      vertex 30.0049 -17.1753 2.2
      vertex 31.192 -15.808 2.2
    endloop
  endfacet
  facet normal 0 0 -1
    outer loop
      vertex 29.9192 -17.0808 2.2
      vertex 31.192 -15.808 2.2
      vertex 30.0049 -17.1753 2.2
    endloop
  endfacet
  facet normal -0 0 -1
    outer loop
      vertex 31.192 -15.808 2.2
      vertex 29.9192 -17.0808 2.2
      vertex 30.9666 -15.6037 2.2
    endloop
  endfacet
  facet normal 0 0 -1
    outer loop
      vertex 29.8247 -16.9951 2.2
      vertex 30.9666 -15.6037 2.2
      vertex 29.9192 -17.0808 2.2
    endloop
  endfacet
  facet normal -0 0 -1
    outer loop
      vertex 30.9666 -15.6037 2.2
      vertex 29.8247 -16.9951 2.2
      vertex 30.7223 -15.4224 2.2
    endloop
  endfacet
  facet normal 0 0 -1
    outer loop
      vertex 29.7222 -16.9191 2.2
      vertex 30.7223 -15.4224 2.2
      vertex 29.8247 -16.9951 2.2
    endloop
  endfacet
  facet normal -0 0 -1
    outer loop
      vertex 30.7223 -15.4224 2.2
      vertex 29.7222 -16.9191 2.2
      vertex 30.4613 -15.266 2.2
    endloop
  endfacet
  facet normal 0 0 -1
    outer loop
      vertex 29.6128 -16.8535 2.2
      vertex 30.4613 -15.266 2.2
      vertex 29.7222 -16.9191 2.2
    endloop
  endfacet
  facet normal -0 0 -1
    outer loop
      vertex 30.4613 -15.266 2.2
      vertex 29.6128 -16.8535 2.2
      vertex 30.1863 -15.136 2.2
    endloop
  endfacet
  facet normal 0 0 -1
    outer loop
      vertex 29.4975 -16.799 2.2
      vertex 30.1863 -15.136 2.2
      vertex 29.6128 -16.8535 2.2
    endloop
  endfacet
  facet normal -0 0 -1
    outer loop
      vertex 30.1863 -15.136 2.2
      vertex 29.4975 -16.799 2.2
      vertex 29.8999 -15.0335 2.2
    endloop
  endfacet
  facet normal 0 0 -1
    outer loop
      vertex 29.3774 -16.756 2.2
      vertex 29.8999 -15.0335 2.2
      vertex 29.4975 -16.799 2.2
    endloop
  endfacet
  facet normal -0 0 -1
    outer loop
      vertex 29.8999 -15.0335 2.2
      vertex 29.3774 -16.756 2.2
      vertex 29.6048 -14.9596 2.2
    endloop
  endfacet
  facet normal 0 0 -1
    outer loop
      vertex 29.2536 -16.725 2.2
      vertex 29.6048 -14.9596 2.2
      vertex 29.3774 -16.756 2.2
    endloop
  endfacet
  facet normal -0 0 -1
    outer loop
      vertex 29.6048 -14.9596 2.2
      vertex 29.2536 -16.725 2.2
      vertex 29.3039 -14.9149 2.2
    endloop
  endfacet
  facet normal 0 0 -1
    outer loop
      vertex 29.1274 -16.7063 2.2
      vertex 29.3039 -14.9149 2.2
      vertex 29.2536 -16.725 2.2
    endloop
  endfacet
  facet normal 0 0 -1
    outer loop
      vertex 29 -16.7 2.2
      vertex 29.3039 -14.9149 2.2
      vertex 29.1274 -16.7063 2.2
    endloop
  endfacet
  facet normal 0 0 -1
    outer loop
      vertex 29 -16.7 2.2
      vertex 29 -14.9 2.2
      vertex 29.3039 -14.9149 2.2
    endloop
  endfacet
  facet normal 0 0 -1
    outer loop
      vertex 28.8726 -16.7063 2.2
      vertex 29 -14.9 2.2
      vertex 29 -16.7 2.2
    endloop
  endfacet
  facet normal 0 0 -1
    outer loop
      vertex 28.6961 -14.9149 2.2
      vertex 28.8726 -16.7063 2.2
      vertex 28.7464 -16.725 2.2
    endloop
  endfacet
  facet normal 0 0 -1
    outer loop
      vertex 28.8726 -16.7063 2.2
      vertex 28.6961 -14.9149 2.2
      vertex 29 -14.9 2.2
    endloop
  endfacet
  facet normal 0 0 -1
    outer loop
      vertex 28.3952 -14.9596 2.2
      vertex 28.7464 -16.725 2.2
      vertex 28.6226 -16.756 2.2
    endloop
  endfacet
  facet normal 0 0 -1
    outer loop
      vertex 28.1001 -15.0335 2.2
      vertex 28.6226 -16.756 2.2
      vertex 28.5025 -16.799 2.2
    endloop
  endfacet
  facet normal 0 0 -1
    outer loop
      vertex 28.7464 -16.725 2.2
      vertex 28.3952 -14.9596 2.2
      vertex 28.6961 -14.9149 2.2
    endloop
  endfacet
  facet normal 0 0 -1
    outer loop
      vertex 27.8137 -15.136 2.2
      vertex 28.5025 -16.799 2.2
      vertex 28.3872 -16.8535 2.2
    endloop
  endfacet
  facet normal 0 0 -1
    outer loop
      vertex 27.5387 -15.266 2.2
      vertex 28.3872 -16.8535 2.2
      vertex 28.2778 -16.9191 2.2
    endloop
  endfacet
  facet normal 0 0 -1
    outer loop
      vertex 27.2777 -15.4224 2.2
      vertex 28.2778 -16.9191 2.2
      vertex 28.1753 -16.9951 2.2
    endloop
  endfacet
  facet normal 0 0 -1
    outer loop
      vertex 28.6226 -16.756 2.2
      vertex 28.1001 -15.0335 2.2
      vertex 28.3952 -14.9596 2.2
    endloop
  endfacet
  facet normal 0 0 -1
    outer loop
      vertex 27.0334 -15.6037 2.2
      vertex 28.1753 -16.9951 2.2
      vertex 28.0808 -17.0808 2.2
    endloop
  endfacet
  facet normal 0 0 -1
    outer loop
      vertex 26.808 -15.808 2.2
      vertex 28.0808 -17.0808 2.2
      vertex 27.9951 -17.1753 2.2
    endloop
  endfacet
  facet normal 0 0 -1
    outer loop
      vertex 26.6037 -16.0334 2.2
      vertex 27.9951 -17.1753 2.2
      vertex 27.9191 -17.2778 2.2
    endloop
  endfacet
  facet normal 0 0 -1
    outer loop
      vertex 26.4224 -16.2777 2.2
      vertex 27.9191 -17.2778 2.2
      vertex 27.8535 -17.3872 2.2
    endloop
  endfacet
  facet normal 0 0 -1
    outer loop
      vertex 28.5025 -16.799 2.2
      vertex 27.8137 -15.136 2.2
      vertex 28.1001 -15.0335 2.2
    endloop
  endfacet
  facet normal 0 0 -1
    outer loop
      vertex 26.266 -16.5387 2.2
      vertex 27.8535 -17.3872 2.2
      vertex 27.799 -17.5025 2.2
    endloop
  endfacet
  facet normal 0 0 -1
    outer loop
      vertex 26.136 -16.8137 2.2
      vertex 27.799 -17.5025 2.2
      vertex 27.756 -17.6226 2.2
    endloop
  endfacet
  facet normal 0 0 -1
    outer loop
      vertex 26.0335 -17.1001 2.2
      vertex 27.756 -17.6226 2.2
      vertex 27.725 -17.7464 2.2
    endloop
  endfacet
  facet normal 0 0 -1
    outer loop
      vertex 25.9596 -17.3952 2.2
      vertex 27.725 -17.7464 2.2
      vertex 27.7063 -17.8726 2.2
    endloop
  endfacet
  facet normal 0 0 -1
    outer loop
      vertex 25.9149 -17.6961 2.2
      vertex 27.7063 -17.8726 2.2
      vertex 27.7 -18 2.2
    endloop
  endfacet
  facet normal 0 0 -1
    outer loop
      vertex 26.266 -19.4613 2.2
      vertex 27.8535 -18.6128 2.2
      vertex 26.4224 -19.7223 2.2
    endloop
  endfacet
  facet normal 0 0 -1
    outer loop
      vertex 28.3872 -16.8535 2.2
      vertex 27.5387 -15.266 2.2
      vertex 27.8137 -15.136 2.2
    endloop
  endfacet
  facet normal -0 0 -1
    outer loop
      vertex 27.8535 -18.6128 2.2
      vertex 26.266 -19.4613 2.2
      vertex 27.799 -18.4975 2.2
    endloop
  endfacet
  facet normal 0 0 -1
    outer loop
      vertex 28.2778 -16.9191 2.2
      vertex 27.2777 -15.4224 2.2
      vertex 27.5387 -15.266 2.2
    endloop
  endfacet
  facet normal 0 0 -1
    outer loop
      vertex 26.136 -19.1863 2.2
      vertex 27.799 -18.4975 2.2
      vertex 26.266 -19.4613 2.2
    endloop
  endfacet
  facet normal 0 0 -1
    outer loop
      vertex 28.1753 -16.9951 2.2
      vertex 27.0334 -15.6037 2.2
      vertex 27.2777 -15.4224 2.2
    endloop
  endfacet
  facet normal -0 0 -1
    outer loop
      vertex 27.799 -18.4975 2.2
      vertex 26.136 -19.1863 2.2
      vertex 27.756 -18.3774 2.2
    endloop
  endfacet
  facet normal 0 0 -1
    outer loop
      vertex 28.0808 -17.0808 2.2
      vertex 26.808 -15.808 2.2
      vertex 27.0334 -15.6037 2.2
    endloop
  endfacet
  facet normal 0 0 -1
    outer loop
      vertex 26.0335 -18.8999 2.2
      vertex 27.756 -18.3774 2.2
      vertex 26.136 -19.1863 2.2
    endloop
  endfacet
  facet normal 0 0 -1
    outer loop
      vertex 27.9951 -17.1753 2.2
      vertex 26.6037 -16.0334 2.2
      vertex 26.808 -15.808 2.2
    endloop
  endfacet
  facet normal -0 0 -1
    outer loop
      vertex 27.756 -18.3774 2.2
      vertex 26.0335 -18.8999 2.2
      vertex 27.725 -18.2536 2.2
    endloop
  endfacet
  facet normal 0 0 -1
    outer loop
      vertex 27.9191 -17.2778 2.2
      vertex 26.4224 -16.2777 2.2
      vertex 26.6037 -16.0334 2.2
    endloop
  endfacet
  facet normal 0 0 -1
    outer loop
      vertex 25.9596 -18.6048 2.2
      vertex 27.725 -18.2536 2.2
      vertex 26.0335 -18.8999 2.2
    endloop
  endfacet
  facet normal 0 0 -1
    outer loop
      vertex 27.8535 -17.3872 2.2
      vertex 26.266 -16.5387 2.2
      vertex 26.4224 -16.2777 2.2
    endloop
  endfacet
  facet normal -0 0 -1
    outer loop
      vertex 27.725 -18.2536 2.2
      vertex 25.9596 -18.6048 2.2
      vertex 27.7063 -18.1274 2.2
    endloop
  endfacet
  facet normal 0 0 -1
    outer loop
      vertex 27.799 -17.5025 2.2
      vertex 26.136 -16.8137 2.2
      vertex 26.266 -16.5387 2.2
    endloop
  endfacet
  facet normal 0 0 -1
    outer loop
      vertex 25.9149 -18.3039 2.2
      vertex 27.7063 -18.1274 2.2
      vertex 25.9596 -18.6048 2.2
    endloop
  endfacet
  facet normal 0 0 -1
    outer loop
      vertex 27.756 -17.6226 2.2
      vertex 26.0335 -17.1001 2.2
      vertex 26.136 -16.8137 2.2
    endloop
  endfacet
  facet normal -0 0 -1
    outer loop
      vertex 27.7063 -18.1274 2.2
      vertex 25.9149 -18.3039 2.2
      vertex 27.7 -18 2.2
    endloop
  endfacet
  facet normal 0 0 -1
    outer loop
      vertex 27.725 -17.7464 2.2
      vertex 25.9596 -17.3952 2.2
      vertex 26.0335 -17.1001 2.2
    endloop
  endfacet
  facet normal 0 0 -1
    outer loop
      vertex 25.9 -18 2.2
      vertex 27.7 -18 2.2
      vertex 25.9149 -18.3039 2.2
    endloop
  endfacet
  facet normal 0 0 -1
    outer loop
      vertex 27.7063 -17.8726 2.2
      vertex 25.9149 -17.6961 2.2
      vertex 25.9596 -17.3952 2.2
    endloop
  endfacet
  facet normal 0 0 -1
    outer loop
      vertex 27.7 -18 2.2
      vertex 25.9 -18 2.2
      vertex 25.9149 -17.6961 2.2
    endloop
  endfacet
  facet normal 0.427345 0.904089 -0
    outer loop
      vertex 28.5025 -19.201 2.2
      vertex 28.3872 -19.1465 19.2
      vertex 28.5025 -19.201 19.2
    endloop
  endfacet
  facet normal 0.427345 0.904089 0
    outer loop
      vertex 28.3872 -19.1465 19.2
      vertex 28.5025 -19.201 2.2
      vertex 28.3872 -19.1465 2.2
    endloop
  endfacet
  facet normal -0.989199 -0.146577 0
    outer loop
      vertex 30.2937 -17.8726 2.2
      vertex 30.275 -17.7464 19.2
      vertex 30.275 -17.7464 2.2
    endloop
  endfacet
  facet normal -0.989199 -0.146577 0
    outer loop
      vertex 30.275 -17.7464 19.2
      vertex 30.2937 -17.8726 2.2
      vertex 30.2937 -17.8726 19.2
    endloop
  endfacet
  facet normal -0.99878 -0.0493902 0
    outer loop
      vertex 30.3 -18 2.2
      vertex 30.2937 -17.8726 19.2
      vertex 30.2937 -17.8726 2.2
    endloop
  endfacet
  facet normal -0.99878 -0.0493902 0
    outer loop
      vertex 30.2937 -17.8726 19.2
      vertex 30.3 -18 2.2
      vertex 30.3 -18 19.2
    endloop
  endfacet
  facet normal -0.97005 -0.242904 0
    outer loop
      vertex 30.275 -17.7464 2.2
      vertex 30.244 -17.6226 19.2
      vertex 30.244 -17.6226 2.2
    endloop
  endfacet
  facet normal -0.97005 -0.242904 0
    outer loop
      vertex 30.244 -17.6226 19.2
      vertex 30.275 -17.7464 2.2
      vertex 30.275 -17.7464 19.2
    endloop
  endfacet
  facet normal -0.427345 0.904089 0
    outer loop
      vertex 29.6128 -19.1465 2.2
      vertex 29.4975 -19.201 19.2
      vertex 29.6128 -19.1465 19.2
    endloop
  endfacet
  facet normal -0.427345 0.904089 0
    outer loop
      vertex 29.4975 -19.201 19.2
      vertex 29.6128 -19.1465 2.2
      vertex 29.4975 -19.201 2.2
    endloop
  endfacet
  facet normal 0.146577 -0.989199 0
    outer loop
      vertex 28.7464 -16.725 2.2
      vertex 28.8726 -16.7063 19.2
      vertex 28.7464 -16.725 19.2
    endloop
  endfacet
  facet normal 0.146577 -0.989199 0
    outer loop
      vertex 28.8726 -16.7063 19.2
      vertex 28.7464 -16.725 2.2
      vertex 28.8726 -16.7063 2.2
    endloop
  endfacet
  facet normal 0.941476 0.337081 0
    outer loop
      vertex 27.799 -18.4975 19.2
      vertex 27.756 -18.3774 2.2
      vertex 27.756 -18.3774 19.2
    endloop
  endfacet
  facet normal 0.941476 0.337081 0
    outer loop
      vertex 27.756 -18.3774 2.2
      vertex 27.799 -18.4975 19.2
      vertex 27.799 -18.4975 2.2
    endloop
  endfacet
  facet normal -0.514265 -0.857631 0
    outer loop
      vertex 29.6128 -16.8535 2.2
      vertex 29.7222 -16.9191 19.2
      vertex 29.6128 -16.8535 19.2
    endloop
  endfacet
  facet normal -0.514265 -0.857631 -0
    outer loop
      vertex 29.7222 -16.9191 19.2
      vertex 29.6128 -16.8535 2.2
      vertex 29.7222 -16.9191 2.2
    endloop
  endfacet
  facet normal 0.242904 0.97005 -0
    outer loop
      vertex 28.7464 -19.275 2.2
      vertex 28.6226 -19.244 19.2
      vertex 28.7464 -19.275 19.2
    endloop
  endfacet
  facet normal 0.242904 0.97005 0
    outer loop
      vertex 28.6226 -19.244 19.2
      vertex 28.7464 -19.275 2.2
      vertex 28.6226 -19.244 2.2
    endloop
  endfacet
  facet normal -0.242904 0.97005 0
    outer loop
      vertex 29.3774 -19.244 2.2
      vertex 29.2536 -19.275 19.2
      vertex 29.3774 -19.244 19.2
    endloop
  endfacet
  facet normal -0.242904 0.97005 0
    outer loop
      vertex 29.2536 -19.275 19.2
      vertex 29.3774 -19.244 2.2
      vertex 29.2536 -19.275 2.2
    endloop
  endfacet
  facet normal 0.514265 -0.857631 0
    outer loop
      vertex 28.2778 -16.9191 2.2
      vertex 28.3872 -16.8535 19.2
      vertex 28.2778 -16.9191 19.2
    endloop
  endfacet
  facet normal 0.514265 -0.857631 0
    outer loop
      vertex 28.3872 -16.8535 19.2
      vertex 28.2778 -16.9191 2.2
      vertex 28.3872 -16.8535 2.2
    endloop
  endfacet
  facet normal 0.595602 -0.803279 0
    outer loop
      vertex 28.1753 -16.9951 2.2
      vertex 28.2778 -16.9191 19.2
      vertex 28.1753 -16.9951 19.2
    endloop
  endfacet
  facet normal 0.595602 -0.803279 0
    outer loop
      vertex 28.2778 -16.9191 19.2
      vertex 28.1753 -16.9951 2.2
      vertex 28.2778 -16.9191 2.2
    endloop
  endfacet
  facet normal -0.146577 -0.989199 0
    outer loop
      vertex 29.1274 -16.7063 2.2
      vertex 29.2536 -16.725 19.2
      vertex 29.1274 -16.7063 19.2
    endloop
  endfacet
  facet normal -0.146577 -0.989199 -0
    outer loop
      vertex 29.2536 -16.725 19.2
      vertex 29.1274 -16.7063 2.2
      vertex 29.2536 -16.725 2.2
    endloop
  endfacet
  facet normal -0.0493902 0.99878 0
    outer loop
      vertex 29.1274 -19.2937 2.2
      vertex 29 -19.3 19.2
      vertex 29.1274 -19.2937 19.2
    endloop
  endfacet
  facet normal -0.0493902 0.99878 0
    outer loop
      vertex 29 -19.3 19.2
      vertex 29.1274 -19.2937 2.2
      vertex 29 -19.3 2.2
    endloop
  endfacet
  facet normal 0.514265 0.857631 -0
    outer loop
      vertex 28.3872 -19.1465 2.2
      vertex 28.2778 -19.0809 19.2
      vertex 28.3872 -19.1465 19.2
    endloop
  endfacet
  facet normal 0.514265 0.857631 0
    outer loop
      vertex 28.2778 -19.0809 19.2
      vertex 28.3872 -19.1465 2.2
      vertex 28.2778 -19.0809 2.2
    endloop
  endfacet
  facet normal 0.989199 -0.146577 0
    outer loop
      vertex 27.7063 -17.8726 19.2
      vertex 27.725 -17.7464 2.2
      vertex 27.725 -17.7464 19.2
    endloop
  endfacet
  facet normal 0.989199 -0.146577 0
    outer loop
      vertex 27.725 -17.7464 2.2
      vertex 27.7063 -17.8726 19.2
      vertex 27.7063 -17.8726 2.2
    endloop
  endfacet
  facet normal -0.904089 -0.427345 0
    outer loop
      vertex 30.201 -17.5025 2.2
      vertex 30.1465 -17.3872 19.2
      vertex 30.1465 -17.3872 2.2
    endloop
  endfacet
  facet normal -0.904089 -0.427345 0
    outer loop
      vertex 30.1465 -17.3872 19.2
      vertex 30.201 -17.5025 2.2
      vertex 30.201 -17.5025 19.2
    endloop
  endfacet
  facet normal 0.146577 0.989199 -0
    outer loop
      vertex 28.8726 -19.2937 2.2
      vertex 28.7464 -19.275 19.2
      vertex 28.8726 -19.2937 19.2
    endloop
  endfacet
  facet normal 0.146577 0.989199 0
    outer loop
      vertex 28.7464 -19.275 19.2
      vertex 28.8726 -19.2937 2.2
      vertex 28.7464 -19.275 2.2
    endloop
  endfacet
  facet normal -0.514265 0.857631 0
    outer loop
      vertex 29.7222 -19.0809 2.2
      vertex 29.6128 -19.1465 19.2
      vertex 29.7222 -19.0809 19.2
    endloop
  endfacet
  facet normal -0.514265 0.857631 0
    outer loop
      vertex 29.6128 -19.1465 19.2
      vertex 29.7222 -19.0809 2.2
      vertex 29.6128 -19.1465 2.2
    endloop
  endfacet
  facet normal 0.904089 0.427345 0
    outer loop
      vertex 27.8535 -18.6128 19.2
      vertex 27.799 -18.4975 2.2
      vertex 27.799 -18.4975 19.2
    endloop
  endfacet
  facet normal 0.904089 0.427345 0
    outer loop
      vertex 27.799 -18.4975 2.2
      vertex 27.8535 -18.6128 19.2
      vertex 27.8535 -18.6128 2.2
    endloop
  endfacet
  facet normal -0.989199 0.146577 0
    outer loop
      vertex 30.275 -18.2536 2.2
      vertex 30.2937 -18.1274 19.2
      vertex 30.2937 -18.1274 2.2
    endloop
  endfacet
  facet normal -0.989199 0.146577 0
    outer loop
      vertex 30.2937 -18.1274 19.2
      vertex 30.275 -18.2536 2.2
      vertex 30.275 -18.2536 19.2
    endloop
  endfacet
  facet normal -0.595602 -0.803279 0
    outer loop
      vertex 29.7222 -16.9191 2.2
      vertex 29.8247 -16.9951 19.2
      vertex 29.7222 -16.9191 19.2
    endloop
  endfacet
  facet normal -0.595602 -0.803279 -0
    outer loop
      vertex 29.8247 -16.9951 19.2
      vertex 29.7222 -16.9191 2.2
      vertex 29.8247 -16.9951 2.2
    endloop
  endfacet
  facet normal -0.803279 0.595602 0
    outer loop
      vertex 30.0049 -18.8247 2.2
      vertex 30.0809 -18.7222 19.2
      vertex 30.0809 -18.7222 2.2
    endloop
  endfacet
  facet normal -0.803279 0.595602 0
    outer loop
      vertex 30.0809 -18.7222 19.2
      vertex 30.0049 -18.8247 2.2
      vertex 30.0049 -18.8247 19.2
    endloop
  endfacet
  facet normal 0.941476 -0.337081 0
    outer loop
      vertex 27.756 -17.6226 19.2
      vertex 27.799 -17.5025 2.2
      vertex 27.799 -17.5025 19.2
    endloop
  endfacet
  facet normal 0.941476 -0.337081 0
    outer loop
      vertex 27.799 -17.5025 2.2
      vertex 27.756 -17.6226 19.2
      vertex 27.756 -17.6226 2.2
    endloop
  endfacet
  facet normal -0.803279 -0.595602 0
    outer loop
      vertex 30.0809 -17.2778 2.2
      vertex 30.0049 -17.1753 19.2
      vertex 30.0049 -17.1753 2.2
    endloop
  endfacet
  facet normal -0.803279 -0.595602 0
    outer loop
      vertex 30.0049 -17.1753 19.2
      vertex 30.0809 -17.2778 2.2
      vertex 30.0809 -17.2778 19.2
    endloop
  endfacet
  facet normal 0.0493902 -0.99878 0
    outer loop
      vertex 28.8726 -16.7063 2.2
      vertex 29 -16.7 19.2
      vertex 28.8726 -16.7063 19.2
    endloop
  endfacet
  facet normal 0.0493902 -0.99878 0
    outer loop
      vertex 29 -16.7 19.2
      vertex 28.8726 -16.7063 2.2
      vertex 29 -16.7 2.2
    endloop
  endfacet
  facet normal 0.97005 0.242904 0
    outer loop
      vertex 27.756 -18.3774 19.2
      vertex 27.725 -18.2536 2.2
      vertex 27.725 -18.2536 19.2
    endloop
  endfacet
  facet normal 0.97005 0.242904 0
    outer loop
      vertex 27.725 -18.2536 2.2
      vertex 27.756 -18.3774 19.2
      vertex 27.756 -18.3774 2.2
    endloop
  endfacet
  facet normal 0.337081 -0.941476 0
    outer loop
      vertex 28.5025 -16.799 2.2
      vertex 28.6226 -16.756 19.2
      vertex 28.5025 -16.799 19.2
    endloop
  endfacet
  facet normal 0.337081 -0.941476 0
    outer loop
      vertex 28.6226 -16.756 19.2
      vertex 28.5025 -16.799 2.2
      vertex 28.6226 -16.756 2.2
    endloop
  endfacet
  facet normal -0.904089 0.427345 0
    outer loop
      vertex 30.1465 -18.6128 2.2
      vertex 30.201 -18.4975 19.2
      vertex 30.201 -18.4975 2.2
    endloop
  endfacet
  facet normal -0.904089 0.427345 0
    outer loop
      vertex 30.201 -18.4975 19.2
      vertex 30.1465 -18.6128 2.2
      vertex 30.1465 -18.6128 19.2
    endloop
  endfacet
  facet normal 0.740755 -0.671775 0
    outer loop
      vertex 27.9951 -17.1753 19.2
      vertex 28.0808 -17.0808 2.2
      vertex 28.0808 -17.0808 19.2
    endloop
  endfacet
  facet normal 0.740755 -0.671775 0
    outer loop
      vertex 28.0808 -17.0808 2.2
      vertex 27.9951 -17.1753 19.2
      vertex 27.9951 -17.1753 2.2
    endloop
  endfacet
  facet normal 0.857631 -0.514265 0
    outer loop
      vertex 27.8535 -17.3872 19.2
      vertex 27.9191 -17.2778 2.2
      vertex 27.9191 -17.2778 19.2
    endloop
  endfacet
  facet normal 0.857631 -0.514265 0
    outer loop
      vertex 27.9191 -17.2778 2.2
      vertex 27.8535 -17.3872 19.2
      vertex 27.8535 -17.3872 2.2
    endloop
  endfacet
  facet normal -0.146577 0.989199 0
    outer loop
      vertex 29.2536 -19.275 2.2
      vertex 29.1274 -19.2937 19.2
      vertex 29.2536 -19.275 19.2
    endloop
  endfacet
  facet normal -0.146577 0.989199 0
    outer loop
      vertex 29.1274 -19.2937 19.2
      vertex 29.2536 -19.275 2.2
      vertex 29.1274 -19.2937 2.2
    endloop
  endfacet
  facet normal -0.857631 -0.514265 0
    outer loop
      vertex 30.1465 -17.3872 2.2
      vertex 30.0809 -17.2778 19.2
      vertex 30.0809 -17.2778 2.2
    endloop
  endfacet
  facet normal -0.857631 -0.514265 0
    outer loop
      vertex 30.0809 -17.2778 19.2
      vertex 30.1465 -17.3872 2.2
      vertex 30.1465 -17.3872 19.2
    endloop
  endfacet
  facet normal -0.941476 -0.337081 0
    outer loop
      vertex 30.244 -17.6226 2.2
      vertex 30.201 -17.5025 19.2
      vertex 30.201 -17.5025 2.2
    endloop
  endfacet
  facet normal -0.941476 -0.337081 0
    outer loop
      vertex 30.201 -17.5025 19.2
      vertex 30.244 -17.6226 2.2
      vertex 30.244 -17.6226 19.2
    endloop
  endfacet
  facet normal -0.671775 -0.740755 0
    outer loop
      vertex 29.8247 -16.9951 2.2
      vertex 29.9192 -17.0808 19.2
      vertex 29.8247 -16.9951 19.2
    endloop
  endfacet
  facet normal -0.671775 -0.740755 -0
    outer loop
      vertex 29.9192 -17.0808 19.2
      vertex 29.8247 -16.9951 2.2
      vertex 29.9192 -17.0808 2.2
    endloop
  endfacet
  facet normal -0.97005 0.242904 0
    outer loop
      vertex 30.244 -18.3774 2.2
      vertex 30.275 -18.2536 19.2
      vertex 30.275 -18.2536 2.2
    endloop
  endfacet
  facet normal -0.97005 0.242904 0
    outer loop
      vertex 30.275 -18.2536 19.2
      vertex 30.244 -18.3774 2.2
      vertex 30.244 -18.3774 19.2
    endloop
  endfacet
  facet normal 0.427345 -0.904089 0
    outer loop
      vertex 28.3872 -16.8535 2.2
      vertex 28.5025 -16.799 19.2
      vertex 28.3872 -16.8535 19.2
    endloop
  endfacet
  facet normal 0.427345 -0.904089 0
    outer loop
      vertex 28.5025 -16.799 19.2
      vertex 28.3872 -16.8535 2.2
      vertex 28.5025 -16.799 2.2
    endloop
  endfacet
  facet normal -0.337081 -0.941476 0
    outer loop
      vertex 29.3774 -16.756 2.2
      vertex 29.4975 -16.799 19.2
      vertex 29.3774 -16.756 19.2
    endloop
  endfacet
  facet normal -0.337081 -0.941476 -0
    outer loop
      vertex 29.4975 -16.799 19.2
      vertex 29.3774 -16.756 2.2
      vertex 29.4975 -16.799 2.2
    endloop
  endfacet
  facet normal 0.242904 -0.97005 0
    outer loop
      vertex 28.6226 -16.756 2.2
      vertex 28.7464 -16.725 19.2
      vertex 28.6226 -16.756 19.2
    endloop
  endfacet
  facet normal 0.242904 -0.97005 0
    outer loop
      vertex 28.7464 -16.725 19.2
      vertex 28.6226 -16.756 2.2
      vertex 28.7464 -16.725 2.2
    endloop
  endfacet
  facet normal -0.857631 0.514265 0
    outer loop
      vertex 30.0809 -18.7222 2.2
      vertex 30.1465 -18.6128 19.2
      vertex 30.1465 -18.6128 2.2
    endloop
  endfacet
  facet normal -0.857631 0.514265 0
    outer loop
      vertex 30.1465 -18.6128 19.2
      vertex 30.0809 -18.7222 2.2
      vertex 30.0809 -18.7222 19.2
    endloop
  endfacet
  facet normal -0.427345 -0.904089 0
    outer loop
      vertex 29.4975 -16.799 2.2
      vertex 29.6128 -16.8535 19.2
      vertex 29.4975 -16.799 19.2
    endloop
  endfacet
  facet normal -0.427345 -0.904089 -0
    outer loop
      vertex 29.6128 -16.8535 19.2
      vertex 29.4975 -16.799 2.2
      vertex 29.6128 -16.8535 2.2
    endloop
  endfacet
  facet normal -0.0493902 -0.99878 0
    outer loop
      vertex 29 -16.7 2.2
      vertex 29.1274 -16.7063 19.2
      vertex 29 -16.7 19.2
    endloop
  endfacet
  facet normal -0.0493902 -0.99878 -0
    outer loop
      vertex 29.1274 -16.7063 19.2
      vertex 29 -16.7 2.2
      vertex 29.1274 -16.7063 2.2
    endloop
  endfacet
  facet normal -0.941476 0.337081 0
    outer loop
      vertex 30.201 -18.4975 2.2
      vertex 30.244 -18.3774 19.2
      vertex 30.244 -18.3774 2.2
    endloop
  endfacet
  facet normal -0.941476 0.337081 0
    outer loop
      vertex 30.244 -18.3774 19.2
      vertex 30.201 -18.4975 2.2
      vertex 30.201 -18.4975 19.2
    endloop
  endfacet
  facet normal -0.671775 0.740755 0
    outer loop
      vertex 29.9192 -18.9192 2.2
      vertex 29.8247 -19.0049 19.2
      vertex 29.9192 -18.9192 19.2
    endloop
  endfacet
  facet normal -0.671775 0.740755 0
    outer loop
      vertex 29.8247 -19.0049 19.2
      vertex 29.9192 -18.9192 2.2
      vertex 29.8247 -19.0049 2.2
    endloop
  endfacet
  facet normal -0.242904 -0.97005 0
    outer loop
      vertex 29.2536 -16.725 2.2
      vertex 29.3774 -16.756 19.2
      vertex 29.2536 -16.725 19.2
    endloop
  endfacet
  facet normal -0.242904 -0.97005 -0
    outer loop
      vertex 29.3774 -16.756 19.2
      vertex 29.2536 -16.725 2.2
      vertex 29.3774 -16.756 2.2
    endloop
  endfacet
  facet normal -0.99878 0.0493902 0
    outer loop
      vertex 30.2937 -18.1274 2.2
      vertex 30.3 -18 19.2
      vertex 30.3 -18 2.2
    endloop
  endfacet
  facet normal -0.99878 0.0493902 0
    outer loop
      vertex 30.3 -18 19.2
      vertex 30.2937 -18.1274 2.2
      vertex 30.2937 -18.1274 19.2
    endloop
  endfacet
  facet normal 0.97005 -0.242904 0
    outer loop
      vertex 27.725 -17.7464 19.2
      vertex 27.756 -17.6226 2.2
      vertex 27.756 -17.6226 19.2
    endloop
  endfacet
  facet normal 0.97005 -0.242904 0
    outer loop
      vertex 27.756 -17.6226 2.2
      vertex 27.725 -17.7464 19.2
      vertex 27.725 -17.7464 2.2
    endloop
  endfacet
  facet normal 0.671775 -0.740755 0
    outer loop
      vertex 28.0808 -17.0808 2.2
      vertex 28.1753 -16.9951 19.2
      vertex 28.0808 -17.0808 19.2
    endloop
  endfacet
  facet normal 0.671775 -0.740755 0
    outer loop
      vertex 28.1753 -16.9951 19.2
      vertex 28.0808 -17.0808 2.2
      vertex 28.1753 -16.9951 2.2
    endloop
  endfacet
  facet normal 0.857631 0.514265 0
    outer loop
      vertex 27.9191 -18.7222 19.2
      vertex 27.8535 -18.6128 2.2
      vertex 27.8535 -18.6128 19.2
    endloop
  endfacet
  facet normal 0.857631 0.514265 0
    outer loop
      vertex 27.8535 -18.6128 2.2
      vertex 27.9191 -18.7222 19.2
      vertex 27.9191 -18.7222 2.2
    endloop
  endfacet
  facet normal 0.740755 0.671775 0
    outer loop
      vertex 28.0808 -18.9192 19.2
      vertex 27.9951 -18.8247 2.2
      vertex 27.9951 -18.8247 19.2
    endloop
  endfacet
  facet normal 0.740755 0.671775 0
    outer loop
      vertex 27.9951 -18.8247 2.2
      vertex 28.0808 -18.9192 19.2
      vertex 28.0808 -18.9192 2.2
    endloop
  endfacet
  facet normal 0.595602 0.803279 -0
    outer loop
      vertex 28.2778 -19.0809 2.2
      vertex 28.1753 -19.0049 19.2
      vertex 28.2778 -19.0809 19.2
    endloop
  endfacet
  facet normal 0.595602 0.803279 0
    outer loop
      vertex 28.1753 -19.0049 19.2
      vertex 28.2778 -19.0809 2.2
      vertex 28.1753 -19.0049 2.2
    endloop
  endfacet
  facet normal 0.989199 0.146577 0
    outer loop
      vertex 27.725 -18.2536 19.2
      vertex 27.7063 -18.1274 2.2
      vertex 27.7063 -18.1274 19.2
    endloop
  endfacet
  facet normal 0.989199 0.146577 0
    outer loop
      vertex 27.7063 -18.1274 2.2
      vertex 27.725 -18.2536 19.2
      vertex 27.725 -18.2536 2.2
    endloop
  endfacet
  facet normal 0.803279 0.595602 0
    outer loop
      vertex 27.9951 -18.8247 19.2
      vertex 27.9191 -18.7222 2.2
      vertex 27.9191 -18.7222 19.2
    endloop
  endfacet
  facet normal 0.803279 0.595602 0
    outer loop
      vertex 27.9191 -18.7222 2.2
      vertex 27.9951 -18.8247 19.2
      vertex 27.9951 -18.8247 2.2
    endloop
  endfacet
  facet normal -0.337081 0.941476 0
    outer loop
      vertex 29.4975 -19.201 2.2
      vertex 29.3774 -19.244 19.2
      vertex 29.4975 -19.201 19.2
    endloop
  endfacet
  facet normal -0.337081 0.941476 0
    outer loop
      vertex 29.3774 -19.244 19.2
      vertex 29.4975 -19.201 2.2
      vertex 29.3774 -19.244 2.2
    endloop
  endfacet
  facet normal 0.99878 0.0493902 0
    outer loop
      vertex 27.7063 -18.1274 19.2
      vertex 27.7 -18 2.2
      vertex 27.7 -18 19.2
    endloop
  endfacet
  facet normal 0.99878 0.0493902 0
    outer loop
      vertex 27.7 -18 2.2
      vertex 27.7063 -18.1274 19.2
      vertex 27.7063 -18.1274 2.2
    endloop
  endfacet
  facet normal 0.803279 -0.595602 0
    outer loop
      vertex 27.9191 -17.2778 19.2
      vertex 27.9951 -17.1753 2.2
      vertex 27.9951 -17.1753 19.2
    endloop
  endfacet
  facet normal 0.803279 -0.595602 0
    outer loop
      vertex 27.9951 -17.1753 2.2
      vertex 27.9191 -17.2778 19.2
      vertex 27.9191 -17.2778 2.2
    endloop
  endfacet
  facet normal -0.595602 0.803279 0
    outer loop
      vertex 29.8247 -19.0049 2.2
      vertex 29.7222 -19.0809 19.2
      vertex 29.8247 -19.0049 19.2
    endloop
  endfacet
  facet normal -0.595602 0.803279 0
    outer loop
      vertex 29.7222 -19.0809 19.2
      vertex 29.8247 -19.0049 2.2
      vertex 29.7222 -19.0809 2.2
    endloop
  endfacet
  facet normal -0.740755 -0.671775 0
    outer loop
      vertex 30.0049 -17.1753 2.2
      vertex 29.9192 -17.0808 19.2
      vertex 29.9192 -17.0808 2.2
    endloop
  endfacet
  facet normal -0.740755 -0.671775 0
    outer loop
      vertex 29.9192 -17.0808 19.2
      vertex 30.0049 -17.1753 2.2
      vertex 30.0049 -17.1753 19.2
    endloop
  endfacet
  facet normal 0.904089 -0.427345 0
    outer loop
      vertex 27.799 -17.5025 19.2
      vertex 27.8535 -17.3872 2.2
      vertex 27.8535 -17.3872 19.2
    endloop
  endfacet
  facet normal 0.904089 -0.427345 0
    outer loop
      vertex 27.8535 -17.3872 2.2
      vertex 27.799 -17.5025 19.2
      vertex 27.799 -17.5025 2.2
    endloop
  endfacet
  facet normal 0.337081 0.941476 -0
    outer loop
      vertex 28.6226 -19.244 2.2
      vertex 28.5025 -19.201 19.2
      vertex 28.6226 -19.244 19.2
    endloop
  endfacet
  facet normal 0.337081 0.941476 0
    outer loop
      vertex 28.5025 -19.201 19.2
      vertex 28.6226 -19.244 2.2
      vertex 28.5025 -19.201 2.2
    endloop
  endfacet
  facet normal 0.0493902 0.99878 -0
    outer loop
      vertex 29 -19.3 2.2
      vertex 28.8726 -19.2937 19.2
      vertex 29 -19.3 19.2
    endloop
  endfacet
  facet normal 0.0493902 0.99878 0
    outer loop
      vertex 28.8726 -19.2937 19.2
      vertex 29 -19.3 2.2
      vertex 28.8726 -19.2937 2.2
    endloop
  endfacet
  facet normal 0.99878 -0.0493902 0
    outer loop
      vertex 27.7 -18 19.2
      vertex 27.7063 -17.8726 2.2
      vertex 27.7063 -17.8726 19.2
    endloop
  endfacet
  facet normal 0.99878 -0.0493902 0
    outer loop
      vertex 27.7063 -17.8726 2.2
      vertex 27.7 -18 19.2
      vertex 27.7 -18 2.2
    endloop
  endfacet
  facet normal 0.671775 0.740755 -0
    outer loop
      vertex 28.1753 -19.0049 2.2
      vertex 28.0808 -18.9192 19.2
      vertex 28.1753 -19.0049 19.2
    endloop
  endfacet
  facet normal 0.671775 0.740755 0
    outer loop
      vertex 28.0808 -18.9192 19.2
      vertex 28.1753 -19.0049 2.2
      vertex 28.0808 -18.9192 2.2
    endloop
  endfacet
  facet normal -0.740755 0.671775 0
    outer loop
      vertex 29.9192 -18.9192 2.2
      vertex 30.0049 -18.8247 19.2
      vertex 30.0049 -18.8247 2.2
    endloop
  endfacet
  facet normal -0.740755 0.671775 0
    outer loop
      vertex 30.0049 -18.8247 19.2
      vertex 29.9192 -18.9192 2.2
      vertex 29.9192 -18.9192 19.2
    endloop
  endfacet
  facet normal 0.989145 0.146942 0
    outer loop
      vertex -25.9149 -17.6961 19.2
      vertex -25.9596 -17.3952 2.2
      vertex -25.9596 -17.3952 19.2
    endloop
  endfacet
  facet normal 0.989145 0.146942 0
    outer loop
      vertex -25.9596 -17.3952 2.2
      vertex -25.9149 -17.6961 19.2
      vertex -25.9149 -17.6961 2.2
    endloop
  endfacet
  facet normal 0.9988 0.0489705 0
    outer loop
      vertex -25.9 -18 19.2
      vertex -25.9149 -17.6961 2.2
      vertex -25.9149 -17.6961 19.2
    endloop
  endfacet
  facet normal 0.9988 0.0489705 0
    outer loop
      vertex -25.9149 -17.6961 2.2
      vertex -25.9 -18 19.2
      vertex -25.9 -18 2.2
    endloop
  endfacet
  facet normal 0.970046 0.242922 0
    outer loop
      vertex -25.9596 -17.3952 19.2
      vertex -26.0335 -17.1001 2.2
      vertex -26.0335 -17.1001 19.2
    endloop
  endfacet
  facet normal 0.970046 0.242922 0
    outer loop
      vertex -26.0335 -17.1001 2.2
      vertex -25.9596 -17.3952 19.2
      vertex -25.9596 -17.3952 2.2
    endloop
  endfacet
  facet normal 0.803027 -0.595943 0
    outer loop
      vertex -26.6037 -19.9666 19.2
      vertex -26.4224 -19.7223 2.2
      vertex -26.4224 -19.7223 19.2
    endloop
  endfacet
  facet normal 0.803027 -0.595943 0
    outer loop
      vertex -26.4224 -19.7223 2.2
      vertex -26.6037 -19.9666 19.2
      vertex -26.6037 -19.9666 2.2
    endloop
  endfacet
  facet normal 0.0489705 -0.9988 0
    outer loop
      vertex -29 -21.1 2.2
      vertex -28.6961 -21.0851 19.2
      vertex -29 -21.1 19.2
    endloop
  endfacet
  facet normal 0.0489705 -0.9988 0
    outer loop
      vertex -28.6961 -21.0851 19.2
      vertex -29 -21.1 2.2
      vertex -28.6961 -21.0851 2.2
    endloop
  endfacet
  facet normal 0.514012 -0.857783 0
    outer loop
      vertex -27.5387 -20.734 2.2
      vertex -27.2777 -20.5776 19.2
      vertex -27.5387 -20.734 19.2
    endloop
  endfacet
  facet normal 0.514012 -0.857783 0
    outer loop
      vertex -27.2777 -20.5776 19.2
      vertex -27.5387 -20.734 2.2
      vertex -27.2777 -20.5776 2.2
    endloop
  endfacet
  facet normal -0.42738 0.904072 0
    outer loop
      vertex -30.1863 -15.136 2.2
      vertex -30.4613 -15.266 19.2
      vertex -30.1863 -15.136 19.2
    endloop
  endfacet
  facet normal -0.42738 0.904072 0
    outer loop
      vertex -30.4613 -15.266 19.2
      vertex -30.1863 -15.136 2.2
      vertex -30.4613 -15.266 2.2
    endloop
  endfacet
  facet normal 0.514012 0.857783 -0
    outer loop
      vertex -27.2777 -15.4224 2.2
      vertex -27.5387 -15.266 19.2
      vertex -27.2777 -15.4224 19.2
    endloop
  endfacet
  facet normal 0.514012 0.857783 0
    outer loop
      vertex -27.5387 -15.266 19.2
      vertex -27.2777 -15.4224 2.2
      vertex -27.5387 -15.266 2.2
    endloop
  endfacet
  facet normal -0.0489705 0.9988 0
    outer loop
      vertex -29 -14.9 2.2
      vertex -29.3039 -14.9149 19.2
      vertex -29 -14.9 19.2
    endloop
  endfacet
  facet normal -0.0489705 0.9988 0
    outer loop
      vertex -29.3039 -14.9149 19.2
      vertex -29 -14.9 2.2
      vertex -29.3039 -14.9149 2.2
    endloop
  endfacet
  facet normal -0.803027 -0.595943 0
    outer loop
      vertex -31.3963 -19.9666 2.2
      vertex -31.5776 -19.7223 19.2
      vertex -31.5776 -19.7223 2.2
    endloop
  endfacet
  facet normal -0.803027 -0.595943 0
    outer loop
      vertex -31.5776 -19.7223 19.2
      vertex -31.3963 -19.9666 2.2
      vertex -31.3963 -19.9666 19.2
    endloop
  endfacet
  facet normal 0.941519 0.336961 0
    outer loop
      vertex -26.0335 -17.1001 19.2
      vertex -26.136 -16.8137 2.2
      vertex -26.136 -16.8137 19.2
    endloop
  endfacet
  facet normal 0.941519 0.336961 0
    outer loop
      vertex -26.136 -16.8137 2.2
      vertex -26.0335 -17.1001 19.2
      vertex -26.0335 -17.1001 2.2
    endloop
  endfacet
  facet normal 0.941519 -0.336961 0
    outer loop
      vertex -26.136 -19.1863 19.2
      vertex -26.0335 -18.8999 2.2
      vertex -26.0335 -18.8999 19.2
    endloop
  endfacet
  facet normal 0.941519 -0.336961 0
    outer loop
      vertex -26.0335 -18.8999 2.2
      vertex -26.136 -19.1863 19.2
      vertex -26.136 -19.1863 2.2
    endloop
  endfacet
  facet normal -0.857783 -0.514012 0
    outer loop
      vertex -31.5776 -19.7223 2.2
      vertex -31.734 -19.4613 19.2
      vertex -31.734 -19.4613 2.2
    endloop
  endfacet
  facet normal -0.857783 -0.514012 0
    outer loop
      vertex -31.734 -19.4613 19.2
      vertex -31.5776 -19.7223 2.2
      vertex -31.5776 -19.7223 19.2
    endloop
  endfacet
  facet normal 0.242922 -0.970046 0
    outer loop
      vertex -28.3952 -21.0404 2.2
      vertex -28.1001 -20.9665 19.2
      vertex -28.3952 -21.0404 19.2
    endloop
  endfacet
  facet normal 0.242922 -0.970046 0
    outer loop
      vertex -28.1001 -20.9665 19.2
      vertex -28.3952 -21.0404 2.2
      vertex -28.1001 -20.9665 2.2
    endloop
  endfacet
  facet normal 0.9988 -0.0489705 0
    outer loop
      vertex -25.9149 -18.3039 19.2
      vertex -25.9 -18 2.2
      vertex -25.9 -18 19.2
    endloop
  endfacet
  facet normal 0.9988 -0.0489705 0
    outer loop
      vertex -25.9 -18 2.2
      vertex -25.9149 -18.3039 19.2
      vertex -25.9149 -18.3039 2.2
    endloop
  endfacet
  facet normal -0.595943 -0.803027 0
    outer loop
      vertex -30.9666 -20.3963 2.2
      vertex -30.7223 -20.5776 19.2
      vertex -30.9666 -20.3963 19.2
    endloop
  endfacet
  facet normal -0.595943 -0.803027 -0
    outer loop
      vertex -30.7223 -20.5776 19.2
      vertex -30.9666 -20.3963 2.2
      vertex -30.7223 -20.5776 2.2
    endloop
  endfacet
  facet normal -0.989145 -0.146942 0
    outer loop
      vertex -32.0404 -18.6048 2.2
      vertex -32.0851 -18.3039 19.2
      vertex -32.0851 -18.3039 2.2
    endloop
  endfacet
  facet normal -0.989145 -0.146942 0
    outer loop
      vertex -32.0851 -18.3039 19.2
      vertex -32.0404 -18.6048 2.2
      vertex -32.0404 -18.6048 19.2
    endloop
  endfacet
  facet normal -0.595943 0.803027 0
    outer loop
      vertex -30.7223 -15.4224 2.2
      vertex -30.9666 -15.6037 19.2
      vertex -30.7223 -15.4224 19.2
    endloop
  endfacet
  facet normal -0.595943 0.803027 0
    outer loop
      vertex -30.9666 -15.6037 19.2
      vertex -30.7223 -15.4224 2.2
      vertex -30.9666 -15.6037 2.2
    endloop
  endfacet
  facet normal 0.595943 0.803027 -0
    outer loop
      vertex -27.0334 -15.6037 2.2
      vertex -27.2777 -15.4224 19.2
      vertex -27.0334 -15.6037 19.2
    endloop
  endfacet
  facet normal 0.595943 0.803027 0
    outer loop
      vertex -27.2777 -15.4224 19.2
      vertex -27.0334 -15.6037 2.2
      vertex -27.2777 -15.4224 2.2
    endloop
  endfacet
  facet normal 0.740936 -0.671576 0
    outer loop
      vertex -26.808 -20.192 19.2
      vertex -26.6037 -19.9666 2.2
      vertex -26.6037 -19.9666 19.2
    endloop
  endfacet
  facet normal 0.740936 -0.671576 0
    outer loop
      vertex -26.6037 -19.9666 2.2
      vertex -26.808 -20.192 19.2
      vertex -26.808 -20.192 2.2
    endloop
  endfacet
  facet normal -0.941519 -0.336961 0
    outer loop
      vertex -31.864 -19.1863 2.2
      vertex -31.9665 -18.8999 19.2
      vertex -31.9665 -18.8999 2.2
    endloop
  endfacet
  facet normal -0.941519 -0.336961 0
    outer loop
      vertex -31.9665 -18.8999 19.2
      vertex -31.864 -19.1863 2.2
      vertex -31.864 -19.1863 19.2
    endloop
  endfacet
  facet normal 0.989145 -0.146942 0
    outer loop
      vertex -25.9596 -18.6048 19.2
      vertex -25.9149 -18.3039 2.2
      vertex -25.9149 -18.3039 19.2
    endloop
  endfacet
  facet normal 0.989145 -0.146942 0
    outer loop
      vertex -25.9149 -18.3039 2.2
      vertex -25.9596 -18.6048 19.2
      vertex -25.9596 -18.6048 2.2
    endloop
  endfacet
  facet normal -0.857783 0.514012 0
    outer loop
      vertex -31.734 -16.5387 2.2
      vertex -31.5776 -16.2777 19.2
      vertex -31.5776 -16.2777 2.2
    endloop
  endfacet
  facet normal -0.857783 0.514012 0
    outer loop
      vertex -31.5776 -16.2777 19.2
      vertex -31.734 -16.5387 2.2
      vertex -31.734 -16.5387 19.2
    endloop
  endfacet
  facet normal 0.970046 -0.242922 0
    outer loop
      vertex -26.0335 -18.8999 19.2
      vertex -25.9596 -18.6048 2.2
      vertex -25.9596 -18.6048 19.2
    endloop
  endfacet
  facet normal 0.970046 -0.242922 0
    outer loop
      vertex -25.9596 -18.6048 2.2
      vertex -26.0335 -18.8999 19.2
      vertex -26.0335 -18.8999 2.2
    endloop
  endfacet
  facet normal 0.42738 -0.904072 0
    outer loop
      vertex -27.8137 -20.864 2.2
      vertex -27.5387 -20.734 19.2
      vertex -27.8137 -20.864 19.2
    endloop
  endfacet
  facet normal 0.42738 -0.904072 0
    outer loop
      vertex -27.5387 -20.734 19.2
      vertex -27.8137 -20.864 2.2
      vertex -27.5387 -20.734 2.2
    endloop
  endfacet
  facet normal 0 0 1
    outer loop
      vertex -27.7 -18 19.2
      vertex -25.9 -18 19.2
      vertex -25.9149 -17.6961 19.2
    endloop
  endfacet
  facet normal 0 0 1
    outer loop
      vertex -27.7063 -17.8726 19.2
      vertex -25.9149 -17.6961 19.2
      vertex -25.9596 -17.3952 19.2
    endloop
  endfacet
  facet normal 0 0 1
    outer loop
      vertex -25.9 -18 19.2
      vertex -27.7 -18 19.2
      vertex -25.9149 -18.3039 19.2
    endloop
  endfacet
  facet normal 0 0 1
    outer loop
      vertex -27.725 -17.7464 19.2
      vertex -25.9596 -17.3952 19.2
      vertex -26.0335 -17.1001 19.2
    endloop
  endfacet
  facet normal -0 0 1
    outer loop
      vertex -27.7063 -18.1274 19.2
      vertex -25.9149 -18.3039 19.2
      vertex -27.7 -18 19.2
    endloop
  endfacet
  facet normal 0 0 1
    outer loop
      vertex -27.756 -17.6226 19.2
      vertex -26.0335 -17.1001 19.2
      vertex -26.136 -16.8137 19.2
    endloop
  endfacet
  facet normal 0 0 1
    outer loop
      vertex -25.9149 -18.3039 19.2
      vertex -27.7063 -18.1274 19.2
      vertex -25.9596 -18.6048 19.2
    endloop
  endfacet
  facet normal 0 0 1
    outer loop
      vertex -27.799 -17.5025 19.2
      vertex -26.136 -16.8137 19.2
      vertex -26.266 -16.5387 19.2
    endloop
  endfacet
  facet normal -0 0 1
    outer loop
      vertex -27.725 -18.2536 19.2
      vertex -25.9596 -18.6048 19.2
      vertex -27.7063 -18.1274 19.2
    endloop
  endfacet
  facet normal 0 0 1
    outer loop
      vertex -27.8535 -17.3872 19.2
      vertex -26.266 -16.5387 19.2
      vertex -26.4224 -16.2777 19.2
    endloop
  endfacet
  facet normal 0 0 1
    outer loop
      vertex -25.9596 -18.6048 19.2
      vertex -27.725 -18.2536 19.2
      vertex -26.0335 -18.8999 19.2
    endloop
  endfacet
  facet normal 0 0 1
    outer loop
      vertex -27.9191 -17.2778 19.2
      vertex -26.4224 -16.2777 19.2
      vertex -26.6037 -16.0334 19.2
    endloop
  endfacet
  facet normal -0 0 1
    outer loop
      vertex -27.756 -18.3774 19.2
      vertex -26.0335 -18.8999 19.2
      vertex -27.725 -18.2536 19.2
    endloop
  endfacet
  facet normal 0 0 1
    outer loop
      vertex -27.9951 -17.1753 19.2
      vertex -26.6037 -16.0334 19.2
      vertex -26.808 -15.808 19.2
    endloop
  endfacet
  facet normal 0 0 1
    outer loop
      vertex -26.0335 -18.8999 19.2
      vertex -27.756 -18.3774 19.2
      vertex -26.136 -19.1863 19.2
    endloop
  endfacet
  facet normal 0 0 1
    outer loop
      vertex -28.0808 -17.0808 19.2
      vertex -26.808 -15.808 19.2
      vertex -27.0334 -15.6037 19.2
    endloop
  endfacet
  facet normal -0 0 1
    outer loop
      vertex -27.799 -18.4975 19.2
      vertex -26.136 -19.1863 19.2
      vertex -27.756 -18.3774 19.2
    endloop
  endfacet
  facet normal 0 0 1
    outer loop
      vertex -28.1753 -16.9951 19.2
      vertex -27.0334 -15.6037 19.2
      vertex -27.2777 -15.4224 19.2
    endloop
  endfacet
  facet normal 0 0 1
    outer loop
      vertex -26.136 -19.1863 19.2
      vertex -27.799 -18.4975 19.2
      vertex -26.266 -19.4613 19.2
    endloop
  endfacet
  facet normal 0 0 1
    outer loop
      vertex -28.2778 -16.9191 19.2
      vertex -27.2777 -15.4224 19.2
      vertex -27.5387 -15.266 19.2
    endloop
  endfacet
  facet normal -0 0 1
    outer loop
      vertex -27.8535 -18.6128 19.2
      vertex -26.266 -19.4613 19.2
      vertex -27.799 -18.4975 19.2
    endloop
  endfacet
  facet normal 0 0 1
    outer loop
      vertex -26.266 -19.4613 19.2
      vertex -27.8535 -18.6128 19.2
      vertex -26.4224 -19.7223 19.2
    endloop
  endfacet
  facet normal 0 0 1
    outer loop
      vertex -25.9149 -17.6961 19.2
      vertex -27.7063 -17.8726 19.2
      vertex -27.7 -18 19.2
    endloop
  endfacet
  facet normal 0 0 1
    outer loop
      vertex -25.9596 -17.3952 19.2
      vertex -27.725 -17.7464 19.2
      vertex -27.7063 -17.8726 19.2
    endloop
  endfacet
  facet normal 0 0 1
    outer loop
      vertex -26.0335 -17.1001 19.2
      vertex -27.756 -17.6226 19.2
      vertex -27.725 -17.7464 19.2
    endloop
  endfacet
  facet normal 0 0 1
    outer loop
      vertex -26.136 -16.8137 19.2
      vertex -27.799 -17.5025 19.2
      vertex -27.756 -17.6226 19.2
    endloop
  endfacet
  facet normal 0 0 1
    outer loop
      vertex -28.3872 -16.8535 19.2
      vertex -27.5387 -15.266 19.2
      vertex -27.8137 -15.136 19.2
    endloop
  endfacet
  facet normal 0 0 1
    outer loop
      vertex -26.266 -16.5387 19.2
      vertex -27.8535 -17.3872 19.2
      vertex -27.799 -17.5025 19.2
    endloop
  endfacet
  facet normal 0 0 1
    outer loop
      vertex -26.4224 -16.2777 19.2
      vertex -27.9191 -17.2778 19.2
      vertex -27.8535 -17.3872 19.2
    endloop
  endfacet
  facet normal 0 0 1
    outer loop
      vertex -26.6037 -16.0334 19.2
      vertex -27.9951 -17.1753 19.2
      vertex -27.9191 -17.2778 19.2
    endloop
  endfacet
  facet normal 0 0 1
    outer loop
      vertex -26.808 -15.808 19.2
      vertex -28.0808 -17.0808 19.2
      vertex -27.9951 -17.1753 19.2
    endloop
  endfacet
  facet normal 0 0 1
    outer loop
      vertex -28.5025 -16.799 19.2
      vertex -27.8137 -15.136 19.2
      vertex -28.1001 -15.0335 19.2
    endloop
  endfacet
  facet normal 0 0 1
    outer loop
      vertex -27.0334 -15.6037 19.2
      vertex -28.1753 -16.9951 19.2
      vertex -28.0808 -17.0808 19.2
    endloop
  endfacet
  facet normal 0 0 1
    outer loop
      vertex -27.2777 -15.4224 19.2
      vertex -28.2778 -16.9191 19.2
      vertex -28.1753 -16.9951 19.2
    endloop
  endfacet
  facet normal 0 0 1
    outer loop
      vertex -27.5387 -15.266 19.2
      vertex -28.3872 -16.8535 19.2
      vertex -28.2778 -16.9191 19.2
    endloop
  endfacet
  facet normal 0 0 1
    outer loop
      vertex -28.6226 -16.756 19.2
      vertex -28.1001 -15.0335 19.2
      vertex -28.3952 -14.9596 19.2
    endloop
  endfacet
  facet normal 0 0 1
    outer loop
      vertex -27.8137 -15.136 19.2
      vertex -28.5025 -16.799 19.2
      vertex -28.3872 -16.8535 19.2
    endloop
  endfacet
  facet normal 0 0 1
    outer loop
      vertex -28.1001 -15.0335 19.2
      vertex -28.6226 -16.756 19.2
      vertex -28.5025 -16.799 19.2
    endloop
  endfacet
  facet normal 0 0 1
    outer loop
      vertex -28.7464 -16.725 19.2
      vertex -28.3952 -14.9596 19.2
      vertex -28.6961 -14.9149 19.2
    endloop
  endfacet
  facet normal 0 0 1
    outer loop
      vertex -28.3952 -14.9596 19.2
      vertex -28.7464 -16.725 19.2
      vertex -28.6226 -16.756 19.2
    endloop
  endfacet
  facet normal 0 0 1
    outer loop
      vertex -28.6961 -14.9149 19.2
      vertex -28.8726 -16.7063 19.2
      vertex -28.7464 -16.725 19.2
    endloop
  endfacet
  facet normal 0 0 1
    outer loop
      vertex -29 -14.9 19.2
      vertex -28.8726 -16.7063 19.2
      vertex -28.6961 -14.9149 19.2
    endloop
  endfacet
  facet normal 0 0 1
    outer loop
      vertex -29 -14.9 19.2
      vertex -29 -16.7 19.2
      vertex -28.8726 -16.7063 19.2
    endloop
  endfacet
  facet normal 0 0 1
    outer loop
      vertex -29 -14.9 19.2
      vertex -29.1274 -16.7063 19.2
      vertex -29 -16.7 19.2
    endloop
  endfacet
  facet normal -0 0 1
    outer loop
      vertex -29.3039 -14.9149 19.2
      vertex -29.1274 -16.7063 19.2
      vertex -29 -14.9 19.2
    endloop
  endfacet
  facet normal 0 0 1
    outer loop
      vertex -29.1274 -16.7063 19.2
      vertex -29.3039 -14.9149 19.2
      vertex -29.2536 -16.725 19.2
    endloop
  endfacet
  facet normal -0 0 1
    outer loop
      vertex -29.6048 -14.9596 19.2
      vertex -29.2536 -16.725 19.2
      vertex -29.3039 -14.9149 19.2
    endloop
  endfacet
  facet normal 0 0 1
    outer loop
      vertex -29.2536 -16.725 19.2
      vertex -29.6048 -14.9596 19.2
      vertex -29.3774 -16.756 19.2
    endloop
  endfacet
  facet normal -0 0 1
    outer loop
      vertex -29.8999 -15.0335 19.2
      vertex -29.3774 -16.756 19.2
      vertex -29.6048 -14.9596 19.2
    endloop
  endfacet
  facet normal 0 0 1
    outer loop
      vertex -29.3774 -16.756 19.2
      vertex -29.8999 -15.0335 19.2
      vertex -29.4975 -16.799 19.2
    endloop
  endfacet
  facet normal -0 0 1
    outer loop
      vertex -30.1863 -15.136 19.2
      vertex -29.4975 -16.799 19.2
      vertex -29.8999 -15.0335 19.2
    endloop
  endfacet
  facet normal 0 0 1
    outer loop
      vertex -29.4975 -16.799 19.2
      vertex -30.1863 -15.136 19.2
      vertex -29.6128 -16.8535 19.2
    endloop
  endfacet
  facet normal -0 0 1
    outer loop
      vertex -30.4613 -15.266 19.2
      vertex -29.6128 -16.8535 19.2
      vertex -30.1863 -15.136 19.2
    endloop
  endfacet
  facet normal 0 0 1
    outer loop
      vertex -29.6128 -16.8535 19.2
      vertex -30.4613 -15.266 19.2
      vertex -29.7222 -16.9191 19.2
    endloop
  endfacet
  facet normal -0 0 1
    outer loop
      vertex -30.7223 -15.4224 19.2
      vertex -29.7222 -16.9191 19.2
      vertex -30.4613 -15.266 19.2
    endloop
  endfacet
  facet normal 0 0 1
    outer loop
      vertex -29.7222 -16.9191 19.2
      vertex -30.7223 -15.4224 19.2
      vertex -29.8247 -16.9951 19.2
    endloop
  endfacet
  facet normal -0 0 1
    outer loop
      vertex -30.9666 -15.6037 19.2
      vertex -29.8247 -16.9951 19.2
      vertex -30.7223 -15.4224 19.2
    endloop
  endfacet
  facet normal 0 0 1
    outer loop
      vertex -29.8247 -16.9951 19.2
      vertex -30.9666 -15.6037 19.2
      vertex -29.9192 -17.0808 19.2
    endloop
  endfacet
  facet normal -0 0 1
    outer loop
      vertex -31.192 -15.808 19.2
      vertex -29.9192 -17.0808 19.2
      vertex -30.9666 -15.6037 19.2
    endloop
  endfacet
  facet normal 0 0 1
    outer loop
      vertex -29.9192 -17.0808 19.2
      vertex -31.192 -15.808 19.2
      vertex -30.0049 -17.1753 19.2
    endloop
  endfacet
  facet normal -0 0 1
    outer loop
      vertex -31.3963 -16.0334 19.2
      vertex -30.0049 -17.1753 19.2
      vertex -31.192 -15.808 19.2
    endloop
  endfacet
  facet normal 0 0 1
    outer loop
      vertex -30.0049 -17.1753 19.2
      vertex -31.3963 -16.0334 19.2
      vertex -30.0809 -17.2778 19.2
    endloop
  endfacet
  facet normal -0 0 1
    outer loop
      vertex -31.5776 -16.2777 19.2
      vertex -30.0809 -17.2778 19.2
      vertex -31.3963 -16.0334 19.2
    endloop
  endfacet
  facet normal 0 0 1
    outer loop
      vertex -30.0809 -17.2778 19.2
      vertex -31.5776 -16.2777 19.2
      vertex -30.1465 -17.3872 19.2
    endloop
  endfacet
  facet normal -0 0 1
    outer loop
      vertex -27.9191 -18.7222 19.2
      vertex -26.4224 -19.7223 19.2
      vertex -27.8535 -18.6128 19.2
    endloop
  endfacet
  facet normal 0 0 1
    outer loop
      vertex -26.4224 -19.7223 19.2
      vertex -27.9191 -18.7222 19.2
      vertex -26.6037 -19.9666 19.2
    endloop
  endfacet
  facet normal -0 0 1
    outer loop
      vertex -27.9951 -18.8247 19.2
      vertex -26.6037 -19.9666 19.2
      vertex -27.9191 -18.7222 19.2
    endloop
  endfacet
  facet normal 0 0 1
    outer loop
      vertex -26.6037 -19.9666 19.2
      vertex -27.9951 -18.8247 19.2
      vertex -26.808 -20.192 19.2
    endloop
  endfacet
  facet normal -0 0 1
    outer loop
      vertex -28.0808 -18.9192 19.2
      vertex -26.808 -20.192 19.2
      vertex -27.9951 -18.8247 19.2
    endloop
  endfacet
  facet normal 0 0 1
    outer loop
      vertex -26.808 -20.192 19.2
      vertex -28.0808 -18.9192 19.2
      vertex -27.0334 -20.3963 19.2
    endloop
  endfacet
  facet normal -0 0 1
    outer loop
      vertex -28.1753 -19.0049 19.2
      vertex -27.0334 -20.3963 19.2
      vertex -28.0808 -18.9192 19.2
    endloop
  endfacet
  facet normal 0 0 1
    outer loop
      vertex -27.0334 -20.3963 19.2
      vertex -28.1753 -19.0049 19.2
      vertex -27.2777 -20.5776 19.2
    endloop
  endfacet
  facet normal -0 0 1
    outer loop
      vertex -28.2778 -19.0809 19.2
      vertex -27.2777 -20.5776 19.2
      vertex -28.1753 -19.0049 19.2
    endloop
  endfacet
  facet normal 0 0 1
    outer loop
      vertex -27.2777 -20.5776 19.2
      vertex -28.2778 -19.0809 19.2
      vertex -27.5387 -20.734 19.2
    endloop
  endfacet
  facet normal -0 0 1
    outer loop
      vertex -28.3872 -19.1465 19.2
      vertex -27.5387 -20.734 19.2
      vertex -28.2778 -19.0809 19.2
    endloop
  endfacet
  facet normal 0 0 1
    outer loop
      vertex -27.5387 -20.734 19.2
      vertex -28.3872 -19.1465 19.2
      vertex -27.8137 -20.864 19.2
    endloop
  endfacet
  facet normal -0 0 1
    outer loop
      vertex -28.5025 -19.201 19.2
      vertex -27.8137 -20.864 19.2
      vertex -28.3872 -19.1465 19.2
    endloop
  endfacet
  facet normal 0 0 1
    outer loop
      vertex -27.8137 -20.864 19.2
      vertex -28.5025 -19.201 19.2
      vertex -28.1001 -20.9665 19.2
    endloop
  endfacet
  facet normal -0 0 1
    outer loop
      vertex -28.6226 -19.244 19.2
      vertex -28.1001 -20.9665 19.2
      vertex -28.5025 -19.201 19.2
    endloop
  endfacet
  facet normal 0 0 1
    outer loop
      vertex -28.1001 -20.9665 19.2
      vertex -28.6226 -19.244 19.2
      vertex -28.3952 -21.0404 19.2
    endloop
  endfacet
  facet normal -0 0 1
    outer loop
      vertex -28.7464 -19.275 19.2
      vertex -28.3952 -21.0404 19.2
      vertex -28.6226 -19.244 19.2
    endloop
  endfacet
  facet normal 0 0 1
    outer loop
      vertex -28.3952 -21.0404 19.2
      vertex -28.7464 -19.275 19.2
      vertex -28.6961 -21.0851 19.2
    endloop
  endfacet
  facet normal -0 0 1
    outer loop
      vertex -28.8726 -19.2937 19.2
      vertex -28.6961 -21.0851 19.2
      vertex -28.7464 -19.275 19.2
    endloop
  endfacet
  facet normal -0 0 1
    outer loop
      vertex -29 -19.3 19.2
      vertex -28.6961 -21.0851 19.2
      vertex -28.8726 -19.2937 19.2
    endloop
  endfacet
  facet normal 0 0 1
    outer loop
      vertex -29 -19.3 19.2
      vertex -29 -21.1 19.2
      vertex -28.6961 -21.0851 19.2
    endloop
  endfacet
  facet normal 0 0 1
    outer loop
      vertex -29.1274 -19.2937 19.2
      vertex -29 -21.1 19.2
      vertex -29 -19.3 19.2
    endloop
  endfacet
  facet normal 0 0 1
    outer loop
      vertex -29.3039 -21.0851 19.2
      vertex -29.1274 -19.2937 19.2
      vertex -29.2536 -19.275 19.2
    endloop
  endfacet
  facet normal 0 0 1
    outer loop
      vertex -29.1274 -19.2937 19.2
      vertex -29.3039 -21.0851 19.2
      vertex -29 -21.1 19.2
    endloop
  endfacet
  facet normal 0 0 1
    outer loop
      vertex -29.6048 -21.0404 19.2
      vertex -29.2536 -19.275 19.2
      vertex -29.3774 -19.244 19.2
    endloop
  endfacet
  facet normal 0 0 1
    outer loop
      vertex -29.8999 -20.9665 19.2
      vertex -29.3774 -19.244 19.2
      vertex -29.4975 -19.201 19.2
    endloop
  endfacet
  facet normal 0 0 1
    outer loop
      vertex -29.2536 -19.275 19.2
      vertex -29.6048 -21.0404 19.2
      vertex -29.3039 -21.0851 19.2
    endloop
  endfacet
  facet normal 0 0 1
    outer loop
      vertex -30.1863 -20.864 19.2
      vertex -29.4975 -19.201 19.2
      vertex -29.6128 -19.1465 19.2
    endloop
  endfacet
  facet normal 0 0 1
    outer loop
      vertex -30.4613 -20.734 19.2
      vertex -29.6128 -19.1465 19.2
      vertex -29.7222 -19.0809 19.2
    endloop
  endfacet
  facet normal 0 0 1
    outer loop
      vertex -30.7223 -20.5776 19.2
      vertex -29.7222 -19.0809 19.2
      vertex -29.8247 -19.0049 19.2
    endloop
  endfacet
  facet normal 0 0 1
    outer loop
      vertex -29.3774 -19.244 19.2
      vertex -29.8999 -20.9665 19.2
      vertex -29.6048 -21.0404 19.2
    endloop
  endfacet
  facet normal 0 0 1
    outer loop
      vertex -30.9666 -20.3963 19.2
      vertex -29.8247 -19.0049 19.2
      vertex -29.9192 -18.9192 19.2
    endloop
  endfacet
  facet normal 0 0 1
    outer loop
      vertex -31.192 -20.192 19.2
      vertex -29.9192 -18.9192 19.2
      vertex -30.0049 -18.8247 19.2
    endloop
  endfacet
  facet normal 0 0 1
    outer loop
      vertex -31.3963 -19.9666 19.2
      vertex -30.0049 -18.8247 19.2
      vertex -30.0809 -18.7222 19.2
    endloop
  endfacet
  facet normal 0 0 1
    outer loop
      vertex -31.5776 -19.7223 19.2
      vertex -30.0809 -18.7222 19.2
      vertex -30.1465 -18.6128 19.2
    endloop
  endfacet
  facet normal 0 0 1
    outer loop
      vertex -29.4975 -19.201 19.2
      vertex -30.1863 -20.864 19.2
      vertex -29.8999 -20.9665 19.2
    endloop
  endfacet
  facet normal 0 0 1
    outer loop
      vertex -31.734 -19.4613 19.2
      vertex -30.1465 -18.6128 19.2
      vertex -30.201 -18.4975 19.2
    endloop
  endfacet
  facet normal 0 0 1
    outer loop
      vertex -31.864 -19.1863 19.2
      vertex -30.201 -18.4975 19.2
      vertex -30.244 -18.3774 19.2
    endloop
  endfacet
  facet normal 0 0 1
    outer loop
      vertex -31.9665 -18.8999 19.2
      vertex -30.244 -18.3774 19.2
      vertex -30.275 -18.2536 19.2
    endloop
  endfacet
  facet normal 0 0 1
    outer loop
      vertex -32.0404 -18.6048 19.2
      vertex -30.275 -18.2536 19.2
      vertex -30.2937 -18.1274 19.2
    endloop
  endfacet
  facet normal 0 0 1
    outer loop
      vertex -32.0851 -18.3039 19.2
      vertex -30.2937 -18.1274 19.2
      vertex -30.3 -18 19.2
    endloop
  endfacet
  facet normal -0 0 1
    outer loop
      vertex -31.734 -16.5387 19.2
      vertex -30.1465 -17.3872 19.2
      vertex -31.5776 -16.2777 19.2
    endloop
  endfacet
  facet normal 0 0 1
    outer loop
      vertex -29.6128 -19.1465 19.2
      vertex -30.4613 -20.734 19.2
      vertex -30.1863 -20.864 19.2
    endloop
  endfacet
  facet normal 0 0 1
    outer loop
      vertex -30.1465 -17.3872 19.2
      vertex -31.734 -16.5387 19.2
      vertex -30.201 -17.5025 19.2
    endloop
  endfacet
  facet normal 0 0 1
    outer loop
      vertex -29.7222 -19.0809 19.2
      vertex -30.7223 -20.5776 19.2
      vertex -30.4613 -20.734 19.2
    endloop
  endfacet
  facet normal -0 0 1
    outer loop
      vertex -31.864 -16.8137 19.2
      vertex -30.201 -17.5025 19.2
      vertex -31.734 -16.5387 19.2
    endloop
  endfacet
  facet normal 0 0 1
    outer loop
      vertex -29.8247 -19.0049 19.2
      vertex -30.9666 -20.3963 19.2
      vertex -30.7223 -20.5776 19.2
    endloop
  endfacet
  facet normal 0 0 1
    outer loop
      vertex -30.201 -17.5025 19.2
      vertex -31.864 -16.8137 19.2
      vertex -30.244 -17.6226 19.2
    endloop
  endfacet
  facet normal 0 0 1
    outer loop
      vertex -29.9192 -18.9192 19.2
      vertex -31.192 -20.192 19.2
      vertex -30.9666 -20.3963 19.2
    endloop
  endfacet
  facet normal -0 0 1
    outer loop
      vertex -31.9665 -17.1001 19.2
      vertex -30.244 -17.6226 19.2
      vertex -31.864 -16.8137 19.2
    endloop
  endfacet
  facet normal 0 0 1
    outer loop
      vertex -30.0049 -18.8247 19.2
      vertex -31.3963 -19.9666 19.2
      vertex -31.192 -20.192 19.2
    endloop
  endfacet
  facet normal 0 0 1
    outer loop
      vertex -30.244 -17.6226 19.2
      vertex -31.9665 -17.1001 19.2
      vertex -30.275 -17.7464 19.2
    endloop
  endfacet
  facet normal 0 0 1
    outer loop
      vertex -30.0809 -18.7222 19.2
      vertex -31.5776 -19.7223 19.2
      vertex -31.3963 -19.9666 19.2
    endloop
  endfacet
  facet normal -0 0 1
    outer loop
      vertex -32.0404 -17.3952 19.2
      vertex -30.275 -17.7464 19.2
      vertex -31.9665 -17.1001 19.2
    endloop
  endfacet
  facet normal 0 0 1
    outer loop
      vertex -30.1465 -18.6128 19.2
      vertex -31.734 -19.4613 19.2
      vertex -31.5776 -19.7223 19.2
    endloop
  endfacet
  facet normal 0 0 1
    outer loop
      vertex -30.275 -17.7464 19.2
      vertex -32.0404 -17.3952 19.2
      vertex -30.2937 -17.8726 19.2
    endloop
  endfacet
  facet normal 0 0 1
    outer loop
      vertex -30.201 -18.4975 19.2
      vertex -31.864 -19.1863 19.2
      vertex -31.734 -19.4613 19.2
    endloop
  endfacet
  facet normal -0 0 1
    outer loop
      vertex -32.0851 -17.6961 19.2
      vertex -30.2937 -17.8726 19.2
      vertex -32.0404 -17.3952 19.2
    endloop
  endfacet
  facet normal 0 0 1
    outer loop
      vertex -30.244 -18.3774 19.2
      vertex -31.9665 -18.8999 19.2
      vertex -31.864 -19.1863 19.2
    endloop
  endfacet
  facet normal 0 0 1
    outer loop
      vertex -30.2937 -17.8726 19.2
      vertex -32.0851 -17.6961 19.2
      vertex -30.3 -18 19.2
    endloop
  endfacet
  facet normal 0 0 1
    outer loop
      vertex -30.275 -18.2536 19.2
      vertex -32.0404 -18.6048 19.2
      vertex -31.9665 -18.8999 19.2
    endloop
  endfacet
  facet normal 0 0 1
    outer loop
      vertex -32.1 -18 19.2
      vertex -30.3 -18 19.2
      vertex -32.0851 -17.6961 19.2
    endloop
  endfacet
  facet normal 0 0 1
    outer loop
      vertex -30.2937 -18.1274 19.2
      vertex -32.0851 -18.3039 19.2
      vertex -32.0404 -18.6048 19.2
    endloop
  endfacet
  facet normal 0 0 1
    outer loop
      vertex -30.3 -18 19.2
      vertex -32.1 -18 19.2
      vertex -32.0851 -18.3039 19.2
    endloop
  endfacet
  facet normal 0.671576 0.740936 -0
    outer loop
      vertex -26.808 -15.808 2.2
      vertex -27.0334 -15.6037 19.2
      vertex -26.808 -15.808 19.2
    endloop
  endfacet
  facet normal 0.671576 0.740936 0
    outer loop
      vertex -27.0334 -15.6037 19.2
      vertex -26.808 -15.808 2.2
      vertex -27.0334 -15.6037 2.2
    endloop
  endfacet
  facet normal -0.336961 0.941519 0
    outer loop
      vertex -29.8999 -15.0335 2.2
      vertex -30.1863 -15.136 19.2
      vertex -29.8999 -15.0335 19.2
    endloop
  endfacet
  facet normal -0.336961 0.941519 0
    outer loop
      vertex -30.1863 -15.136 19.2
      vertex -29.8999 -15.0335 2.2
      vertex -30.1863 -15.136 2.2
    endloop
  endfacet
  facet normal 0.42738 0.904072 -0
    outer loop
      vertex -27.5387 -15.266 2.2
      vertex -27.8137 -15.136 19.2
      vertex -27.5387 -15.266 19.2
    endloop
  endfacet
  facet normal 0.42738 0.904072 0
    outer loop
      vertex -27.8137 -15.136 19.2
      vertex -27.5387 -15.266 2.2
      vertex -27.8137 -15.136 2.2
    endloop
  endfacet
  facet normal -0.9988 0.0489705 0
    outer loop
      vertex -32.1 -18 2.2
      vertex -32.0851 -17.6961 19.2
      vertex -32.0851 -17.6961 2.2
    endloop
  endfacet
  facet normal -0.9988 0.0489705 0
    outer loop
      vertex -32.0851 -17.6961 19.2
      vertex -32.1 -18 2.2
      vertex -32.1 -18 19.2
    endloop
  endfacet
  facet normal 0.803027 0.595943 0
    outer loop
      vertex -26.4224 -16.2777 19.2
      vertex -26.6037 -16.0334 2.2
      vertex -26.6037 -16.0334 19.2
    endloop
  endfacet
  facet normal 0.803027 0.595943 0
    outer loop
      vertex -26.6037 -16.0334 2.2
      vertex -26.4224 -16.2777 19.2
      vertex -26.4224 -16.2777 2.2
    endloop
  endfacet
  facet normal 0.0489705 0.9988 -0
    outer loop
      vertex -28.6961 -14.9149 2.2
      vertex -29 -14.9 19.2
      vertex -28.6961 -14.9149 19.2
    endloop
  endfacet
  facet normal 0.0489705 0.9988 0
    outer loop
      vertex -29 -14.9 19.2
      vertex -28.6961 -14.9149 2.2
      vertex -29 -14.9 2.2
    endloop
  endfacet
  facet normal -0.671576 0.740936 0
    outer loop
      vertex -30.9666 -15.6037 2.2
      vertex -31.192 -15.808 19.2
      vertex -30.9666 -15.6037 19.2
    endloop
  endfacet
  facet normal -0.671576 0.740936 0
    outer loop
      vertex -31.192 -15.808 19.2
      vertex -30.9666 -15.6037 2.2
      vertex -31.192 -15.808 2.2
    endloop
  endfacet
  facet normal 0.740936 0.671576 0
    outer loop
      vertex -26.6037 -16.0334 19.2
      vertex -26.808 -15.808 2.2
      vertex -26.808 -15.808 19.2
    endloop
  endfacet
  facet normal 0.740936 0.671576 0
    outer loop
      vertex -26.808 -15.808 2.2
      vertex -26.6037 -16.0334 19.2
      vertex -26.6037 -16.0334 2.2
    endloop
  endfacet
  facet normal -0.242922 -0.970046 0
    outer loop
      vertex -29.8999 -20.9665 2.2
      vertex -29.6048 -21.0404 19.2
      vertex -29.8999 -20.9665 19.2
    endloop
  endfacet
  facet normal -0.242922 -0.970046 -0
    outer loop
      vertex -29.6048 -21.0404 19.2
      vertex -29.8999 -20.9665 2.2
      vertex -29.6048 -21.0404 2.2
    endloop
  endfacet
  facet normal 0.904072 0.42738 0
    outer loop
      vertex -26.136 -16.8137 19.2
      vertex -26.266 -16.5387 2.2
      vertex -26.266 -16.5387 19.2
    endloop
  endfacet
  facet normal 0.904072 0.42738 0
    outer loop
      vertex -26.266 -16.5387 2.2
      vertex -26.136 -16.8137 19.2
      vertex -26.136 -16.8137 2.2
    endloop
  endfacet
  facet normal 0.857783 -0.514012 0
    outer loop
      vertex -26.4224 -19.7223 19.2
      vertex -26.266 -19.4613 2.2
      vertex -26.266 -19.4613 19.2
    endloop
  endfacet
  facet normal 0.857783 -0.514012 0
    outer loop
      vertex -26.266 -19.4613 2.2
      vertex -26.4224 -19.7223 19.2
      vertex -26.4224 -19.7223 2.2
    endloop
  endfacet
  facet normal 0.336961 0.941519 -0
    outer loop
      vertex -27.8137 -15.136 2.2
      vertex -28.1001 -15.0335 19.2
      vertex -27.8137 -15.136 19.2
    endloop
  endfacet
  facet normal 0.336961 0.941519 0
    outer loop
      vertex -28.1001 -15.0335 19.2
      vertex -27.8137 -15.136 2.2
      vertex -28.1001 -15.0335 2.2
    endloop
  endfacet
  facet normal -0.242922 0.970046 0
    outer loop
      vertex -29.6048 -14.9596 2.2
      vertex -29.8999 -15.0335 19.2
      vertex -29.6048 -14.9596 19.2
    endloop
  endfacet
  facet normal -0.242922 0.970046 0
    outer loop
      vertex -29.8999 -15.0335 19.2
      vertex -29.6048 -14.9596 2.2
      vertex -29.8999 -15.0335 2.2
    endloop
  endfacet
  facet normal 0.336961 -0.941519 0
    outer loop
      vertex -28.1001 -20.9665 2.2
      vertex -27.8137 -20.864 19.2
      vertex -28.1001 -20.9665 19.2
    endloop
  endfacet
  facet normal 0.336961 -0.941519 0
    outer loop
      vertex -27.8137 -20.864 19.2
      vertex -28.1001 -20.9665 2.2
      vertex -27.8137 -20.864 2.2
    endloop
  endfacet
  facet normal -0.514012 0.857783 0
    outer loop
      vertex -30.4613 -15.266 2.2
      vertex -30.7223 -15.4224 19.2
      vertex -30.4613 -15.266 19.2
    endloop
  endfacet
  facet normal -0.514012 0.857783 0
    outer loop
      vertex -30.7223 -15.4224 19.2
      vertex -30.4613 -15.266 2.2
      vertex -30.7223 -15.4224 2.2
    endloop
  endfacet
  facet normal -0.740936 0.671576 0
    outer loop
      vertex -31.3963 -16.0334 2.2
      vertex -31.192 -15.808 19.2
      vertex -31.192 -15.808 2.2
    endloop
  endfacet
  facet normal -0.740936 0.671576 0
    outer loop
      vertex -31.192 -15.808 19.2
      vertex -31.3963 -16.0334 2.2
      vertex -31.3963 -16.0334 19.2
    endloop
  endfacet
  facet normal 0.857783 0.514012 0
    outer loop
      vertex -26.266 -16.5387 19.2
      vertex -26.4224 -16.2777 2.2
      vertex -26.4224 -16.2777 19.2
    endloop
  endfacet
  facet normal 0.857783 0.514012 0
    outer loop
      vertex -26.4224 -16.2777 2.2
      vertex -26.266 -16.5387 19.2
      vertex -26.266 -16.5387 2.2
    endloop
  endfacet
  facet normal -0.970046 0.242922 0
    outer loop
      vertex -32.0404 -17.3952 2.2
      vertex -31.9665 -17.1001 19.2
      vertex -31.9665 -17.1001 2.2
    endloop
  endfacet
  facet normal -0.970046 0.242922 0
    outer loop
      vertex -31.9665 -17.1001 19.2
      vertex -32.0404 -17.3952 2.2
      vertex -32.0404 -17.3952 19.2
    endloop
  endfacet
  facet normal -0.146942 0.989145 0
    outer loop
      vertex -29.3039 -14.9149 2.2
      vertex -29.6048 -14.9596 19.2
      vertex -29.3039 -14.9149 19.2
    endloop
  endfacet
  facet normal -0.146942 0.989145 0
    outer loop
      vertex -29.6048 -14.9596 19.2
      vertex -29.3039 -14.9149 2.2
      vertex -29.6048 -14.9596 2.2
    endloop
  endfacet
  facet normal -0.904072 -0.42738 0
    outer loop
      vertex -31.734 -19.4613 2.2
      vertex -31.864 -19.1863 19.2
      vertex -31.864 -19.1863 2.2
    endloop
  endfacet
  facet normal -0.904072 -0.42738 0
    outer loop
      vertex -31.864 -19.1863 19.2
      vertex -31.734 -19.4613 2.2
      vertex -31.734 -19.4613 19.2
    endloop
  endfacet
  facet normal -0.146942 -0.989145 0
    outer loop
      vertex -29.6048 -21.0404 2.2
      vertex -29.3039 -21.0851 19.2
      vertex -29.6048 -21.0404 19.2
    endloop
  endfacet
  facet normal -0.146942 -0.989145 -0
    outer loop
      vertex -29.3039 -21.0851 19.2
      vertex -29.6048 -21.0404 2.2
      vertex -29.3039 -21.0851 2.2
    endloop
  endfacet
  facet normal 0.146942 -0.989145 0
    outer loop
      vertex -28.6961 -21.0851 2.2
      vertex -28.3952 -21.0404 19.2
      vertex -28.6961 -21.0851 19.2
    endloop
  endfacet
  facet normal 0.146942 -0.989145 0
    outer loop
      vertex -28.3952 -21.0404 19.2
      vertex -28.6961 -21.0851 2.2
      vertex -28.3952 -21.0404 2.2
    endloop
  endfacet
  facet normal -0.336961 -0.941519 0
    outer loop
      vertex -30.1863 -20.864 2.2
      vertex -29.8999 -20.9665 19.2
      vertex -30.1863 -20.864 19.2
    endloop
  endfacet
  facet normal -0.336961 -0.941519 -0
    outer loop
      vertex -29.8999 -20.9665 19.2
      vertex -30.1863 -20.864 2.2
      vertex -29.8999 -20.9665 2.2
    endloop
  endfacet
  facet normal -0.671576 -0.740936 0
    outer loop
      vertex -31.192 -20.192 2.2
      vertex -30.9666 -20.3963 19.2
      vertex -31.192 -20.192 19.2
    endloop
  endfacet
  facet normal -0.671576 -0.740936 -0
    outer loop
      vertex -30.9666 -20.3963 19.2
      vertex -31.192 -20.192 2.2
      vertex -30.9666 -20.3963 2.2
    endloop
  endfacet
  facet normal 0.671576 -0.740936 0
    outer loop
      vertex -27.0334 -20.3963 2.2
      vertex -26.808 -20.192 19.2
      vertex -27.0334 -20.3963 19.2
    endloop
  endfacet
  facet normal 0.671576 -0.740936 0
    outer loop
      vertex -26.808 -20.192 19.2
      vertex -27.0334 -20.3963 2.2
      vertex -26.808 -20.192 2.2
    endloop
  endfacet
  facet normal -0.970046 -0.242922 0
    outer loop
      vertex -31.9665 -18.8999 2.2
      vertex -32.0404 -18.6048 19.2
      vertex -32.0404 -18.6048 2.2
    endloop
  endfacet
  facet normal -0.970046 -0.242922 0
    outer loop
      vertex -32.0404 -18.6048 19.2
      vertex -31.9665 -18.8999 2.2
      vertex -31.9665 -18.8999 19.2
    endloop
  endfacet
  facet normal -0.740936 -0.671576 0
    outer loop
      vertex -31.192 -20.192 2.2
      vertex -31.3963 -19.9666 19.2
      vertex -31.3963 -19.9666 2.2
    endloop
  endfacet
  facet normal -0.740936 -0.671576 0
    outer loop
      vertex -31.3963 -19.9666 19.2
      vertex -31.192 -20.192 2.2
      vertex -31.192 -20.192 19.2
    endloop
  endfacet
  facet normal -0.989145 0.146942 0
    outer loop
      vertex -32.0851 -17.6961 2.2
      vertex -32.0404 -17.3952 19.2
      vertex -32.0404 -17.3952 2.2
    endloop
  endfacet
  facet normal -0.989145 0.146942 0
    outer loop
      vertex -32.0404 -17.3952 19.2
      vertex -32.0851 -17.6961 2.2
      vertex -32.0851 -17.6961 19.2
    endloop
  endfacet
  facet normal 0.242922 0.970046 -0
    outer loop
      vertex -28.1001 -15.0335 2.2
      vertex -28.3952 -14.9596 19.2
      vertex -28.1001 -15.0335 19.2
    endloop
  endfacet
  facet normal 0.242922 0.970046 0
    outer loop
      vertex -28.3952 -14.9596 19.2
      vertex -28.1001 -15.0335 2.2
      vertex -28.3952 -14.9596 2.2
    endloop
  endfacet
  facet normal -0.9988 -0.0489705 0
    outer loop
      vertex -32.0851 -18.3039 2.2
      vertex -32.1 -18 19.2
      vertex -32.1 -18 2.2
    endloop
  endfacet
  facet normal -0.9988 -0.0489705 0
    outer loop
      vertex -32.1 -18 19.2
      vertex -32.0851 -18.3039 2.2
      vertex -32.0851 -18.3039 19.2
    endloop
  endfacet
  facet normal -0.941519 0.336961 0
    outer loop
      vertex -31.9665 -17.1001 2.2
      vertex -31.864 -16.8137 19.2
      vertex -31.864 -16.8137 2.2
    endloop
  endfacet
  facet normal -0.941519 0.336961 0
    outer loop
      vertex -31.864 -16.8137 19.2
      vertex -31.9665 -17.1001 2.2
      vertex -31.9665 -17.1001 19.2
    endloop
  endfacet
  facet normal 0.595943 -0.803027 0
    outer loop
      vertex -27.2777 -20.5776 2.2
      vertex -27.0334 -20.3963 19.2
      vertex -27.2777 -20.5776 19.2
    endloop
  endfacet
  facet normal 0.595943 -0.803027 0
    outer loop
      vertex -27.0334 -20.3963 19.2
      vertex -27.2777 -20.5776 2.2
      vertex -27.0334 -20.3963 2.2
    endloop
  endfacet
  facet normal -0.803027 0.595943 0
    outer loop
      vertex -31.5776 -16.2777 2.2
      vertex -31.3963 -16.0334 19.2
      vertex -31.3963 -16.0334 2.2
    endloop
  endfacet
  facet normal -0.803027 0.595943 0
    outer loop
      vertex -31.3963 -16.0334 19.2
      vertex -31.5776 -16.2777 2.2
      vertex -31.5776 -16.2777 19.2
    endloop
  endfacet
  facet normal -0.514012 -0.857783 0
    outer loop
      vertex -30.7223 -20.5776 2.2
      vertex -30.4613 -20.734 19.2
      vertex -30.7223 -20.5776 19.2
    endloop
  endfacet
  facet normal -0.514012 -0.857783 -0
    outer loop
      vertex -30.4613 -20.734 19.2
      vertex -30.7223 -20.5776 2.2
      vertex -30.4613 -20.734 2.2
    endloop
  endfacet
  facet normal -0.904072 0.42738 0
    outer loop
      vertex -31.864 -16.8137 2.2
      vertex -31.734 -16.5387 19.2
      vertex -31.734 -16.5387 2.2
    endloop
  endfacet
  facet normal -0.904072 0.42738 0
    outer loop
      vertex -31.734 -16.5387 19.2
      vertex -31.864 -16.8137 2.2
      vertex -31.864 -16.8137 19.2
    endloop
  endfacet
  facet normal 0.904072 -0.42738 0
    outer loop
      vertex -26.266 -19.4613 19.2
      vertex -26.136 -19.1863 2.2
      vertex -26.136 -19.1863 19.2
    endloop
  endfacet
  facet normal 0.904072 -0.42738 0
    outer loop
      vertex -26.136 -19.1863 2.2
      vertex -26.266 -19.4613 19.2
      vertex -26.266 -19.4613 2.2
    endloop
  endfacet
  facet normal -0.0489705 -0.9988 0
    outer loop
      vertex -29.3039 -21.0851 2.2
      vertex -29 -21.1 19.2
      vertex -29.3039 -21.0851 19.2
    endloop
  endfacet
  facet normal -0.0489705 -0.9988 -0
    outer loop
      vertex -29 -21.1 19.2
      vertex -29.3039 -21.0851 2.2
      vertex -29 -21.1 2.2
    endloop
  endfacet
  facet normal 0.146942 0.989145 -0
    outer loop
      vertex -28.3952 -14.9596 2.2
      vertex -28.6961 -14.9149 19.2
      vertex -28.3952 -14.9596 19.2
    endloop
  endfacet
  facet normal 0.146942 0.989145 0
    outer loop
      vertex -28.6961 -14.9149 19.2
      vertex -28.3952 -14.9596 2.2
      vertex -28.6961 -14.9149 2.2
    endloop
  endfacet
  facet normal -0.42738 -0.904072 0
    outer loop
      vertex -30.4613 -20.734 2.2
      vertex -30.1863 -20.864 19.2
      vertex -30.4613 -20.734 19.2
    endloop
  endfacet
  facet normal -0.42738 -0.904072 -0
    outer loop
      vertex -30.1863 -20.864 19.2
      vertex -30.4613 -20.734 2.2
      vertex -30.1863 -20.864 2.2
    endloop
  endfacet
  facet normal 0 0 -1
    outer loop
      vertex -27.7 -18 2.2
      vertex -25.9 -18 2.2
      vertex -25.9149 -18.3039 2.2
    endloop
  endfacet
  facet normal 0 0 -1
    outer loop
      vertex -27.7063 -18.1274 2.2
      vertex -25.9149 -18.3039 2.2
      vertex -25.9596 -18.6048 2.2
    endloop
  endfacet
  facet normal 0 0 -1
    outer loop
      vertex -25.9 -18 2.2
      vertex -27.7 -18 2.2
      vertex -25.9149 -17.6961 2.2
    endloop
  endfacet
  facet normal 0 0 -1
    outer loop
      vertex -27.725 -18.2536 2.2
      vertex -25.9596 -18.6048 2.2
      vertex -26.0335 -18.8999 2.2
    endloop
  endfacet
  facet normal 0 0 -1
    outer loop
      vertex -27.7063 -17.8726 2.2
      vertex -25.9149 -17.6961 2.2
      vertex -27.7 -18 2.2
    endloop
  endfacet
  facet normal 0 0 -1
    outer loop
      vertex -27.756 -18.3774 2.2
      vertex -26.0335 -18.8999 2.2
      vertex -26.136 -19.1863 2.2
    endloop
  endfacet
  facet normal -0 0 -1
    outer loop
      vertex -25.9149 -17.6961 2.2
      vertex -27.7063 -17.8726 2.2
      vertex -25.9596 -17.3952 2.2
    endloop
  endfacet
  facet normal 0 0 -1
    outer loop
      vertex -27.799 -18.4975 2.2
      vertex -26.136 -19.1863 2.2
      vertex -26.266 -19.4613 2.2
    endloop
  endfacet
  facet normal 0 0 -1
    outer loop
      vertex -27.725 -17.7464 2.2
      vertex -25.9596 -17.3952 2.2
      vertex -27.7063 -17.8726 2.2
    endloop
  endfacet
  facet normal 0 0 -1
    outer loop
      vertex -27.8535 -18.6128 2.2
      vertex -26.266 -19.4613 2.2
      vertex -26.4224 -19.7223 2.2
    endloop
  endfacet
  facet normal -0 0 -1
    outer loop
      vertex -25.9596 -17.3952 2.2
      vertex -27.725 -17.7464 2.2
      vertex -26.0335 -17.1001 2.2
    endloop
  endfacet
  facet normal 0 0 -1
    outer loop
      vertex -27.9191 -18.7222 2.2
      vertex -26.4224 -19.7223 2.2
      vertex -26.6037 -19.9666 2.2
    endloop
  endfacet
  facet normal 0 0 -1
    outer loop
      vertex -27.756 -17.6226 2.2
      vertex -26.0335 -17.1001 2.2
      vertex -27.725 -17.7464 2.2
    endloop
  endfacet
  facet normal 0 0 -1
    outer loop
      vertex -27.9951 -18.8247 2.2
      vertex -26.6037 -19.9666 2.2
      vertex -26.808 -20.192 2.2
    endloop
  endfacet
  facet normal -0 0 -1
    outer loop
      vertex -26.0335 -17.1001 2.2
      vertex -27.756 -17.6226 2.2
      vertex -26.136 -16.8137 2.2
    endloop
  endfacet
  facet normal 0 0 -1
    outer loop
      vertex -28.0808 -18.9192 2.2
      vertex -26.808 -20.192 2.2
      vertex -27.0334 -20.3963 2.2
    endloop
  endfacet
  facet normal 0 0 -1
    outer loop
      vertex -27.799 -17.5025 2.2
      vertex -26.136 -16.8137 2.2
      vertex -27.756 -17.6226 2.2
    endloop
  endfacet
  facet normal 0 0 -1
    outer loop
      vertex -28.1753 -19.0049 2.2
      vertex -27.0334 -20.3963 2.2
      vertex -27.2777 -20.5776 2.2
    endloop
  endfacet
  facet normal -0 0 -1
    outer loop
      vertex -26.136 -16.8137 2.2
      vertex -27.799 -17.5025 2.2
      vertex -26.266 -16.5387 2.2
    endloop
  endfacet
  facet normal 0 0 -1
    outer loop
      vertex -28.2778 -19.0809 2.2
      vertex -27.2777 -20.5776 2.2
      vertex -27.5387 -20.734 2.2
    endloop
  endfacet
  facet normal 0 0 -1
    outer loop
      vertex -27.8535 -17.3872 2.2
      vertex -26.266 -16.5387 2.2
      vertex -27.799 -17.5025 2.2
    endloop
  endfacet
  facet normal -0 0 -1
    outer loop
      vertex -26.266 -16.5387 2.2
      vertex -27.8535 -17.3872 2.2
      vertex -26.4224 -16.2777 2.2
    endloop
  endfacet
  facet normal 0 0 -1
    outer loop
      vertex -25.9149 -18.3039 2.2
      vertex -27.7063 -18.1274 2.2
      vertex -27.7 -18 2.2
    endloop
  endfacet
  facet normal 0 0 -1
    outer loop
      vertex -25.9596 -18.6048 2.2
      vertex -27.725 -18.2536 2.2
      vertex -27.7063 -18.1274 2.2
    endloop
  endfacet
  facet normal 0 0 -1
    outer loop
      vertex -26.0335 -18.8999 2.2
      vertex -27.756 -18.3774 2.2
      vertex -27.725 -18.2536 2.2
    endloop
  endfacet
  facet normal 0 0 -1
    outer loop
      vertex -26.136 -19.1863 2.2
      vertex -27.799 -18.4975 2.2
      vertex -27.756 -18.3774 2.2
    endloop
  endfacet
  facet normal 0 0 -1
    outer loop
      vertex -28.3872 -19.1465 2.2
      vertex -27.5387 -20.734 2.2
      vertex -27.8137 -20.864 2.2
    endloop
  endfacet
  facet normal 0 0 -1
    outer loop
      vertex -26.266 -19.4613 2.2
      vertex -27.8535 -18.6128 2.2
      vertex -27.799 -18.4975 2.2
    endloop
  endfacet
  facet normal 0 0 -1
    outer loop
      vertex -26.4224 -19.7223 2.2
      vertex -27.9191 -18.7222 2.2
      vertex -27.8535 -18.6128 2.2
    endloop
  endfacet
  facet normal 0 0 -1
    outer loop
      vertex -26.6037 -19.9666 2.2
      vertex -27.9951 -18.8247 2.2
      vertex -27.9191 -18.7222 2.2
    endloop
  endfacet
  facet normal 0 0 -1
    outer loop
      vertex -26.808 -20.192 2.2
      vertex -28.0808 -18.9192 2.2
      vertex -27.9951 -18.8247 2.2
    endloop
  endfacet
  facet normal 0 0 -1
    outer loop
      vertex -28.5025 -19.201 2.2
      vertex -27.8137 -20.864 2.2
      vertex -28.1001 -20.9665 2.2
    endloop
  endfacet
  facet normal 0 0 -1
    outer loop
      vertex -27.0334 -20.3963 2.2
      vertex -28.1753 -19.0049 2.2
      vertex -28.0808 -18.9192 2.2
    endloop
  endfacet
  facet normal 0 0 -1
    outer loop
      vertex -27.2777 -20.5776 2.2
      vertex -28.2778 -19.0809 2.2
      vertex -28.1753 -19.0049 2.2
    endloop
  endfacet
  facet normal 0 0 -1
    outer loop
      vertex -27.5387 -20.734 2.2
      vertex -28.3872 -19.1465 2.2
      vertex -28.2778 -19.0809 2.2
    endloop
  endfacet
  facet normal 0 0 -1
    outer loop
      vertex -28.6226 -19.244 2.2
      vertex -28.1001 -20.9665 2.2
      vertex -28.3952 -21.0404 2.2
    endloop
  endfacet
  facet normal 0 0 -1
    outer loop
      vertex -27.8137 -20.864 2.2
      vertex -28.5025 -19.201 2.2
      vertex -28.3872 -19.1465 2.2
    endloop
  endfacet
  facet normal 0 0 -1
    outer loop
      vertex -28.1001 -20.9665 2.2
      vertex -28.6226 -19.244 2.2
      vertex -28.5025 -19.201 2.2
    endloop
  endfacet
  facet normal 0 0 -1
    outer loop
      vertex -28.7464 -19.275 2.2
      vertex -28.3952 -21.0404 2.2
      vertex -28.6961 -21.0851 2.2
    endloop
  endfacet
  facet normal 0 0 -1
    outer loop
      vertex -28.3952 -21.0404 2.2
      vertex -28.7464 -19.275 2.2
      vertex -28.6226 -19.244 2.2
    endloop
  endfacet
  facet normal 0 0 -1
    outer loop
      vertex -28.6961 -21.0851 2.2
      vertex -28.8726 -19.2937 2.2
      vertex -28.7464 -19.275 2.2
    endloop
  endfacet
  facet normal 0 0 -1
    outer loop
      vertex -29 -21.1 2.2
      vertex -28.8726 -19.2937 2.2
      vertex -28.6961 -21.0851 2.2
    endloop
  endfacet
  facet normal 0 0 -1
    outer loop
      vertex -29 -21.1 2.2
      vertex -29 -19.3 2.2
      vertex -28.8726 -19.2937 2.2
    endloop
  endfacet
  facet normal 0 0 -1
    outer loop
      vertex -29 -21.1 2.2
      vertex -29.1274 -19.2937 2.2
      vertex -29 -19.3 2.2
    endloop
  endfacet
  facet normal 0 0 -1
    outer loop
      vertex -29.3039 -21.0851 2.2
      vertex -29.1274 -19.2937 2.2
      vertex -29 -21.1 2.2
    endloop
  endfacet
  facet normal -0 0 -1
    outer loop
      vertex -29.1274 -19.2937 2.2
      vertex -29.3039 -21.0851 2.2
      vertex -29.2536 -19.275 2.2
    endloop
  endfacet
  facet normal 0 0 -1
    outer loop
      vertex -29.6048 -21.0404 2.2
      vertex -29.2536 -19.275 2.2
      vertex -29.3039 -21.0851 2.2
    endloop
  endfacet
  facet normal -0 0 -1
    outer loop
      vertex -29.2536 -19.275 2.2
      vertex -29.6048 -21.0404 2.2
      vertex -29.3774 -19.244 2.2
    endloop
  endfacet
  facet normal 0 0 -1
    outer loop
      vertex -29.8999 -20.9665 2.2
      vertex -29.3774 -19.244 2.2
      vertex -29.6048 -21.0404 2.2
    endloop
  endfacet
  facet normal -0 0 -1
    outer loop
      vertex -29.3774 -19.244 2.2
      vertex -29.8999 -20.9665 2.2
      vertex -29.4975 -19.201 2.2
    endloop
  endfacet
  facet normal 0 0 -1
    outer loop
      vertex -30.1863 -20.864 2.2
      vertex -29.4975 -19.201 2.2
      vertex -29.8999 -20.9665 2.2
    endloop
  endfacet
  facet normal -0 0 -1
    outer loop
      vertex -29.4975 -19.201 2.2
      vertex -30.1863 -20.864 2.2
      vertex -29.6128 -19.1465 2.2
    endloop
  endfacet
  facet normal 0 0 -1
    outer loop
      vertex -30.4613 -20.734 2.2
      vertex -29.6128 -19.1465 2.2
      vertex -30.1863 -20.864 2.2
    endloop
  endfacet
  facet normal -0 0 -1
    outer loop
      vertex -29.6128 -19.1465 2.2
      vertex -30.4613 -20.734 2.2
      vertex -29.7222 -19.0809 2.2
    endloop
  endfacet
  facet normal 0 0 -1
    outer loop
      vertex -30.7223 -20.5776 2.2
      vertex -29.7222 -19.0809 2.2
      vertex -30.4613 -20.734 2.2
    endloop
  endfacet
  facet normal -0 0 -1
    outer loop
      vertex -29.7222 -19.0809 2.2
      vertex -30.7223 -20.5776 2.2
      vertex -29.8247 -19.0049 2.2
    endloop
  endfacet
  facet normal 0 0 -1
    outer loop
      vertex -30.9666 -20.3963 2.2
      vertex -29.8247 -19.0049 2.2
      vertex -30.7223 -20.5776 2.2
    endloop
  endfacet
  facet normal -0 0 -1
    outer loop
      vertex -29.8247 -19.0049 2.2
      vertex -30.9666 -20.3963 2.2
      vertex -29.9192 -18.9192 2.2
    endloop
  endfacet
  facet normal 0 0 -1
    outer loop
      vertex -31.192 -20.192 2.2
      vertex -29.9192 -18.9192 2.2
      vertex -30.9666 -20.3963 2.2
    endloop
  endfacet
  facet normal -0 0 -1
    outer loop
      vertex -29.9192 -18.9192 2.2
      vertex -31.192 -20.192 2.2
      vertex -30.0049 -18.8247 2.2
    endloop
  endfacet
  facet normal 0 0 -1
    outer loop
      vertex -31.3963 -19.9666 2.2
      vertex -30.0049 -18.8247 2.2
      vertex -31.192 -20.192 2.2
    endloop
  endfacet
  facet normal -0 0 -1
    outer loop
      vertex -30.0049 -18.8247 2.2
      vertex -31.3963 -19.9666 2.2
      vertex -30.0809 -18.7222 2.2
    endloop
  endfacet
  facet normal 0 0 -1
    outer loop
      vertex -31.5776 -19.7223 2.2
      vertex -30.0809 -18.7222 2.2
      vertex -31.3963 -19.9666 2.2
    endloop
  endfacet
  facet normal -0 0 -1
    outer loop
      vertex -30.0809 -18.7222 2.2
      vertex -31.5776 -19.7223 2.2
      vertex -30.1465 -18.6128 2.2
    endloop
  endfacet
  facet normal 0 0 -1
    outer loop
      vertex -27.9191 -17.2778 2.2
      vertex -26.4224 -16.2777 2.2
      vertex -27.8535 -17.3872 2.2
    endloop
  endfacet
  facet normal -0 0 -1
    outer loop
      vertex -26.4224 -16.2777 2.2
      vertex -27.9191 -17.2778 2.2
      vertex -26.6037 -16.0334 2.2
    endloop
  endfacet
  facet normal 0 0 -1
    outer loop
      vertex -27.9951 -17.1753 2.2
      vertex -26.6037 -16.0334 2.2
      vertex -27.9191 -17.2778 2.2
    endloop
  endfacet
  facet normal -0 0 -1
    outer loop
      vertex -26.6037 -16.0334 2.2
      vertex -27.9951 -17.1753 2.2
      vertex -26.808 -15.808 2.2
    endloop
  endfacet
  facet normal 0 0 -1
    outer loop
      vertex -28.0808 -17.0808 2.2
      vertex -26.808 -15.808 2.2
      vertex -27.9951 -17.1753 2.2
    endloop
  endfacet
  facet normal -0 0 -1
    outer loop
      vertex -26.808 -15.808 2.2
      vertex -28.0808 -17.0808 2.2
      vertex -27.0334 -15.6037 2.2
    endloop
  endfacet
  facet normal 0 0 -1
    outer loop
      vertex -28.1753 -16.9951 2.2
      vertex -27.0334 -15.6037 2.2
      vertex -28.0808 -17.0808 2.2
    endloop
  endfacet
  facet normal -0 0 -1
    outer loop
      vertex -27.0334 -15.6037 2.2
      vertex -28.1753 -16.9951 2.2
      vertex -27.2777 -15.4224 2.2
    endloop
  endfacet
  facet normal 0 0 -1
    outer loop
      vertex -28.2778 -16.9191 2.2
      vertex -27.2777 -15.4224 2.2
      vertex -28.1753 -16.9951 2.2
    endloop
  endfacet
  facet normal -0 0 -1
    outer loop
      vertex -27.2777 -15.4224 2.2
      vertex -28.2778 -16.9191 2.2
      vertex -27.5387 -15.266 2.2
    endloop
  endfacet
  facet normal 0 0 -1
    outer loop
      vertex -28.3872 -16.8535 2.2
      vertex -27.5387 -15.266 2.2
      vertex -28.2778 -16.9191 2.2
    endloop
  endfacet
  facet normal -0 0 -1
    outer loop
      vertex -27.5387 -15.266 2.2
      vertex -28.3872 -16.8535 2.2
      vertex -27.8137 -15.136 2.2
    endloop
  endfacet
  facet normal 0 0 -1
    outer loop
      vertex -28.5025 -16.799 2.2
      vertex -27.8137 -15.136 2.2
      vertex -28.3872 -16.8535 2.2
    endloop
  endfacet
  facet normal -0 0 -1
    outer loop
      vertex -27.8137 -15.136 2.2
      vertex -28.5025 -16.799 2.2
      vertex -28.1001 -15.0335 2.2
    endloop
  endfacet
  facet normal 0 0 -1
    outer loop
      vertex -28.6226 -16.756 2.2
      vertex -28.1001 -15.0335 2.2
      vertex -28.5025 -16.799 2.2
    endloop
  endfacet
  facet normal -0 0 -1
    outer loop
      vertex -28.1001 -15.0335 2.2
      vertex -28.6226 -16.756 2.2
      vertex -28.3952 -14.9596 2.2
    endloop
  endfacet
  facet normal 0 0 -1
    outer loop
      vertex -28.7464 -16.725 2.2
      vertex -28.3952 -14.9596 2.2
      vertex -28.6226 -16.756 2.2
    endloop
  endfacet
  facet normal -0 0 -1
    outer loop
      vertex -28.3952 -14.9596 2.2
      vertex -28.7464 -16.725 2.2
      vertex -28.6961 -14.9149 2.2
    endloop
  endfacet
  facet normal 0 0 -1
    outer loop
      vertex -28.8726 -16.7063 2.2
      vertex -28.6961 -14.9149 2.2
      vertex -28.7464 -16.725 2.2
    endloop
  endfacet
  facet normal 0 0 -1
    outer loop
      vertex -29 -16.7 2.2
      vertex -28.6961 -14.9149 2.2
      vertex -28.8726 -16.7063 2.2
    endloop
  endfacet
  facet normal 0 0 -1
    outer loop
      vertex -29 -16.7 2.2
      vertex -29 -14.9 2.2
      vertex -28.6961 -14.9149 2.2
    endloop
  endfacet
  facet normal 0 0 -1
    outer loop
      vertex -29.1274 -16.7063 2.2
      vertex -29 -14.9 2.2
      vertex -29 -16.7 2.2
    endloop
  endfacet
  facet normal 0 0 -1
    outer loop
      vertex -29.3039 -14.9149 2.2
      vertex -29.1274 -16.7063 2.2
      vertex -29.2536 -16.725 2.2
    endloop
  endfacet
  facet normal 0 0 -1
    outer loop
      vertex -29.1274 -16.7063 2.2
      vertex -29.3039 -14.9149 2.2
      vertex -29 -14.9 2.2
    endloop
  endfacet
  facet normal 0 0 -1
    outer loop
      vertex -29.6048 -14.9596 2.2
      vertex -29.2536 -16.725 2.2
      vertex -29.3774 -16.756 2.2
    endloop
  endfacet
  facet normal 0 0 -1
    outer loop
      vertex -29.8999 -15.0335 2.2
      vertex -29.3774 -16.756 2.2
      vertex -29.4975 -16.799 2.2
    endloop
  endfacet
  facet normal 0 0 -1
    outer loop
      vertex -29.2536 -16.725 2.2
      vertex -29.6048 -14.9596 2.2
      vertex -29.3039 -14.9149 2.2
    endloop
  endfacet
  facet normal 0 0 -1
    outer loop
      vertex -30.1863 -15.136 2.2
      vertex -29.4975 -16.799 2.2
      vertex -29.6128 -16.8535 2.2
    endloop
  endfacet
  facet normal 0 0 -1
    outer loop
      vertex -30.4613 -15.266 2.2
      vertex -29.6128 -16.8535 2.2
      vertex -29.7222 -16.9191 2.2
    endloop
  endfacet
  facet normal 0 0 -1
    outer loop
      vertex -30.7223 -15.4224 2.2
      vertex -29.7222 -16.9191 2.2
      vertex -29.8247 -16.9951 2.2
    endloop
  endfacet
  facet normal 0 0 -1
    outer loop
      vertex -29.3774 -16.756 2.2
      vertex -29.8999 -15.0335 2.2
      vertex -29.6048 -14.9596 2.2
    endloop
  endfacet
  facet normal 0 0 -1
    outer loop
      vertex -30.9666 -15.6037 2.2
      vertex -29.8247 -16.9951 2.2
      vertex -29.9192 -17.0808 2.2
    endloop
  endfacet
  facet normal 0 0 -1
    outer loop
      vertex -31.192 -15.808 2.2
      vertex -29.9192 -17.0808 2.2
      vertex -30.0049 -17.1753 2.2
    endloop
  endfacet
  facet normal 0 0 -1
    outer loop
      vertex -31.3963 -16.0334 2.2
      vertex -30.0049 -17.1753 2.2
      vertex -30.0809 -17.2778 2.2
    endloop
  endfacet
  facet normal 0 0 -1
    outer loop
      vertex -31.5776 -16.2777 2.2
      vertex -30.0809 -17.2778 2.2
      vertex -30.1465 -17.3872 2.2
    endloop
  endfacet
  facet normal 0 0 -1
    outer loop
      vertex -29.4975 -16.799 2.2
      vertex -30.1863 -15.136 2.2
      vertex -29.8999 -15.0335 2.2
    endloop
  endfacet
  facet normal 0 0 -1
    outer loop
      vertex -31.734 -16.5387 2.2
      vertex -30.1465 -17.3872 2.2
      vertex -30.201 -17.5025 2.2
    endloop
  endfacet
  facet normal 0 0 -1
    outer loop
      vertex -31.864 -16.8137 2.2
      vertex -30.201 -17.5025 2.2
      vertex -30.244 -17.6226 2.2
    endloop
  endfacet
  facet normal 0 0 -1
    outer loop
      vertex -31.9665 -17.1001 2.2
      vertex -30.244 -17.6226 2.2
      vertex -30.275 -17.7464 2.2
    endloop
  endfacet
  facet normal 0 0 -1
    outer loop
      vertex -32.0404 -17.3952 2.2
      vertex -30.275 -17.7464 2.2
      vertex -30.2937 -17.8726 2.2
    endloop
  endfacet
  facet normal 0 0 -1
    outer loop
      vertex -32.0851 -17.6961 2.2
      vertex -30.2937 -17.8726 2.2
      vertex -30.3 -18 2.2
    endloop
  endfacet
  facet normal 0 0 -1
    outer loop
      vertex -31.734 -19.4613 2.2
      vertex -30.1465 -18.6128 2.2
      vertex -31.5776 -19.7223 2.2
    endloop
  endfacet
  facet normal 0 0 -1
    outer loop
      vertex -29.6128 -16.8535 2.2
      vertex -30.4613 -15.266 2.2
      vertex -30.1863 -15.136 2.2
    endloop
  endfacet
  facet normal -0 0 -1
    outer loop
      vertex -30.1465 -18.6128 2.2
      vertex -31.734 -19.4613 2.2
      vertex -30.201 -18.4975 2.2
    endloop
  endfacet
  facet normal 0 0 -1
    outer loop
      vertex -29.7222 -16.9191 2.2
      vertex -30.7223 -15.4224 2.2
      vertex -30.4613 -15.266 2.2
    endloop
  endfacet
  facet normal 0 0 -1
    outer loop
      vertex -31.864 -19.1863 2.2
      vertex -30.201 -18.4975 2.2
      vertex -31.734 -19.4613 2.2
    endloop
  endfacet
  facet normal 0 0 -1
    outer loop
      vertex -29.8247 -16.9951 2.2
      vertex -30.9666 -15.6037 2.2
      vertex -30.7223 -15.4224 2.2
    endloop
  endfacet
  facet normal -0 0 -1
    outer loop
      vertex -30.201 -18.4975 2.2
      vertex -31.864 -19.1863 2.2
      vertex -30.244 -18.3774 2.2
    endloop
  endfacet
  facet normal 0 0 -1
    outer loop
      vertex -29.9192 -17.0808 2.2
      vertex -31.192 -15.808 2.2
      vertex -30.9666 -15.6037 2.2
    endloop
  endfacet
  facet normal 0 0 -1
    outer loop
      vertex -31.9665 -18.8999 2.2
      vertex -30.244 -18.3774 2.2
      vertex -31.864 -19.1863 2.2
    endloop
  endfacet
  facet normal 0 0 -1
    outer loop
      vertex -30.0049 -17.1753 2.2
      vertex -31.3963 -16.0334 2.2
      vertex -31.192 -15.808 2.2
    endloop
  endfacet
  facet normal -0 0 -1
    outer loop
      vertex -30.244 -18.3774 2.2
      vertex -31.9665 -18.8999 2.2
      vertex -30.275 -18.2536 2.2
    endloop
  endfacet
  facet normal 0 0 -1
    outer loop
      vertex -30.0809 -17.2778 2.2
      vertex -31.5776 -16.2777 2.2
      vertex -31.3963 -16.0334 2.2
    endloop
  endfacet
  facet normal 0 0 -1
    outer loop
      vertex -32.0404 -18.6048 2.2
      vertex -30.275 -18.2536 2.2
      vertex -31.9665 -18.8999 2.2
    endloop
  endfacet
  facet normal 0 0 -1
    outer loop
      vertex -30.1465 -17.3872 2.2
      vertex -31.734 -16.5387 2.2
      vertex -31.5776 -16.2777 2.2
    endloop
  endfacet
  facet normal -0 0 -1
    outer loop
      vertex -30.275 -18.2536 2.2
      vertex -32.0404 -18.6048 2.2
      vertex -30.2937 -18.1274 2.2
    endloop
  endfacet
  facet normal 0 0 -1
    outer loop
      vertex -30.201 -17.5025 2.2
      vertex -31.864 -16.8137 2.2
      vertex -31.734 -16.5387 2.2
    endloop
  endfacet
  facet normal 0 0 -1
    outer loop
      vertex -32.0851 -18.3039 2.2
      vertex -30.2937 -18.1274 2.2
      vertex -32.0404 -18.6048 2.2
    endloop
  endfacet
  facet normal 0 0 -1
    outer loop
      vertex -30.244 -17.6226 2.2
      vertex -31.9665 -17.1001 2.2
      vertex -31.864 -16.8137 2.2
    endloop
  endfacet
  facet normal -0 0 -1
    outer loop
      vertex -30.2937 -18.1274 2.2
      vertex -32.0851 -18.3039 2.2
      vertex -30.3 -18 2.2
    endloop
  endfacet
  facet normal 0 0 -1
    outer loop
      vertex -30.275 -17.7464 2.2
      vertex -32.0404 -17.3952 2.2
      vertex -31.9665 -17.1001 2.2
    endloop
  endfacet
  facet normal 0 0 -1
    outer loop
      vertex -32.1 -18 2.2
      vertex -30.3 -18 2.2
      vertex -32.0851 -18.3039 2.2
    endloop
  endfacet
  facet normal 0 0 -1
    outer loop
      vertex -30.2937 -17.8726 2.2
      vertex -32.0851 -17.6961 2.2
      vertex -32.0404 -17.3952 2.2
    endloop
  endfacet
  facet normal 0 0 -1
    outer loop
      vertex -30.3 -18 2.2
      vertex -32.1 -18 2.2
      vertex -32.0851 -17.6961 2.2
    endloop
  endfacet
  facet normal 0.427345 0.904089 -0
    outer loop
      vertex -29.4975 -19.201 2.2
      vertex -29.6128 -19.1465 19.2
      vertex -29.4975 -19.201 19.2
    endloop
  endfacet
  facet normal 0.427345 0.904089 0
    outer loop
      vertex -29.6128 -19.1465 19.2
      vertex -29.4975 -19.201 2.2
      vertex -29.6128 -19.1465 2.2
    endloop
  endfacet
  facet normal -0.989199 -0.146577 0
    outer loop
      vertex -27.7063 -17.8726 2.2
      vertex -27.725 -17.7464 19.2
      vertex -27.725 -17.7464 2.2
    endloop
  endfacet
  facet normal -0.989199 -0.146577 0
    outer loop
      vertex -27.725 -17.7464 19.2
      vertex -27.7063 -17.8726 2.2
      vertex -27.7063 -17.8726 19.2
    endloop
  endfacet
  facet normal -0.99878 -0.0493902 0
    outer loop
      vertex -27.7 -18 2.2
      vertex -27.7063 -17.8726 19.2
      vertex -27.7063 -17.8726 2.2
    endloop
  endfacet
  facet normal -0.99878 -0.0493902 0
    outer loop
      vertex -27.7063 -17.8726 19.2
      vertex -27.7 -18 2.2
      vertex -27.7 -18 19.2
    endloop
  endfacet
  facet normal -0.97005 -0.242904 0
    outer loop
      vertex -27.725 -17.7464 2.2
      vertex -27.756 -17.6226 19.2
      vertex -27.756 -17.6226 2.2
    endloop
  endfacet
  facet normal -0.97005 -0.242904 0
    outer loop
      vertex -27.756 -17.6226 19.2
      vertex -27.725 -17.7464 2.2
      vertex -27.725 -17.7464 19.2
    endloop
  endfacet
  facet normal -0.427345 0.904089 0
    outer loop
      vertex -28.3872 -19.1465 2.2
      vertex -28.5025 -19.201 19.2
      vertex -28.3872 -19.1465 19.2
    endloop
  endfacet
  facet normal -0.427345 0.904089 0
    outer loop
      vertex -28.5025 -19.201 19.2
      vertex -28.3872 -19.1465 2.2
      vertex -28.5025 -19.201 2.2
    endloop
  endfacet
  facet normal 0.146577 -0.989199 0
    outer loop
      vertex -29.2536 -16.725 2.2
      vertex -29.1274 -16.7063 19.2
      vertex -29.2536 -16.725 19.2
    endloop
  endfacet
  facet normal 0.146577 -0.989199 0
    outer loop
      vertex -29.1274 -16.7063 19.2
      vertex -29.2536 -16.725 2.2
      vertex -29.1274 -16.7063 2.2
    endloop
  endfacet
  facet normal 0.941476 0.337081 0
    outer loop
      vertex -30.201 -18.4975 19.2
      vertex -30.244 -18.3774 2.2
      vertex -30.244 -18.3774 19.2
    endloop
  endfacet
  facet normal 0.941476 0.337081 0
    outer loop
      vertex -30.244 -18.3774 2.2
      vertex -30.201 -18.4975 19.2
      vertex -30.201 -18.4975 2.2
    endloop
  endfacet
  facet normal -0.514265 -0.857631 0
    outer loop
      vertex -28.3872 -16.8535 2.2
      vertex -28.2778 -16.9191 19.2
      vertex -28.3872 -16.8535 19.2
    endloop
  endfacet
  facet normal -0.514265 -0.857631 -0
    outer loop
      vertex -28.2778 -16.9191 19.2
      vertex -28.3872 -16.8535 2.2
      vertex -28.2778 -16.9191 2.2
    endloop
  endfacet
  facet normal 0.242904 0.97005 -0
    outer loop
      vertex -29.2536 -19.275 2.2
      vertex -29.3774 -19.244 19.2
      vertex -29.2536 -19.275 19.2
    endloop
  endfacet
  facet normal 0.242904 0.97005 0
    outer loop
      vertex -29.3774 -19.244 19.2
      vertex -29.2536 -19.275 2.2
      vertex -29.3774 -19.244 2.2
    endloop
  endfacet
  facet normal -0.242904 0.97005 0
    outer loop
      vertex -28.6226 -19.244 2.2
      vertex -28.7464 -19.275 19.2
      vertex -28.6226 -19.244 19.2
    endloop
  endfacet
  facet normal -0.242904 0.97005 0
    outer loop
      vertex -28.7464 -19.275 19.2
      vertex -28.6226 -19.244 2.2
      vertex -28.7464 -19.275 2.2
    endloop
  endfacet
  facet normal 0.514265 -0.857631 0
    outer loop
      vertex -29.7222 -16.9191 2.2
      vertex -29.6128 -16.8535 19.2
      vertex -29.7222 -16.9191 19.2
    endloop
  endfacet
  facet normal 0.514265 -0.857631 0
    outer loop
      vertex -29.6128 -16.8535 19.2
      vertex -29.7222 -16.9191 2.2
      vertex -29.6128 -16.8535 2.2
    endloop
  endfacet
  facet normal 0.595602 -0.803279 0
    outer loop
      vertex -29.8247 -16.9951 2.2
      vertex -29.7222 -16.9191 19.2
      vertex -29.8247 -16.9951 19.2
    endloop
  endfacet
  facet normal 0.595602 -0.803279 0
    outer loop
      vertex -29.7222 -16.9191 19.2
      vertex -29.8247 -16.9951 2.2
      vertex -29.7222 -16.9191 2.2
    endloop
  endfacet
  facet normal -0.146577 -0.989199 0
    outer loop
      vertex -28.8726 -16.7063 2.2
      vertex -28.7464 -16.725 19.2
      vertex -28.8726 -16.7063 19.2
    endloop
  endfacet
  facet normal -0.146577 -0.989199 -0
    outer loop
      vertex -28.7464 -16.725 19.2
      vertex -28.8726 -16.7063 2.2
      vertex -28.7464 -16.725 2.2
    endloop
  endfacet
  facet normal -0.0493902 0.99878 0
    outer loop
      vertex -28.8726 -19.2937 2.2
      vertex -29 -19.3 19.2
      vertex -28.8726 -19.2937 19.2
    endloop
  endfacet
  facet normal -0.0493902 0.99878 0
    outer loop
      vertex -29 -19.3 19.2
      vertex -28.8726 -19.2937 2.2
      vertex -29 -19.3 2.2
    endloop
  endfacet
  facet normal 0.514265 0.857631 -0
    outer loop
      vertex -29.6128 -19.1465 2.2
      vertex -29.7222 -19.0809 19.2
      vertex -29.6128 -19.1465 19.2
    endloop
  endfacet
  facet normal 0.514265 0.857631 0
    outer loop
      vertex -29.7222 -19.0809 19.2
      vertex -29.6128 -19.1465 2.2
      vertex -29.7222 -19.0809 2.2
    endloop
  endfacet
  facet normal 0.989199 -0.146577 0
    outer loop
      vertex -30.2937 -17.8726 19.2
      vertex -30.275 -17.7464 2.2
      vertex -30.275 -17.7464 19.2
    endloop
  endfacet
  facet normal 0.989199 -0.146577 0
    outer loop
      vertex -30.275 -17.7464 2.2
      vertex -30.2937 -17.8726 19.2
      vertex -30.2937 -17.8726 2.2
    endloop
  endfacet
  facet normal -0.904089 -0.427345 0
    outer loop
      vertex -27.799 -17.5025 2.2
      vertex -27.8535 -17.3872 19.2
      vertex -27.8535 -17.3872 2.2
    endloop
  endfacet
  facet normal -0.904089 -0.427345 0
    outer loop
      vertex -27.8535 -17.3872 19.2
      vertex -27.799 -17.5025 2.2
      vertex -27.799 -17.5025 19.2
    endloop
  endfacet
  facet normal 0.146577 0.989199 -0
    outer loop
      vertex -29.1274 -19.2937 2.2
      vertex -29.2536 -19.275 19.2
      vertex -29.1274 -19.2937 19.2
    endloop
  endfacet
  facet normal 0.146577 0.989199 0
    outer loop
      vertex -29.2536 -19.275 19.2
      vertex -29.1274 -19.2937 2.2
      vertex -29.2536 -19.275 2.2
    endloop
  endfacet
  facet normal -0.514265 0.857631 0
    outer loop
      vertex -28.2778 -19.0809 2.2
      vertex -28.3872 -19.1465 19.2
      vertex -28.2778 -19.0809 19.2
    endloop
  endfacet
  facet normal -0.514265 0.857631 0
    outer loop
      vertex -28.3872 -19.1465 19.2
      vertex -28.2778 -19.0809 2.2
      vertex -28.3872 -19.1465 2.2
    endloop
  endfacet
  facet normal 0.904089 0.427345 0
    outer loop
      vertex -30.1465 -18.6128 19.2
      vertex -30.201 -18.4975 2.2
      vertex -30.201 -18.4975 19.2
    endloop
  endfacet
  facet normal 0.904089 0.427345 0
    outer loop
      vertex -30.201 -18.4975 2.2
      vertex -30.1465 -18.6128 19.2
      vertex -30.1465 -18.6128 2.2
    endloop
  endfacet
  facet normal -0.989199 0.146577 0
    outer loop
      vertex -27.725 -18.2536 2.2
      vertex -27.7063 -18.1274 19.2
      vertex -27.7063 -18.1274 2.2
    endloop
  endfacet
  facet normal -0.989199 0.146577 0
    outer loop
      vertex -27.7063 -18.1274 19.2
      vertex -27.725 -18.2536 2.2
      vertex -27.725 -18.2536 19.2
    endloop
  endfacet
  facet normal -0.595602 -0.803279 0
    outer loop
      vertex -28.2778 -16.9191 2.2
      vertex -28.1753 -16.9951 19.2
      vertex -28.2778 -16.9191 19.2
    endloop
  endfacet
  facet normal -0.595602 -0.803279 -0
    outer loop
      vertex -28.1753 -16.9951 19.2
      vertex -28.2778 -16.9191 2.2
      vertex -28.1753 -16.9951 2.2
    endloop
  endfacet
  facet normal -0.803279 0.595602 0
    outer loop
      vertex -27.9951 -18.8247 2.2
      vertex -27.9191 -18.7222 19.2
      vertex -27.9191 -18.7222 2.2
    endloop
  endfacet
  facet normal -0.803279 0.595602 0
    outer loop
      vertex -27.9191 -18.7222 19.2
      vertex -27.9951 -18.8247 2.2
      vertex -27.9951 -18.8247 19.2
    endloop
  endfacet
  facet normal 0.941476 -0.337081 0
    outer loop
      vertex -30.244 -17.6226 19.2
      vertex -30.201 -17.5025 2.2
      vertex -30.201 -17.5025 19.2
    endloop
  endfacet
  facet normal 0.941476 -0.337081 0
    outer loop
      vertex -30.201 -17.5025 2.2
      vertex -30.244 -17.6226 19.2
      vertex -30.244 -17.6226 2.2
    endloop
  endfacet
  facet normal -0.803279 -0.595602 0
    outer loop
      vertex -27.9191 -17.2778 2.2
      vertex -27.9951 -17.1753 19.2
      vertex -27.9951 -17.1753 2.2
    endloop
  endfacet
  facet normal -0.803279 -0.595602 0
    outer loop
      vertex -27.9951 -17.1753 19.2
      vertex -27.9191 -17.2778 2.2
      vertex -27.9191 -17.2778 19.2
    endloop
  endfacet
  facet normal 0.0493902 -0.99878 0
    outer loop
      vertex -29.1274 -16.7063 2.2
      vertex -29 -16.7 19.2
      vertex -29.1274 -16.7063 19.2
    endloop
  endfacet
  facet normal 0.0493902 -0.99878 0
    outer loop
      vertex -29 -16.7 19.2
      vertex -29.1274 -16.7063 2.2
      vertex -29 -16.7 2.2
    endloop
  endfacet
  facet normal 0.97005 0.242904 0
    outer loop
      vertex -30.244 -18.3774 19.2
      vertex -30.275 -18.2536 2.2
      vertex -30.275 -18.2536 19.2
    endloop
  endfacet
  facet normal 0.97005 0.242904 0
    outer loop
      vertex -30.275 -18.2536 2.2
      vertex -30.244 -18.3774 19.2
      vertex -30.244 -18.3774 2.2
    endloop
  endfacet
  facet normal 0.337081 -0.941476 0
    outer loop
      vertex -29.4975 -16.799 2.2
      vertex -29.3774 -16.756 19.2
      vertex -29.4975 -16.799 19.2
    endloop
  endfacet
  facet normal 0.337081 -0.941476 0
    outer loop
      vertex -29.3774 -16.756 19.2
      vertex -29.4975 -16.799 2.2
      vertex -29.3774 -16.756 2.2
    endloop
  endfacet
  facet normal -0.904089 0.427345 0
    outer loop
      vertex -27.8535 -18.6128 2.2
      vertex -27.799 -18.4975 19.2
      vertex -27.799 -18.4975 2.2
    endloop
  endfacet
  facet normal -0.904089 0.427345 0
    outer loop
      vertex -27.799 -18.4975 19.2
      vertex -27.8535 -18.6128 2.2
      vertex -27.8535 -18.6128 19.2
    endloop
  endfacet
  facet normal 0.740755 -0.671775 0
    outer loop
      vertex -30.0049 -17.1753 19.2
      vertex -29.9192 -17.0808 2.2
      vertex -29.9192 -17.0808 19.2
    endloop
  endfacet
  facet normal 0.740755 -0.671775 0
    outer loop
      vertex -29.9192 -17.0808 2.2
      vertex -30.0049 -17.1753 19.2
      vertex -30.0049 -17.1753 2.2
    endloop
  endfacet
  facet normal 0.857631 -0.514265 0
    outer loop
      vertex -30.1465 -17.3872 19.2
      vertex -30.0809 -17.2778 2.2
      vertex -30.0809 -17.2778 19.2
    endloop
  endfacet
  facet normal 0.857631 -0.514265 0
    outer loop
      vertex -30.0809 -17.2778 2.2
      vertex -30.1465 -17.3872 19.2
      vertex -30.1465 -17.3872 2.2
    endloop
  endfacet
  facet normal -0.146577 0.989199 0
    outer loop
      vertex -28.7464 -19.275 2.2
      vertex -28.8726 -19.2937 19.2
      vertex -28.7464 -19.275 19.2
    endloop
  endfacet
  facet normal -0.146577 0.989199 0
    outer loop
      vertex -28.8726 -19.2937 19.2
      vertex -28.7464 -19.275 2.2
      vertex -28.8726 -19.2937 2.2
    endloop
  endfacet
  facet normal -0.857631 -0.514265 0
    outer loop
      vertex -27.8535 -17.3872 2.2
      vertex -27.9191 -17.2778 19.2
      vertex -27.9191 -17.2778 2.2
    endloop
  endfacet
  facet normal -0.857631 -0.514265 0
    outer loop
      vertex -27.9191 -17.2778 19.2
      vertex -27.8535 -17.3872 2.2
      vertex -27.8535 -17.3872 19.2
    endloop
  endfacet
  facet normal -0.941476 -0.337081 0
    outer loop
      vertex -27.756 -17.6226 2.2
      vertex -27.799 -17.5025 19.2
      vertex -27.799 -17.5025 2.2
    endloop
  endfacet
  facet normal -0.941476 -0.337081 0
    outer loop
      vertex -27.799 -17.5025 19.2
      vertex -27.756 -17.6226 2.2
      vertex -27.756 -17.6226 19.2
    endloop
  endfacet
  facet normal -0.671775 -0.740755 0
    outer loop
      vertex -28.1753 -16.9951 2.2
      vertex -28.0808 -17.0808 19.2
      vertex -28.1753 -16.9951 19.2
    endloop
  endfacet
  facet normal -0.671775 -0.740755 -0
    outer loop
      vertex -28.0808 -17.0808 19.2
      vertex -28.1753 -16.9951 2.2
      vertex -28.0808 -17.0808 2.2
    endloop
  endfacet
  facet normal -0.97005 0.242904 0
    outer loop
      vertex -27.756 -18.3774 2.2
      vertex -27.725 -18.2536 19.2
      vertex -27.725 -18.2536 2.2
    endloop
  endfacet
  facet normal -0.97005 0.242904 0
    outer loop
      vertex -27.725 -18.2536 19.2
      vertex -27.756 -18.3774 2.2
      vertex -27.756 -18.3774 19.2
    endloop
  endfacet
  facet normal 0.427345 -0.904089 0
    outer loop
      vertex -29.6128 -16.8535 2.2
      vertex -29.4975 -16.799 19.2
      vertex -29.6128 -16.8535 19.2
    endloop
  endfacet
  facet normal 0.427345 -0.904089 0
    outer loop
      vertex -29.4975 -16.799 19.2
      vertex -29.6128 -16.8535 2.2
      vertex -29.4975 -16.799 2.2
    endloop
  endfacet
  facet normal -0.337081 -0.941476 0
    outer loop
      vertex -28.6226 -16.756 2.2
      vertex -28.5025 -16.799 19.2
      vertex -28.6226 -16.756 19.2
    endloop
  endfacet
  facet normal -0.337081 -0.941476 -0
    outer loop
      vertex -28.5025 -16.799 19.2
      vertex -28.6226 -16.756 2.2
      vertex -28.5025 -16.799 2.2
    endloop
  endfacet
  facet normal 0.242904 -0.97005 0
    outer loop
      vertex -29.3774 -16.756 2.2
      vertex -29.2536 -16.725 19.2
      vertex -29.3774 -16.756 19.2
    endloop
  endfacet
  facet normal 0.242904 -0.97005 0
    outer loop
      vertex -29.2536 -16.725 19.2
      vertex -29.3774 -16.756 2.2
      vertex -29.2536 -16.725 2.2
    endloop
  endfacet
  facet normal -0.857631 0.514265 0
    outer loop
      vertex -27.9191 -18.7222 2.2
      vertex -27.8535 -18.6128 19.2
      vertex -27.8535 -18.6128 2.2
    endloop
  endfacet
  facet normal -0.857631 0.514265 0
    outer loop
      vertex -27.8535 -18.6128 19.2
      vertex -27.9191 -18.7222 2.2
      vertex -27.9191 -18.7222 19.2
    endloop
  endfacet
  facet normal -0.427345 -0.904089 0
    outer loop
      vertex -28.5025 -16.799 2.2
      vertex -28.3872 -16.8535 19.2
      vertex -28.5025 -16.799 19.2
    endloop
  endfacet
  facet normal -0.427345 -0.904089 -0
    outer loop
      vertex -28.3872 -16.8535 19.2
      vertex -28.5025 -16.799 2.2
      vertex -28.3872 -16.8535 2.2
    endloop
  endfacet
  facet normal -0.0493902 -0.99878 0
    outer loop
      vertex -29 -16.7 2.2
      vertex -28.8726 -16.7063 19.2
      vertex -29 -16.7 19.2
    endloop
  endfacet
  facet normal -0.0493902 -0.99878 -0
    outer loop
      vertex -28.8726 -16.7063 19.2
      vertex -29 -16.7 2.2
      vertex -28.8726 -16.7063 2.2
    endloop
  endfacet
  facet normal -0.941476 0.337081 0
    outer loop
      vertex -27.799 -18.4975 2.2
      vertex -27.756 -18.3774 19.2
      vertex -27.756 -18.3774 2.2
    endloop
  endfacet
  facet normal -0.941476 0.337081 0
    outer loop
      vertex -27.756 -18.3774 19.2
      vertex -27.799 -18.4975 2.2
      vertex -27.799 -18.4975 19.2
    endloop
  endfacet
  facet normal -0.671775 0.740755 0
    outer loop
      vertex -28.0808 -18.9192 2.2
      vertex -28.1753 -19.0049 19.2
      vertex -28.0808 -18.9192 19.2
    endloop
  endfacet
  facet normal -0.671775 0.740755 0
    outer loop
      vertex -28.1753 -19.0049 19.2
      vertex -28.0808 -18.9192 2.2
      vertex -28.1753 -19.0049 2.2
    endloop
  endfacet
  facet normal -0.242904 -0.97005 0
    outer loop
      vertex -28.7464 -16.725 2.2
      vertex -28.6226 -16.756 19.2
      vertex -28.7464 -16.725 19.2
    endloop
  endfacet
  facet normal -0.242904 -0.97005 -0
    outer loop
      vertex -28.6226 -16.756 19.2
      vertex -28.7464 -16.725 2.2
      vertex -28.6226 -16.756 2.2
    endloop
  endfacet
  facet normal -0.99878 0.0493902 0
    outer loop
      vertex -27.7063 -18.1274 2.2
      vertex -27.7 -18 19.2
      vertex -27.7 -18 2.2
    endloop
  endfacet
  facet normal -0.99878 0.0493902 0
    outer loop
      vertex -27.7 -18 19.2
      vertex -27.7063 -18.1274 2.2
      vertex -27.7063 -18.1274 19.2
    endloop
  endfacet
  facet normal 0.97005 -0.242904 0
    outer loop
      vertex -30.275 -17.7464 19.2
      vertex -30.244 -17.6226 2.2
      vertex -30.244 -17.6226 19.2
    endloop
  endfacet
  facet normal 0.97005 -0.242904 0
    outer loop
      vertex -30.244 -17.6226 2.2
      vertex -30.275 -17.7464 19.2
      vertex -30.275 -17.7464 2.2
    endloop
  endfacet
  facet normal 0.671775 -0.740755 0
    outer loop
      vertex -29.9192 -17.0808 2.2
      vertex -29.8247 -16.9951 19.2
      vertex -29.9192 -17.0808 19.2
    endloop
  endfacet
  facet normal 0.671775 -0.740755 0
    outer loop
      vertex -29.8247 -16.9951 19.2
      vertex -29.9192 -17.0808 2.2
      vertex -29.8247 -16.9951 2.2
    endloop
  endfacet
  facet normal 0.857631 0.514265 0
    outer loop
      vertex -30.0809 -18.7222 19.2
      vertex -30.1465 -18.6128 2.2
      vertex -30.1465 -18.6128 19.2
    endloop
  endfacet
  facet normal 0.857631 0.514265 0
    outer loop
      vertex -30.1465 -18.6128 2.2
      vertex -30.0809 -18.7222 19.2
      vertex -30.0809 -18.7222 2.2
    endloop
  endfacet
  facet normal 0.740755 0.671775 0
    outer loop
      vertex -29.9192 -18.9192 19.2
      vertex -30.0049 -18.8247 2.2
      vertex -30.0049 -18.8247 19.2
    endloop
  endfacet
  facet normal 0.740755 0.671775 0
    outer loop
      vertex -30.0049 -18.8247 2.2
      vertex -29.9192 -18.9192 19.2
      vertex -29.9192 -18.9192 2.2
    endloop
  endfacet
  facet normal 0.595602 0.803279 -0
    outer loop
      vertex -29.7222 -19.0809 2.2
      vertex -29.8247 -19.0049 19.2
      vertex -29.7222 -19.0809 19.2
    endloop
  endfacet
  facet normal 0.595602 0.803279 0
    outer loop
      vertex -29.8247 -19.0049 19.2
      vertex -29.7222 -19.0809 2.2
      vertex -29.8247 -19.0049 2.2
    endloop
  endfacet
  facet normal 0.989199 0.146577 0
    outer loop
      vertex -30.275 -18.2536 19.2
      vertex -30.2937 -18.1274 2.2
      vertex -30.2937 -18.1274 19.2
    endloop
  endfacet
  facet normal 0.989199 0.146577 0
    outer loop
      vertex -30.2937 -18.1274 2.2
      vertex -30.275 -18.2536 19.2
      vertex -30.275 -18.2536 2.2
    endloop
  endfacet
  facet normal 0.803279 0.595602 0
    outer loop
      vertex -30.0049 -18.8247 19.2
      vertex -30.0809 -18.7222 2.2
      vertex -30.0809 -18.7222 19.2
    endloop
  endfacet
  facet normal 0.803279 0.595602 0
    outer loop
      vertex -30.0809 -18.7222 2.2
      vertex -30.0049 -18.8247 19.2
      vertex -30.0049 -18.8247 2.2
    endloop
  endfacet
  facet normal -0.337081 0.941476 0
    outer loop
      vertex -28.5025 -19.201 2.2
      vertex -28.6226 -19.244 19.2
      vertex -28.5025 -19.201 19.2
    endloop
  endfacet
  facet normal -0.337081 0.941476 0
    outer loop
      vertex -28.6226 -19.244 19.2
      vertex -28.5025 -19.201 2.2
      vertex -28.6226 -19.244 2.2
    endloop
  endfacet
  facet normal 0.99878 0.0493902 0
    outer loop
      vertex -30.2937 -18.1274 19.2
      vertex -30.3 -18 2.2
      vertex -30.3 -18 19.2
    endloop
  endfacet
  facet normal 0.99878 0.0493902 0
    outer loop
      vertex -30.3 -18 2.2
      vertex -30.2937 -18.1274 19.2
      vertex -30.2937 -18.1274 2.2
    endloop
  endfacet
  facet normal 0.803279 -0.595602 0
    outer loop
      vertex -30.0809 -17.2778 19.2
      vertex -30.0049 -17.1753 2.2
      vertex -30.0049 -17.1753 19.2
    endloop
  endfacet
  facet normal 0.803279 -0.595602 0
    outer loop
      vertex -30.0049 -17.1753 2.2
      vertex -30.0809 -17.2778 19.2
      vertex -30.0809 -17.2778 2.2
    endloop
  endfacet
  facet normal -0.595602 0.803279 0
    outer loop
      vertex -28.1753 -19.0049 2.2
      vertex -28.2778 -19.0809 19.2
      vertex -28.1753 -19.0049 19.2
    endloop
  endfacet
  facet normal -0.595602 0.803279 0
    outer loop
      vertex -28.2778 -19.0809 19.2
      vertex -28.1753 -19.0049 2.2
      vertex -28.2778 -19.0809 2.2
    endloop
  endfacet
  facet normal -0.740755 -0.671775 0
    outer loop
      vertex -27.9951 -17.1753 2.2
      vertex -28.0808 -17.0808 19.2
      vertex -28.0808 -17.0808 2.2
    endloop
  endfacet
  facet normal -0.740755 -0.671775 0
    outer loop
      vertex -28.0808 -17.0808 19.2
      vertex -27.9951 -17.1753 2.2
      vertex -27.9951 -17.1753 19.2
    endloop
  endfacet
  facet normal 0.904089 -0.427345 0
    outer loop
      vertex -30.201 -17.5025 19.2
      vertex -30.1465 -17.3872 2.2
      vertex -30.1465 -17.3872 19.2
    endloop
  endfacet
  facet normal 0.904089 -0.427345 0
    outer loop
      vertex -30.1465 -17.3872 2.2
      vertex -30.201 -17.5025 19.2
      vertex -30.201 -17.5025 2.2
    endloop
  endfacet
  facet normal 0.337081 0.941476 -0
    outer loop
      vertex -29.3774 -19.244 2.2
      vertex -29.4975 -19.201 19.2
      vertex -29.3774 -19.244 19.2
    endloop
  endfacet
  facet normal 0.337081 0.941476 0
    outer loop
      vertex -29.4975 -19.201 19.2
      vertex -29.3774 -19.244 2.2
      vertex -29.4975 -19.201 2.2
    endloop
  endfacet
  facet normal 0.0493902 0.99878 -0
    outer loop
      vertex -29 -19.3 2.2
      vertex -29.1274 -19.2937 19.2
      vertex -29 -19.3 19.2
    endloop
  endfacet
  facet normal 0.0493902 0.99878 0
    outer loop
      vertex -29.1274 -19.2937 19.2
      vertex -29 -19.3 2.2
      vertex -29.1274 -19.2937 2.2
    endloop
  endfacet
  facet normal 0.99878 -0.0493902 0
    outer loop
      vertex -30.3 -18 19.2
      vertex -30.2937 -17.8726 2.2
      vertex -30.2937 -17.8726 19.2
    endloop
  endfacet
  facet normal 0.99878 -0.0493902 0
    outer loop
      vertex -30.2937 -17.8726 2.2
      vertex -30.3 -18 19.2
      vertex -30.3 -18 2.2
    endloop
  endfacet
  facet normal 0.671775 0.740755 -0
    outer loop
      vertex -29.8247 -19.0049 2.2
      vertex -29.9192 -18.9192 19.2
      vertex -29.8247 -19.0049 19.2
    endloop
  endfacet
  facet normal 0.671775 0.740755 0
    outer loop
      vertex -29.9192 -18.9192 19.2
      vertex -29.8247 -19.0049 2.2
      vertex -29.9192 -18.9192 2.2
    endloop
  endfacet
  facet normal -0.740755 0.671775 0
    outer loop
      vertex -28.0808 -18.9192 2.2
      vertex -27.9951 -18.8247 19.2
      vertex -27.9951 -18.8247 2.2
    endloop
  endfacet
  facet normal -0.740755 0.671775 0
    outer loop
      vertex -27.9951 -18.8247 19.2
      vertex -28.0808 -18.9192 2.2
      vertex -28.0808 -18.9192 19.2
    endloop
  endfacet
  facet normal 1 -0 0
    outer loop
      vertex 29 -10 8.2
      vertex 29 -6 2.2
      vertex 29 -6 8.2
    endloop
  endfacet
  facet normal 1 0 0
    outer loop
      vertex 29 -6 2.2
      vertex 29 -10 8.2
      vertex 29 -10 2.2
    endloop
  endfacet
  facet normal -0 0 1
    outer loop
      vertex 9 -6 8.2
      vertex 29 -10 8.2
      vertex 29 -6 8.2
    endloop
  endfacet
  facet normal 0 0 1
    outer loop
      vertex 29 -10 8.2
      vertex 9 -6 8.2
      vertex 9 -10 8.2
    endloop
  endfacet
  facet normal 0 0 -1
    outer loop
      vertex 9 -10 2.2
      vertex 29 -6 2.2
      vertex 29 -10 2.2
    endloop
  endfacet
  facet normal -0 0 -1
    outer loop
      vertex 29 -6 2.2
      vertex 9 -10 2.2
      vertex 9 -6 2.2
    endloop
  endfacet
  facet normal -1 0 0
    outer loop
      vertex 9 -10 2.2
      vertex 9 -6 8.2
      vertex 9 -6 2.2
    endloop
  endfacet
  facet normal -1 -0 0
    outer loop
      vertex 9 -6 8.2
      vertex 9 -10 2.2
      vertex 9 -10 8.2
    endloop
  endfacet
  facet normal 0 1 -0
    outer loop
      vertex 29 -6 2.2
      vertex 9 -6 8.2
      vertex 29 -6 8.2
    endloop
  endfacet
  facet normal 0 1 0
    outer loop
      vertex 9 -6 8.2
      vertex 29 -6 2.2
      vertex 9 -6 2.2
    endloop
  endfacet
  facet normal 0 -1 0
    outer loop
      vertex 9 -10 2.2
      vertex 29 -10 8.2
      vertex 9 -10 8.2
    endloop
  endfacet
  facet normal 0 -1 -0
    outer loop
      vertex 29 -10 8.2
      vertex 9 -10 2.2
      vertex 29 -10 2.2
    endloop
  endfacet
  facet normal 1 -0 0
    outer loop
      vertex 29 6 8.2
      vertex 29 10 2.2
      vertex 29 10 8.2
    endloop
  endfacet
  facet normal 1 0 0
    outer loop
      vertex 29 10 2.2
      vertex 29 6 8.2
      vertex 29 6 2.2
    endloop
  endfacet
  facet normal -0 0 1
    outer loop
      vertex 9 10 8.2
      vertex 29 6 8.2
      vertex 29 10 8.2
    endloop
  endfacet
  facet normal 0 0 1
    outer loop
      vertex 29 6 8.2
      vertex 9 10 8.2
      vertex 9 6 8.2
    endloop
  endfacet
  facet normal 0 0 -1
    outer loop
      vertex 9 6 2.2
      vertex 29 10 2.2
      vertex 29 6 2.2
    endloop
  endfacet
  facet normal -0 0 -1
    outer loop
      vertex 29 10 2.2
      vertex 9 6 2.2
      vertex 9 10 2.2
    endloop
  endfacet
  facet normal -1 0 0
    outer loop
      vertex 9 6 2.2
      vertex 9 10 8.2
      vertex 9 10 2.2
    endloop
  endfacet
  facet normal -1 -0 0
    outer loop
      vertex 9 10 8.2
      vertex 9 6 2.2
      vertex 9 6 8.2
    endloop
  endfacet
  facet normal 0 1 -0
    outer loop
      vertex 29 10 2.2
      vertex 9 10 8.2
      vertex 29 10 8.2
    endloop
  endfacet
  facet normal 0 1 0
    outer loop
      vertex 9 10 8.2
      vertex 29 10 2.2
      vertex 9 10 2.2
    endloop
  endfacet
  facet normal 0 -1 0
    outer loop
      vertex 9 6 2.2
      vertex 29 6 8.2
      vertex 9 6 8.2
    endloop
  endfacet
  facet normal 0 -1 -0
    outer loop
      vertex 29 6 8.2
      vertex 9 6 2.2
      vertex 29 6 2.2
    endloop
  endfacet
endsolid OpenSCAD_Model
