solid OpenSCAD_Model
  facet normal 0.904043 -0.427442 0
    outer loop
      vertex 27.4294 18.6506 2.4
      vertex 27.5007 18.8014 0
      vertex 27.5007 18.8014 2.4
    endloop
  endfacet
  facet normal 0.904043 -0.427442 0
    outer loop
      vertex 27.5007 18.8014 0
      vertex 27.4294 18.6506 2.4
      vertex 27.4294 18.6506 0
    endloop
  endfacet
  facet normal -0.989168 -0.146788 0
    outer loop
      vertex 30.6918 18.1666 0
      vertex 30.6673 18.3317 2.4
      vertex 30.6673 18.3317 0
    endloop
  endfacet
  facet normal -0.989168 -0.146788 0
    outer loop
      vertex 30.6673 18.3317 2.4
      vertex 30.6918 18.1666 0
      vertex 30.6918 18.1666 2.4
    endloop
  endfacet
  facet normal -0.998791 -0.0491602 0
    outer loop
      vertex 30.7 18 0
      vertex 30.6918 18.1666 2.4
      vertex 30.6918 18.1666 0
    endloop
  endfacet
  facet normal -0.998791 -0.0491602 0
    outer loop
      vertex 30.6918 18.1666 2.4
      vertex 30.7 18 0
      vertex 30.7 18 2.4
    endloop
  endfacet
  facet normal -0.970072 -0.242818 0
    outer loop
      vertex 30.6673 18.3317 0
      vertex 30.6268 18.4935 2.4
      vertex 30.6268 18.4935 0
    endloop
  endfacet
  facet normal -0.970072 -0.242818 0
    outer loop
      vertex 30.6268 18.4935 2.4
      vertex 30.6673 18.3317 0
      vertex 30.6673 18.3317 2.4
    endloop
  endfacet
  facet normal -0.146788 -0.989168 0
    outer loop
      vertex 29.1666 19.6918 0
      vertex 29.3317 19.6673 2.4
      vertex 29.1666 19.6918 2.4
    endloop
  endfacet
  facet normal -0.146788 -0.989168 -0
    outer loop
      vertex 29.3317 19.6673 2.4
      vertex 29.1666 19.6918 0
      vertex 29.3317 19.6673 0
    endloop
  endfacet
  facet normal 0.146788 -0.989168 0
    outer loop
      vertex 28.6683 19.6673 0
      vertex 28.8334 19.6918 2.4
      vertex 28.6683 19.6673 2.4
    endloop
  endfacet
  facet normal 0.146788 -0.989168 0
    outer loop
      vertex 28.8334 19.6918 2.4
      vertex 28.6683 19.6673 0
      vertex 28.8334 19.6918 0
    endloop
  endfacet
  facet normal -0.803154 -0.595772 0
    outer loop
      vertex 30.4135 18.9445 0
      vertex 30.3141 19.0785 2.4
      vertex 30.3141 19.0785 0
    endloop
  endfacet
  facet normal -0.803154 -0.595772 0
    outer loop
      vertex 30.3141 19.0785 2.4
      vertex 30.4135 18.9445 0
      vertex 30.4135 18.9445 2.4
    endloop
  endfacet
  facet normal -0.514231 0.857652 0
    outer loop
      vertex 29.9445 16.5865 0
      vertex 29.8014 16.5007 2.4
      vertex 29.9445 16.5865 2.4
    endloop
  endfacet
  facet normal -0.514231 0.857652 0
    outer loop
      vertex 29.8014 16.5007 2.4
      vertex 29.9445 16.5865 0
      vertex 29.8014 16.5007 0
    endloop
  endfacet
  facet normal -0.595772 -0.803154 0
    outer loop
      vertex 29.9445 19.4135 0
      vertex 30.0785 19.3141 2.4
      vertex 29.9445 19.4135 2.4
    endloop
  endfacet
  facet normal -0.595772 -0.803154 -0
    outer loop
      vertex 30.0785 19.3141 2.4
      vertex 29.9445 19.4135 0
      vertex 30.0785 19.3141 0
    endloop
  endfacet
  facet normal -0.998791 0.0491602 0
    outer loop
      vertex 30.6918 17.8334 0
      vertex 30.7 18 2.4
      vertex 30.7 18 0
    endloop
  endfacet
  facet normal -0.998791 0.0491602 0
    outer loop
      vertex 30.7 18 2.4
      vertex 30.6918 17.8334 0
      vertex 30.6918 17.8334 2.4
    endloop
  endfacet
  facet normal 0.242818 -0.970072 0
    outer loop
      vertex 28.5065 19.6268 0
      vertex 28.6683 19.6673 2.4
      vertex 28.5065 19.6268 2.4
    endloop
  endfacet
  facet normal 0.242818 -0.970072 0
    outer loop
      vertex 28.6683 19.6673 2.4
      vertex 28.5065 19.6268 0
      vertex 28.6683 19.6673 0
    endloop
  endfacet
  facet normal 0.803154 -0.595772 0
    outer loop
      vertex 27.5865 18.9445 2.4
      vertex 27.6859 19.0785 0
      vertex 27.6859 19.0785 2.4
    endloop
  endfacet
  facet normal 0.803154 -0.595772 0
    outer loop
      vertex 27.6859 19.0785 0
      vertex 27.5865 18.9445 2.4
      vertex 27.5865 18.9445 0
    endloop
  endfacet
  facet normal 0.427442 0.904043 -0
    outer loop
      vertex 28.3494 16.4294 0
      vertex 28.1986 16.5007 2.4
      vertex 28.3494 16.4294 2.4
    endloop
  endfacet
  facet normal 0.427442 0.904043 0
    outer loop
      vertex 28.1986 16.5007 2.4
      vertex 28.3494 16.4294 0
      vertex 28.1986 16.5007 0
    endloop
  endfacet
  facet normal -0.427442 -0.904043 0
    outer loop
      vertex 29.6506 19.5706 0
      vertex 29.8014 19.4993 2.4
      vertex 29.6506 19.5706 2.4
    endloop
  endfacet
  facet normal -0.427442 -0.904043 -0
    outer loop
      vertex 29.8014 19.4993 2.4
      vertex 29.6506 19.5706 0
      vertex 29.8014 19.4993 0
    endloop
  endfacet
  facet normal 0.989168 0.146788 0
    outer loop
      vertex 27.3327 17.6683 2.4
      vertex 27.3082 17.8334 0
      vertex 27.3082 17.8334 2.4
    endloop
  endfacet
  facet normal 0.989168 0.146788 0
    outer loop
      vertex 27.3082 17.8334 0
      vertex 27.3327 17.6683 2.4
      vertex 27.3327 17.6683 0
    endloop
  endfacet
  facet normal -0.671478 0.741024 0
    outer loop
      vertex 30.2021 16.7979 0
      vertex 30.0785 16.6859 2.4
      vertex 30.2021 16.7979 2.4
    endloop
  endfacet
  facet normal -0.671478 0.741024 0
    outer loop
      vertex 30.0785 16.6859 2.4
      vertex 30.2021 16.7979 0
      vertex 30.0785 16.6859 0
    endloop
  endfacet
  facet normal 0.427442 -0.904043 0
    outer loop
      vertex 28.1986 19.4993 0
      vertex 28.3494 19.5706 2.4
      vertex 28.1986 19.4993 2.4
    endloop
  endfacet
  facet normal 0.427442 -0.904043 0
    outer loop
      vertex 28.3494 19.5706 2.4
      vertex 28.1986 19.4993 0
      vertex 28.3494 19.5706 0
    endloop
  endfacet
  facet normal -0.970072 0.242818 0
    outer loop
      vertex 30.6268 17.5065 0
      vertex 30.6673 17.6683 2.4
      vertex 30.6673 17.6683 0
    endloop
  endfacet
  facet normal -0.970072 0.242818 0
    outer loop
      vertex 30.6673 17.6683 2.4
      vertex 30.6268 17.5065 0
      vertex 30.6268 17.5065 2.4
    endloop
  endfacet
  facet normal -0.242818 0.970072 0
    outer loop
      vertex 29.4935 16.3732 0
      vertex 29.3317 16.3327 2.4
      vertex 29.4935 16.3732 2.4
    endloop
  endfacet
  facet normal -0.242818 0.970072 0
    outer loop
      vertex 29.3317 16.3327 2.4
      vertex 29.4935 16.3732 0
      vertex 29.3317 16.3327 0
    endloop
  endfacet
  facet normal 0.989168 -0.146788 0
    outer loop
      vertex 27.3082 18.1666 2.4
      vertex 27.3327 18.3317 0
      vertex 27.3327 18.3317 2.4
    endloop
  endfacet
  facet normal 0.989168 -0.146788 0
    outer loop
      vertex 27.3327 18.3317 0
      vertex 27.3082 18.1666 2.4
      vertex 27.3082 18.1666 0
    endloop
  endfacet
  facet normal -0.941566 -0.33683 0
    outer loop
      vertex 30.6268 18.4935 0
      vertex 30.5706 18.6506 2.4
      vertex 30.5706 18.6506 0
    endloop
  endfacet
  facet normal -0.941566 -0.33683 0
    outer loop
      vertex 30.5706 18.6506 2.4
      vertex 30.6268 18.4935 0
      vertex 30.6268 18.4935 2.4
    endloop
  endfacet
  facet normal 0.514231 0.857652 -0
    outer loop
      vertex 28.1986 16.5007 0
      vertex 28.0555 16.5865 2.4
      vertex 28.1986 16.5007 2.4
    endloop
  endfacet
  facet normal 0.514231 0.857652 0
    outer loop
      vertex 28.0555 16.5865 2.4
      vertex 28.1986 16.5007 0
      vertex 28.0555 16.5865 0
    endloop
  endfacet
  facet normal 0.970072 -0.242818 0
    outer loop
      vertex 27.3327 18.3317 2.4
      vertex 27.3732 18.4935 0
      vertex 27.3732 18.4935 2.4
    endloop
  endfacet
  facet normal 0.970072 -0.242818 0
    outer loop
      vertex 27.3732 18.4935 0
      vertex 27.3327 18.3317 2.4
      vertex 27.3327 18.3317 0
    endloop
  endfacet
  facet normal -0.803154 0.595772 0
    outer loop
      vertex 30.3141 16.9215 0
      vertex 30.4135 17.0555 2.4
      vertex 30.4135 17.0555 0
    endloop
  endfacet
  facet normal -0.803154 0.595772 0
    outer loop
      vertex 30.4135 17.0555 2.4
      vertex 30.3141 16.9215 0
      vertex 30.3141 16.9215 2.4
    endloop
  endfacet
  facet normal 0.595772 0.803154 -0
    outer loop
      vertex 28.0555 16.5865 0
      vertex 27.9215 16.6859 2.4
      vertex 28.0555 16.5865 2.4
    endloop
  endfacet
  facet normal 0.595772 0.803154 0
    outer loop
      vertex 27.9215 16.6859 2.4
      vertex 28.0555 16.5865 0
      vertex 27.9215 16.6859 0
    endloop
  endfacet
  facet normal 0.33683 0.941566 -0
    outer loop
      vertex 28.5065 16.3732 0
      vertex 28.3494 16.4294 2.4
      vertex 28.5065 16.3732 2.4
    endloop
  endfacet
  facet normal 0.33683 0.941566 0
    outer loop
      vertex 28.3494 16.4294 2.4
      vertex 28.5065 16.3732 0
      vertex 28.3494 16.4294 0
    endloop
  endfacet
  facet normal -0.33683 -0.941566 0
    outer loop
      vertex 29.4935 19.6268 0
      vertex 29.6506 19.5706 2.4
      vertex 29.4935 19.6268 2.4
    endloop
  endfacet
  facet normal -0.33683 -0.941566 -0
    outer loop
      vertex 29.6506 19.5706 2.4
      vertex 29.4935 19.6268 0
      vertex 29.6506 19.5706 0
    endloop
  endfacet
  facet normal 0.741024 0.671478 0
    outer loop
      vertex 27.7979 16.7979 2.4
      vertex 27.6859 16.9215 0
      vertex 27.6859 16.9215 2.4
    endloop
  endfacet
  facet normal 0.741024 0.671478 0
    outer loop
      vertex 27.6859 16.9215 0
      vertex 27.7979 16.7979 2.4
      vertex 27.7979 16.7979 0
    endloop
  endfacet
  facet normal -0.514231 -0.857652 0
    outer loop
      vertex 29.8014 19.4993 0
      vertex 29.9445 19.4135 2.4
      vertex 29.8014 19.4993 2.4
    endloop
  endfacet
  facet normal -0.514231 -0.857652 -0
    outer loop
      vertex 29.9445 19.4135 2.4
      vertex 29.8014 19.4993 0
      vertex 29.9445 19.4135 0
    endloop
  endfacet
  facet normal 0.33683 -0.941566 0
    outer loop
      vertex 28.3494 19.5706 0
      vertex 28.5065 19.6268 2.4
      vertex 28.3494 19.5706 2.4
    endloop
  endfacet
  facet normal 0.33683 -0.941566 0
    outer loop
      vertex 28.5065 19.6268 2.4
      vertex 28.3494 19.5706 0
      vertex 28.5065 19.6268 0
    endloop
  endfacet
  facet normal 0.904043 0.427442 0
    outer loop
      vertex 27.5007 17.1986 2.4
      vertex 27.4294 17.3494 0
      vertex 27.4294 17.3494 2.4
    endloop
  endfacet
  facet normal 0.904043 0.427442 0
    outer loop
      vertex 27.4294 17.3494 0
      vertex 27.5007 17.1986 2.4
      vertex 27.5007 17.1986 0
    endloop
  endfacet
  facet normal 0.941566 0.33683 0
    outer loop
      vertex 27.4294 17.3494 2.4
      vertex 27.3732 17.5065 0
      vertex 27.3732 17.5065 2.4
    endloop
  endfacet
  facet normal 0.941566 0.33683 0
    outer loop
      vertex 27.3732 17.5065 0
      vertex 27.4294 17.3494 2.4
      vertex 27.4294 17.3494 0
    endloop
  endfacet
  facet normal -0.904043 -0.427442 0
    outer loop
      vertex 30.5706 18.6506 0
      vertex 30.4993 18.8014 2.4
      vertex 30.4993 18.8014 0
    endloop
  endfacet
  facet normal -0.904043 -0.427442 0
    outer loop
      vertex 30.4993 18.8014 2.4
      vertex 30.5706 18.6506 0
      vertex 30.5706 18.6506 2.4
    endloop
  endfacet
  facet normal 0.970072 0.242818 0
    outer loop
      vertex 27.3732 17.5065 2.4
      vertex 27.3327 17.6683 0
      vertex 27.3327 17.6683 2.4
    endloop
  endfacet
  facet normal 0.970072 0.242818 0
    outer loop
      vertex 27.3327 17.6683 0
      vertex 27.3732 17.5065 2.4
      vertex 27.3732 17.5065 0
    endloop
  endfacet
  facet normal 0.595772 -0.803154 0
    outer loop
      vertex 27.9215 19.3141 0
      vertex 28.0555 19.4135 2.4
      vertex 27.9215 19.3141 2.4
    endloop
  endfacet
  facet normal 0.595772 -0.803154 0
    outer loop
      vertex 28.0555 19.4135 2.4
      vertex 27.9215 19.3141 0
      vertex 28.0555 19.4135 0
    endloop
  endfacet
  facet normal 0.146788 0.989168 -0
    outer loop
      vertex 28.8334 16.3082 0
      vertex 28.6683 16.3327 2.4
      vertex 28.8334 16.3082 2.4
    endloop
  endfacet
  facet normal 0.146788 0.989168 0
    outer loop
      vertex 28.6683 16.3327 2.4
      vertex 28.8334 16.3082 0
      vertex 28.6683 16.3327 0
    endloop
  endfacet
  facet normal -0.741024 0.671478 0
    outer loop
      vertex 30.2021 16.7979 0
      vertex 30.3141 16.9215 2.4
      vertex 30.3141 16.9215 0
    endloop
  endfacet
  facet normal -0.741024 0.671478 0
    outer loop
      vertex 30.3141 16.9215 2.4
      vertex 30.2021 16.7979 0
      vertex 30.2021 16.7979 2.4
    endloop
  endfacet
  facet normal -0.146788 0.989168 0
    outer loop
      vertex 29.3317 16.3327 0
      vertex 29.1666 16.3082 2.4
      vertex 29.3317 16.3327 2.4
    endloop
  endfacet
  facet normal -0.146788 0.989168 0
    outer loop
      vertex 29.1666 16.3082 2.4
      vertex 29.3317 16.3327 0
      vertex 29.1666 16.3082 0
    endloop
  endfacet
  facet normal 0.514231 -0.857652 0
    outer loop
      vertex 28.0555 19.4135 0
      vertex 28.1986 19.4993 2.4
      vertex 28.0555 19.4135 2.4
    endloop
  endfacet
  facet normal 0.514231 -0.857652 0
    outer loop
      vertex 28.1986 19.4993 2.4
      vertex 28.0555 19.4135 0
      vertex 28.1986 19.4993 0
    endloop
  endfacet
  facet normal -0.0491602 -0.998791 0
    outer loop
      vertex 29 19.7 0
      vertex 29.1666 19.6918 2.4
      vertex 29 19.7 2.4
    endloop
  endfacet
  facet normal -0.0491602 -0.998791 -0
    outer loop
      vertex 29.1666 19.6918 2.4
      vertex 29 19.7 0
      vertex 29.1666 19.6918 0
    endloop
  endfacet
  facet normal 0.857652 0.514231 0
    outer loop
      vertex 27.5865 17.0555 2.4
      vertex 27.5007 17.1986 0
      vertex 27.5007 17.1986 2.4
    endloop
  endfacet
  facet normal 0.857652 0.514231 0
    outer loop
      vertex 27.5007 17.1986 0
      vertex 27.5865 17.0555 2.4
      vertex 27.5865 17.0555 0
    endloop
  endfacet
  facet normal -0.242818 -0.970072 0
    outer loop
      vertex 29.3317 19.6673 0
      vertex 29.4935 19.6268 2.4
      vertex 29.3317 19.6673 2.4
    endloop
  endfacet
  facet normal -0.242818 -0.970072 -0
    outer loop
      vertex 29.4935 19.6268 2.4
      vertex 29.3317 19.6673 0
      vertex 29.4935 19.6268 0
    endloop
  endfacet
  facet normal 0.941566 -0.33683 0
    outer loop
      vertex 27.3732 18.4935 2.4
      vertex 27.4294 18.6506 0
      vertex 27.4294 18.6506 2.4
    endloop
  endfacet
  facet normal 0.941566 -0.33683 0
    outer loop
      vertex 27.4294 18.6506 0
      vertex 27.3732 18.4935 2.4
      vertex 27.3732 18.4935 0
    endloop
  endfacet
  facet normal -0.671478 -0.741024 0
    outer loop
      vertex 30.0785 19.3141 0
      vertex 30.2021 19.2021 2.4
      vertex 30.0785 19.3141 2.4
    endloop
  endfacet
  facet normal -0.671478 -0.741024 -0
    outer loop
      vertex 30.2021 19.2021 2.4
      vertex 30.0785 19.3141 0
      vertex 30.2021 19.2021 0
    endloop
  endfacet
  facet normal 0.0491602 -0.998791 0
    outer loop
      vertex 28.8334 19.6918 0
      vertex 29 19.7 2.4
      vertex 28.8334 19.6918 2.4
    endloop
  endfacet
  facet normal 0.0491602 -0.998791 0
    outer loop
      vertex 29 19.7 2.4
      vertex 28.8334 19.6918 0
      vertex 29 19.7 0
    endloop
  endfacet
  facet normal -0.427442 0.904043 0
    outer loop
      vertex 29.8014 16.5007 0
      vertex 29.6506 16.4294 2.4
      vertex 29.8014 16.5007 2.4
    endloop
  endfacet
  facet normal -0.427442 0.904043 0
    outer loop
      vertex 29.6506 16.4294 2.4
      vertex 29.8014 16.5007 0
      vertex 29.6506 16.4294 0
    endloop
  endfacet
  facet normal -0.989168 0.146788 0
    outer loop
      vertex 30.6673 17.6683 0
      vertex 30.6918 17.8334 2.4
      vertex 30.6918 17.8334 0
    endloop
  endfacet
  facet normal -0.989168 0.146788 0
    outer loop
      vertex 30.6918 17.8334 2.4
      vertex 30.6673 17.6683 0
      vertex 30.6673 17.6683 2.4
    endloop
  endfacet
  facet normal -0.857652 -0.514231 0
    outer loop
      vertex 30.4993 18.8014 0
      vertex 30.4135 18.9445 2.4
      vertex 30.4135 18.9445 0
    endloop
  endfacet
  facet normal -0.857652 -0.514231 0
    outer loop
      vertex 30.4135 18.9445 2.4
      vertex 30.4993 18.8014 0
      vertex 30.4993 18.8014 2.4
    endloop
  endfacet
  facet normal 0.0491602 0.998791 -0
    outer loop
      vertex 29 16.3 0
      vertex 28.8334 16.3082 2.4
      vertex 29 16.3 2.4
    endloop
  endfacet
  facet normal 0.0491602 0.998791 0
    outer loop
      vertex 28.8334 16.3082 2.4
      vertex 29 16.3 0
      vertex 28.8334 16.3082 0
    endloop
  endfacet
  facet normal 0.671478 -0.741024 0
    outer loop
      vertex 27.7979 19.2021 0
      vertex 27.9215 19.3141 2.4
      vertex 27.7979 19.2021 2.4
    endloop
  endfacet
  facet normal 0.671478 -0.741024 0
    outer loop
      vertex 27.9215 19.3141 2.4
      vertex 27.7979 19.2021 0
      vertex 27.9215 19.3141 0
    endloop
  endfacet
  facet normal 0.741024 -0.671478 0
    outer loop
      vertex 27.6859 19.0785 2.4
      vertex 27.7979 19.2021 0
      vertex 27.7979 19.2021 2.4
    endloop
  endfacet
  facet normal 0.741024 -0.671478 0
    outer loop
      vertex 27.7979 19.2021 0
      vertex 27.6859 19.0785 2.4
      vertex 27.6859 19.0785 0
    endloop
  endfacet
  facet normal -0.904043 0.427442 0
    outer loop
      vertex 30.4993 17.1986 0
      vertex 30.5706 17.3494 2.4
      vertex 30.5706 17.3494 0
    endloop
  endfacet
  facet normal -0.904043 0.427442 0
    outer loop
      vertex 30.5706 17.3494 2.4
      vertex 30.4993 17.1986 0
      vertex 30.4993 17.1986 2.4
    endloop
  endfacet
  facet normal -0.0491602 0.998791 0
    outer loop
      vertex 29.1666 16.3082 0
      vertex 29 16.3 2.4
      vertex 29.1666 16.3082 2.4
    endloop
  endfacet
  facet normal -0.0491602 0.998791 0
    outer loop
      vertex 29 16.3 2.4
      vertex 29.1666 16.3082 0
      vertex 29 16.3 0
    endloop
  endfacet
  facet normal 0.671478 0.741024 -0
    outer loop
      vertex 27.9215 16.6859 0
      vertex 27.7979 16.7979 2.4
      vertex 27.9215 16.6859 2.4
    endloop
  endfacet
  facet normal 0.671478 0.741024 0
    outer loop
      vertex 27.7979 16.7979 2.4
      vertex 27.9215 16.6859 0
      vertex 27.7979 16.7979 0
    endloop
  endfacet
  facet normal -0.941566 0.33683 0
    outer loop
      vertex 30.5706 17.3494 0
      vertex 30.6268 17.5065 2.4
      vertex 30.6268 17.5065 0
    endloop
  endfacet
  facet normal -0.941566 0.33683 0
    outer loop
      vertex 30.6268 17.5065 2.4
      vertex 30.5706 17.3494 0
      vertex 30.5706 17.3494 2.4
    endloop
  endfacet
  facet normal -0.741024 -0.671478 0
    outer loop
      vertex 30.3141 19.0785 0
      vertex 30.2021 19.2021 2.4
      vertex 30.2021 19.2021 0
    endloop
  endfacet
  facet normal -0.741024 -0.671478 0
    outer loop
      vertex 30.2021 19.2021 2.4
      vertex 30.3141 19.0785 0
      vertex 30.3141 19.0785 2.4
    endloop
  endfacet
  facet normal 0.242818 0.970072 -0
    outer loop
      vertex 28.6683 16.3327 0
      vertex 28.5065 16.3732 2.4
      vertex 28.6683 16.3327 2.4
    endloop
  endfacet
  facet normal 0.242818 0.970072 0
    outer loop
      vertex 28.5065 16.3732 2.4
      vertex 28.6683 16.3327 0
      vertex 28.5065 16.3732 0
    endloop
  endfacet
  facet normal -0.595772 0.803154 0
    outer loop
      vertex 30.0785 16.6859 0
      vertex 29.9445 16.5865 2.4
      vertex 30.0785 16.6859 2.4
    endloop
  endfacet
  facet normal -0.595772 0.803154 0
    outer loop
      vertex 29.9445 16.5865 2.4
      vertex 30.0785 16.6859 0
      vertex 29.9445 16.5865 0
    endloop
  endfacet
  facet normal -0.857652 0.514231 0
    outer loop
      vertex 30.4135 17.0555 0
      vertex 30.4993 17.1986 2.4
      vertex 30.4993 17.1986 0
    endloop
  endfacet
  facet normal -0.857652 0.514231 0
    outer loop
      vertex 30.4993 17.1986 2.4
      vertex 30.4135 17.0555 0
      vertex 30.4135 17.0555 2.4
    endloop
  endfacet
  facet normal 0.803154 0.595772 0
    outer loop
      vertex 27.6859 16.9215 2.4
      vertex 27.5865 17.0555 0
      vertex 27.5865 17.0555 2.4
    endloop
  endfacet
  facet normal 0.803154 0.595772 0
    outer loop
      vertex 27.5865 17.0555 0
      vertex 27.6859 16.9215 2.4
      vertex 27.6859 16.9215 0
    endloop
  endfacet
  facet normal 0.857652 -0.514231 0
    outer loop
      vertex 27.5007 18.8014 2.4
      vertex 27.5865 18.9445 0
      vertex 27.5865 18.9445 2.4
    endloop
  endfacet
  facet normal 0.857652 -0.514231 0
    outer loop
      vertex 27.5865 18.9445 0
      vertex 27.5007 18.8014 2.4
      vertex 27.5007 18.8014 0
    endloop
  endfacet
  facet normal -0.33683 0.941566 0
    outer loop
      vertex 29.6506 16.4294 0
      vertex 29.4935 16.3732 2.4
      vertex 29.6506 16.4294 2.4
    endloop
  endfacet
  facet normal -0.33683 0.941566 0
    outer loop
      vertex 29.4935 16.3732 2.4
      vertex 29.6506 16.4294 0
      vertex 29.4935 16.3732 0
    endloop
  endfacet
  facet normal 0.998791 -0.0491602 0
    outer loop
      vertex 27.3 18 2.4
      vertex 27.3082 18.1666 0
      vertex 27.3082 18.1666 2.4
    endloop
  endfacet
  facet normal 0.998791 -0.0491602 0
    outer loop
      vertex 27.3082 18.1666 0
      vertex 27.3 18 2.4
      vertex 27.3 18 0
    endloop
  endfacet
  facet normal 0.998791 0.0491602 0
    outer loop
      vertex 27.3082 17.8334 2.4
      vertex 27.3 18 0
      vertex 27.3 18 2.4
    endloop
  endfacet
  facet normal 0.998791 0.0491602 0
    outer loop
      vertex 27.3 18 0
      vertex 27.3082 17.8334 2.4
      vertex 27.3082 17.8334 0
    endloop
  endfacet
  facet normal 0.904043 -0.427442 0
    outer loop
      vertex -30.5706 18.6506 2.4
      vertex -30.4993 18.8014 0
      vertex -30.4993 18.8014 2.4
    endloop
  endfacet
  facet normal 0.904043 -0.427442 0
    outer loop
      vertex -30.4993 18.8014 0
      vertex -30.5706 18.6506 2.4
      vertex -30.5706 18.6506 0
    endloop
  endfacet
  facet normal -0.989168 -0.146788 0
    outer loop
      vertex -27.3082 18.1666 1.5
      vertex -27.3327 18.3317 2.4
      vertex -27.3327 18.3317 1.5
    endloop
  endfacet
  facet normal -0.989168 -0.146788 0
    outer loop
      vertex -27.3327 18.3317 2.4
      vertex -27.3082 18.1666 1.5
      vertex -27.3082 18.1666 2.4
    endloop
  endfacet
  facet normal -0.998791 -0.0491602 0
    outer loop
      vertex -27.3 18 1.5
      vertex -27.3082 18.1666 2.4
      vertex -27.3082 18.1666 1.5
    endloop
  endfacet
  facet normal -0.998791 -0.0491602 0
    outer loop
      vertex -27.3082 18.1666 2.4
      vertex -27.3 18 1.5
      vertex -27.3 18 2.4
    endloop
  endfacet
  facet normal -0.970072 -0.242818 0
    outer loop
      vertex -27.3327 18.3317 1.5
      vertex -27.3732 18.4935 2.4
      vertex -27.3732 18.4935 1.5
    endloop
  endfacet
  facet normal -0.970072 -0.242818 0
    outer loop
      vertex -27.3732 18.4935 2.4
      vertex -27.3327 18.3317 1.5
      vertex -27.3327 18.3317 2.4
    endloop
  endfacet
  facet normal -0.146788 -0.989168 2.62287e-05
    outer loop
      vertex -28.8334 19.6918 2.4
      vertex -28.75 19.6794 1.5
      vertex -28.6683 19.6673 2.4
    endloop
  endfacet
  facet normal -0.147064 -0.989127 0
    outer loop
      vertex -28.8334 19.6918 0
      vertex -28.75 19.6794 1.5
      vertex -28.8334 19.6918 2.4
    endloop
  endfacet
  facet normal -0.147064 -0.989127 -0
    outer loop
      vertex -28.75 19.6794 1.5
      vertex -28.8334 19.6918 0
      vertex -28.75 19.6794 0
    endloop
  endfacet
  facet normal -0.146505 -0.98921 -0
    outer loop
      vertex -28.6683 19.6673 2.4
      vertex -28.75 19.6794 1.5
      vertex -28.6683 19.6673 1.5
    endloop
  endfacet
  facet normal 0.146788 -0.989168 0
    outer loop
      vertex -29.3317 19.6673 0
      vertex -29.1666 19.6918 2.4
      vertex -29.3317 19.6673 2.4
    endloop
  endfacet
  facet normal 0.146788 -0.989168 0
    outer loop
      vertex -29.1666 19.6918 2.4
      vertex -29.3317 19.6673 0
      vertex -29.1666 19.6918 0
    endloop
  endfacet
  facet normal -0.803154 -0.595772 0
    outer loop
      vertex -27.5865 18.9445 1.5
      vertex -27.6859 19.0785 2.4
      vertex -27.6859 19.0785 1.5
    endloop
  endfacet
  facet normal -0.803154 -0.595772 0
    outer loop
      vertex -27.6859 19.0785 2.4
      vertex -27.5865 18.9445 1.5
      vertex -27.5865 18.9445 2.4
    endloop
  endfacet
  facet normal -0.514231 0.857652 0
    outer loop
      vertex -28.0555 16.5865 1.5
      vertex -28.1986 16.5007 2.4
      vertex -28.0555 16.5865 2.4
    endloop
  endfacet
  facet normal -0.514231 0.857652 0
    outer loop
      vertex -28.1986 16.5007 2.4
      vertex -28.0555 16.5865 1.5
      vertex -28.1986 16.5007 1.5
    endloop
  endfacet
  facet normal -0.595772 -0.803154 0
    outer loop
      vertex -28.0555 19.4135 1.5
      vertex -27.9215 19.3141 2.4
      vertex -28.0555 19.4135 2.4
    endloop
  endfacet
  facet normal -0.595772 -0.803154 -0
    outer loop
      vertex -27.9215 19.3141 2.4
      vertex -28.0555 19.4135 1.5
      vertex -27.9215 19.3141 1.5
    endloop
  endfacet
  facet normal -0.998791 0.0491602 0
    outer loop
      vertex -27.3082 17.8334 1.5
      vertex -27.3 18 2.4
      vertex -27.3 18 1.5
    endloop
  endfacet
  facet normal -0.998791 0.0491602 0
    outer loop
      vertex -27.3 18 2.4
      vertex -27.3082 17.8334 1.5
      vertex -27.3082 17.8334 2.4
    endloop
  endfacet
  facet normal 0.242818 -0.970072 0
    outer loop
      vertex -29.4935 19.6268 0
      vertex -29.3317 19.6673 2.4
      vertex -29.4935 19.6268 2.4
    endloop
  endfacet
  facet normal 0.242818 -0.970072 0
    outer loop
      vertex -29.3317 19.6673 2.4
      vertex -29.4935 19.6268 0
      vertex -29.3317 19.6673 0
    endloop
  endfacet
  facet normal 0.803154 -0.595772 0
    outer loop
      vertex -30.4135 18.9445 2.4
      vertex -30.3141 19.0785 0
      vertex -30.3141 19.0785 2.4
    endloop
  endfacet
  facet normal 0.803154 -0.595772 0
    outer loop
      vertex -30.3141 19.0785 0
      vertex -30.4135 18.9445 2.4
      vertex -30.4135 18.9445 0
    endloop
  endfacet
  facet normal 0.427442 0.904043 -0
    outer loop
      vertex -29.6506 16.4294 0
      vertex -29.8014 16.5007 2.4
      vertex -29.6506 16.4294 2.4
    endloop
  endfacet
  facet normal 0.427442 0.904043 0
    outer loop
      vertex -29.8014 16.5007 2.4
      vertex -29.6506 16.4294 0
      vertex -29.8014 16.5007 0
    endloop
  endfacet
  facet normal -0.427442 -0.904043 0
    outer loop
      vertex -28.3494 19.5706 1.5
      vertex -28.1986 19.4993 2.4
      vertex -28.3494 19.5706 2.4
    endloop
  endfacet
  facet normal -0.427442 -0.904043 -0
    outer loop
      vertex -28.1986 19.4993 2.4
      vertex -28.3494 19.5706 1.5
      vertex -28.1986 19.4993 1.5
    endloop
  endfacet
  facet normal 0.989168 0.146788 0
    outer loop
      vertex -30.6673 17.6683 2.4
      vertex -30.6918 17.8334 0
      vertex -30.6918 17.8334 2.4
    endloop
  endfacet
  facet normal 0.989168 0.146788 0
    outer loop
      vertex -30.6918 17.8334 0
      vertex -30.6673 17.6683 2.4
      vertex -30.6673 17.6683 0
    endloop
  endfacet
  facet normal -0.671478 0.741024 0
    outer loop
      vertex -27.7979 16.7979 1.5
      vertex -27.9215 16.6859 2.4
      vertex -27.7979 16.7979 2.4
    endloop
  endfacet
  facet normal -0.671478 0.741024 0
    outer loop
      vertex -27.9215 16.6859 2.4
      vertex -27.7979 16.7979 1.5
      vertex -27.9215 16.6859 1.5
    endloop
  endfacet
  facet normal 0.427442 -0.904043 0
    outer loop
      vertex -29.8014 19.4993 0
      vertex -29.6506 19.5706 2.4
      vertex -29.8014 19.4993 2.4
    endloop
  endfacet
  facet normal 0.427442 -0.904043 0
    outer loop
      vertex -29.6506 19.5706 2.4
      vertex -29.8014 19.4993 0
      vertex -29.6506 19.5706 0
    endloop
  endfacet
  facet normal -0.970072 0.242818 0
    outer loop
      vertex -27.3732 17.5065 1.5
      vertex -27.3327 17.6683 2.4
      vertex -27.3327 17.6683 1.5
    endloop
  endfacet
  facet normal -0.970072 0.242818 0
    outer loop
      vertex -27.3327 17.6683 2.4
      vertex -27.3732 17.5065 1.5
      vertex -27.3732 17.5065 2.4
    endloop
  endfacet
  facet normal -0.242818 0.970072 0
    outer loop
      vertex -28.5065 16.3732 1.5
      vertex -28.6683 16.3327 2.4
      vertex -28.5065 16.3732 2.4
    endloop
  endfacet
  facet normal -0.242818 0.970072 0
    outer loop
      vertex -28.6683 16.3327 2.4
      vertex -28.5065 16.3732 1.5
      vertex -28.6683 16.3327 1.5
    endloop
  endfacet
  facet normal 0.989168 -0.146788 0
    outer loop
      vertex -30.6918 18.1666 2.4
      vertex -30.6673 18.3317 0
      vertex -30.6673 18.3317 2.4
    endloop
  endfacet
  facet normal 0.989168 -0.146788 0
    outer loop
      vertex -30.6673 18.3317 0
      vertex -30.6918 18.1666 2.4
      vertex -30.6918 18.1666 0
    endloop
  endfacet
  facet normal 0.514231 0.857652 -0
    outer loop
      vertex -29.8014 16.5007 0
      vertex -29.9445 16.5865 2.4
      vertex -29.8014 16.5007 2.4
    endloop
  endfacet
  facet normal 0.514231 0.857652 0
    outer loop
      vertex -29.9445 16.5865 2.4
      vertex -29.8014 16.5007 0
      vertex -29.9445 16.5865 0
    endloop
  endfacet
  facet normal 0.970072 -0.242818 0
    outer loop
      vertex -30.6673 18.3317 2.4
      vertex -30.6268 18.4935 0
      vertex -30.6268 18.4935 2.4
    endloop
  endfacet
  facet normal 0.970072 -0.242818 0
    outer loop
      vertex -30.6268 18.4935 0
      vertex -30.6673 18.3317 2.4
      vertex -30.6673 18.3317 0
    endloop
  endfacet
  facet normal -0.803154 0.595772 0
    outer loop
      vertex -27.6859 16.9215 1.5
      vertex -27.5865 17.0555 2.4
      vertex -27.5865 17.0555 1.5
    endloop
  endfacet
  facet normal -0.803154 0.595772 0
    outer loop
      vertex -27.5865 17.0555 2.4
      vertex -27.6859 16.9215 1.5
      vertex -27.6859 16.9215 2.4
    endloop
  endfacet
  facet normal 0.595772 0.803154 -0
    outer loop
      vertex -29.9445 16.5865 0
      vertex -30.0785 16.6859 2.4
      vertex -29.9445 16.5865 2.4
    endloop
  endfacet
  facet normal 0.595772 0.803154 0
    outer loop
      vertex -30.0785 16.6859 2.4
      vertex -29.9445 16.5865 0
      vertex -30.0785 16.6859 0
    endloop
  endfacet
  facet normal 0.33683 0.941566 -0
    outer loop
      vertex -29.4935 16.3732 0
      vertex -29.6506 16.4294 2.4
      vertex -29.4935 16.3732 2.4
    endloop
  endfacet
  facet normal 0.33683 0.941566 0
    outer loop
      vertex -29.6506 16.4294 2.4
      vertex -29.4935 16.3732 0
      vertex -29.6506 16.4294 0
    endloop
  endfacet
  facet normal -0.33683 -0.941566 0
    outer loop
      vertex -28.5065 19.6268 1.5
      vertex -28.3494 19.5706 2.4
      vertex -28.5065 19.6268 2.4
    endloop
  endfacet
  facet normal -0.33683 -0.941566 -0
    outer loop
      vertex -28.3494 19.5706 2.4
      vertex -28.5065 19.6268 1.5
      vertex -28.3494 19.5706 1.5
    endloop
  endfacet
  facet normal 0.741024 0.671478 0
    outer loop
      vertex -30.2021 16.7979 2.4
      vertex -30.3141 16.9215 0
      vertex -30.3141 16.9215 2.4
    endloop
  endfacet
  facet normal 0.741024 0.671478 0
    outer loop
      vertex -30.3141 16.9215 0
      vertex -30.2021 16.7979 2.4
      vertex -30.2021 16.7979 0
    endloop
  endfacet
  facet normal -0.514231 -0.857652 0
    outer loop
      vertex -28.1986 19.4993 1.5
      vertex -28.0555 19.4135 2.4
      vertex -28.1986 19.4993 2.4
    endloop
  endfacet
  facet normal -0.514231 -0.857652 -0
    outer loop
      vertex -28.0555 19.4135 2.4
      vertex -28.1986 19.4993 1.5
      vertex -28.0555 19.4135 1.5
    endloop
  endfacet
  facet normal 0.33683 -0.941566 0
    outer loop
      vertex -29.6506 19.5706 0
      vertex -29.4935 19.6268 2.4
      vertex -29.6506 19.5706 2.4
    endloop
  endfacet
  facet normal 0.33683 -0.941566 0
    outer loop
      vertex -29.4935 19.6268 2.4
      vertex -29.6506 19.5706 0
      vertex -29.4935 19.6268 0
    endloop
  endfacet
  facet normal 0.904043 0.427442 0
    outer loop
      vertex -30.4993 17.1986 2.4
      vertex -30.5706 17.3494 0
      vertex -30.5706 17.3494 2.4
    endloop
  endfacet
  facet normal 0.904043 0.427442 0
    outer loop
      vertex -30.5706 17.3494 0
      vertex -30.4993 17.1986 2.4
      vertex -30.4993 17.1986 0
    endloop
  endfacet
  facet normal 0.941566 0.33683 0
    outer loop
      vertex -30.5706 17.3494 2.4
      vertex -30.6268 17.5065 0
      vertex -30.6268 17.5065 2.4
    endloop
  endfacet
  facet normal 0.941566 0.33683 0
    outer loop
      vertex -30.6268 17.5065 0
      vertex -30.5706 17.3494 2.4
      vertex -30.5706 17.3494 0
    endloop
  endfacet
  facet normal -0.904043 -0.427442 0
    outer loop
      vertex -27.4294 18.6506 1.5
      vertex -27.5007 18.8014 2.4
      vertex -27.5007 18.8014 1.5
    endloop
  endfacet
  facet normal -0.904043 -0.427442 0
    outer loop
      vertex -27.5007 18.8014 2.4
      vertex -27.4294 18.6506 1.5
      vertex -27.4294 18.6506 2.4
    endloop
  endfacet
  facet normal 0.970072 0.242818 0
    outer loop
      vertex -30.6268 17.5065 2.4
      vertex -30.6673 17.6683 0
      vertex -30.6673 17.6683 2.4
    endloop
  endfacet
  facet normal 0.970072 0.242818 0
    outer loop
      vertex -30.6673 17.6683 0
      vertex -30.6268 17.5065 2.4
      vertex -30.6268 17.5065 0
    endloop
  endfacet
  facet normal 0.595772 -0.803154 0
    outer loop
      vertex -30.0785 19.3141 0
      vertex -29.9445 19.4135 2.4
      vertex -30.0785 19.3141 2.4
    endloop
  endfacet
  facet normal 0.595772 -0.803154 0
    outer loop
      vertex -29.9445 19.4135 2.4
      vertex -30.0785 19.3141 0
      vertex -29.9445 19.4135 0
    endloop
  endfacet
  facet normal 0.146788 0.989168 -0
    outer loop
      vertex -29.1666 16.3082 0
      vertex -29.3317 16.3327 2.4
      vertex -29.1666 16.3082 2.4
    endloop
  endfacet
  facet normal 0.146788 0.989168 0
    outer loop
      vertex -29.3317 16.3327 2.4
      vertex -29.1666 16.3082 0
      vertex -29.3317 16.3327 0
    endloop
  endfacet
  facet normal -0.741024 0.671478 0
    outer loop
      vertex -27.7979 16.7979 1.5
      vertex -27.6859 16.9215 2.4
      vertex -27.6859 16.9215 1.5
    endloop
  endfacet
  facet normal -0.741024 0.671478 0
    outer loop
      vertex -27.6859 16.9215 2.4
      vertex -27.7979 16.7979 1.5
      vertex -27.7979 16.7979 2.4
    endloop
  endfacet
  facet normal -0.146505 0.98921 0
    outer loop
      vertex -28.75 16.3206 1.5
      vertex -28.6683 16.3327 2.4
      vertex -28.6683 16.3327 1.5
    endloop
  endfacet
  facet normal -0.146788 0.989168 2.62287e-05
    outer loop
      vertex -28.6683 16.3327 2.4
      vertex -28.75 16.3206 1.5
      vertex -28.8334 16.3082 2.4
    endloop
  endfacet
  facet normal -0.147064 0.989127 0
    outer loop
      vertex -28.8334 16.3082 0
      vertex -28.75 16.3206 1.5
      vertex -28.75 16.3206 0
    endloop
  endfacet
  facet normal -0.147064 0.989127 0
    outer loop
      vertex -28.75 16.3206 1.5
      vertex -28.8334 16.3082 0
      vertex -28.8334 16.3082 2.4
    endloop
  endfacet
  facet normal 0.514231 -0.857652 0
    outer loop
      vertex -29.9445 19.4135 0
      vertex -29.8014 19.4993 2.4
      vertex -29.9445 19.4135 2.4
    endloop
  endfacet
  facet normal 0.514231 -0.857652 0
    outer loop
      vertex -29.8014 19.4993 2.4
      vertex -29.9445 19.4135 0
      vertex -29.8014 19.4993 0
    endloop
  endfacet
  facet normal -0.0491602 -0.998791 0
    outer loop
      vertex -29 19.7 0
      vertex -28.8334 19.6918 2.4
      vertex -29 19.7 2.4
    endloop
  endfacet
  facet normal -0.0491602 -0.998791 -0
    outer loop
      vertex -28.8334 19.6918 2.4
      vertex -29 19.7 0
      vertex -28.8334 19.6918 0
    endloop
  endfacet
  facet normal 0.857652 0.514231 0
    outer loop
      vertex -30.4135 17.0555 2.4
      vertex -30.4993 17.1986 0
      vertex -30.4993 17.1986 2.4
    endloop
  endfacet
  facet normal 0.857652 0.514231 0
    outer loop
      vertex -30.4993 17.1986 0
      vertex -30.4135 17.0555 2.4
      vertex -30.4135 17.0555 0
    endloop
  endfacet
  facet normal -0.941566 -0.33683 0
    outer loop
      vertex -27.3732 18.4935 1.5
      vertex -27.4294 18.6506 2.4
      vertex -27.4294 18.6506 1.5
    endloop
  endfacet
  facet normal -0.941566 -0.33683 0
    outer loop
      vertex -27.4294 18.6506 2.4
      vertex -27.3732 18.4935 1.5
      vertex -27.3732 18.4935 2.4
    endloop
  endfacet
  facet normal -0.242818 -0.970072 0
    outer loop
      vertex -28.6683 19.6673 1.5
      vertex -28.5065 19.6268 2.4
      vertex -28.6683 19.6673 2.4
    endloop
  endfacet
  facet normal -0.242818 -0.970072 -0
    outer loop
      vertex -28.5065 19.6268 2.4
      vertex -28.6683 19.6673 1.5
      vertex -28.5065 19.6268 1.5
    endloop
  endfacet
  facet normal 0.941566 -0.33683 0
    outer loop
      vertex -30.6268 18.4935 2.4
      vertex -30.5706 18.6506 0
      vertex -30.5706 18.6506 2.4
    endloop
  endfacet
  facet normal 0.941566 -0.33683 0
    outer loop
      vertex -30.5706 18.6506 0
      vertex -30.6268 18.4935 2.4
      vertex -30.6268 18.4935 0
    endloop
  endfacet
  facet normal -0.671478 -0.741024 0
    outer loop
      vertex -27.9215 19.3141 1.5
      vertex -27.7979 19.2021 2.4
      vertex -27.9215 19.3141 2.4
    endloop
  endfacet
  facet normal -0.671478 -0.741024 -0
    outer loop
      vertex -27.7979 19.2021 2.4
      vertex -27.9215 19.3141 1.5
      vertex -27.7979 19.2021 1.5
    endloop
  endfacet
  facet normal 0.0491602 -0.998791 0
    outer loop
      vertex -29.1666 19.6918 0
      vertex -29 19.7 2.4
      vertex -29.1666 19.6918 2.4
    endloop
  endfacet
  facet normal 0.0491602 -0.998791 0
    outer loop
      vertex -29 19.7 2.4
      vertex -29.1666 19.6918 0
      vertex -29 19.7 0
    endloop
  endfacet
  facet normal -0.427442 0.904043 0
    outer loop
      vertex -28.1986 16.5007 1.5
      vertex -28.3494 16.4294 2.4
      vertex -28.1986 16.5007 2.4
    endloop
  endfacet
  facet normal -0.427442 0.904043 0
    outer loop
      vertex -28.3494 16.4294 2.4
      vertex -28.1986 16.5007 1.5
      vertex -28.3494 16.4294 1.5
    endloop
  endfacet
  facet normal -0.989168 0.146788 0
    outer loop
      vertex -27.3327 17.6683 1.5
      vertex -27.3082 17.8334 2.4
      vertex -27.3082 17.8334 1.5
    endloop
  endfacet
  facet normal -0.989168 0.146788 0
    outer loop
      vertex -27.3082 17.8334 2.4
      vertex -27.3327 17.6683 1.5
      vertex -27.3327 17.6683 2.4
    endloop
  endfacet
  facet normal -0.857652 -0.514231 0
    outer loop
      vertex -27.5007 18.8014 1.5
      vertex -27.5865 18.9445 2.4
      vertex -27.5865 18.9445 1.5
    endloop
  endfacet
  facet normal -0.857652 -0.514231 0
    outer loop
      vertex -27.5865 18.9445 2.4
      vertex -27.5007 18.8014 1.5
      vertex -27.5007 18.8014 2.4
    endloop
  endfacet
  facet normal 0.0491602 0.998791 -0
    outer loop
      vertex -29 16.3 0
      vertex -29.1666 16.3082 2.4
      vertex -29 16.3 2.4
    endloop
  endfacet
  facet normal 0.0491602 0.998791 0
    outer loop
      vertex -29.1666 16.3082 2.4
      vertex -29 16.3 0
      vertex -29.1666 16.3082 0
    endloop
  endfacet
  facet normal 0.671478 -0.741024 0
    outer loop
      vertex -30.2021 19.2021 0
      vertex -30.0785 19.3141 2.4
      vertex -30.2021 19.2021 2.4
    endloop
  endfacet
  facet normal 0.671478 -0.741024 0
    outer loop
      vertex -30.0785 19.3141 2.4
      vertex -30.2021 19.2021 0
      vertex -30.0785 19.3141 0
    endloop
  endfacet
  facet normal 0.741024 -0.671478 0
    outer loop
      vertex -30.3141 19.0785 2.4
      vertex -30.2021 19.2021 0
      vertex -30.2021 19.2021 2.4
    endloop
  endfacet
  facet normal 0.741024 -0.671478 0
    outer loop
      vertex -30.2021 19.2021 0
      vertex -30.3141 19.0785 2.4
      vertex -30.3141 19.0785 0
    endloop
  endfacet
  facet normal -0.904043 0.427442 0
    outer loop
      vertex -27.5007 17.1986 1.5
      vertex -27.4294 17.3494 2.4
      vertex -27.4294 17.3494 1.5
    endloop
  endfacet
  facet normal -0.904043 0.427442 0
    outer loop
      vertex -27.4294 17.3494 2.4
      vertex -27.5007 17.1986 1.5
      vertex -27.5007 17.1986 2.4
    endloop
  endfacet
  facet normal -0.0491602 0.998791 0
    outer loop
      vertex -28.8334 16.3082 0
      vertex -29 16.3 2.4
      vertex -28.8334 16.3082 2.4
    endloop
  endfacet
  facet normal -0.0491602 0.998791 0
    outer loop
      vertex -29 16.3 2.4
      vertex -28.8334 16.3082 0
      vertex -29 16.3 0
    endloop
  endfacet
  facet normal 0.671478 0.741024 -0
    outer loop
      vertex -30.0785 16.6859 0
      vertex -30.2021 16.7979 2.4
      vertex -30.0785 16.6859 2.4
    endloop
  endfacet
  facet normal 0.671478 0.741024 0
    outer loop
      vertex -30.2021 16.7979 2.4
      vertex -30.0785 16.6859 0
      vertex -30.2021 16.7979 0
    endloop
  endfacet
  facet normal -0.941566 0.33683 0
    outer loop
      vertex -27.4294 17.3494 1.5
      vertex -27.3732 17.5065 2.4
      vertex -27.3732 17.5065 1.5
    endloop
  endfacet
  facet normal -0.941566 0.33683 0
    outer loop
      vertex -27.3732 17.5065 2.4
      vertex -27.4294 17.3494 1.5
      vertex -27.4294 17.3494 2.4
    endloop
  endfacet
  facet normal -0.741024 -0.671478 0
    outer loop
      vertex -27.6859 19.0785 1.5
      vertex -27.7979 19.2021 2.4
      vertex -27.7979 19.2021 1.5
    endloop
  endfacet
  facet normal -0.741024 -0.671478 0
    outer loop
      vertex -27.7979 19.2021 2.4
      vertex -27.6859 19.0785 1.5
      vertex -27.6859 19.0785 2.4
    endloop
  endfacet
  facet normal 0.242818 0.970072 -0
    outer loop
      vertex -29.3317 16.3327 0
      vertex -29.4935 16.3732 2.4
      vertex -29.3317 16.3327 2.4
    endloop
  endfacet
  facet normal 0.242818 0.970072 0
    outer loop
      vertex -29.4935 16.3732 2.4
      vertex -29.3317 16.3327 0
      vertex -29.4935 16.3732 0
    endloop
  endfacet
  facet normal -0.595772 0.803154 0
    outer loop
      vertex -27.9215 16.6859 1.5
      vertex -28.0555 16.5865 2.4
      vertex -27.9215 16.6859 2.4
    endloop
  endfacet
  facet normal -0.595772 0.803154 0
    outer loop
      vertex -28.0555 16.5865 2.4
      vertex -27.9215 16.6859 1.5
      vertex -28.0555 16.5865 1.5
    endloop
  endfacet
  facet normal -0.857652 0.514231 0
    outer loop
      vertex -27.5865 17.0555 1.5
      vertex -27.5007 17.1986 2.4
      vertex -27.5007 17.1986 1.5
    endloop
  endfacet
  facet normal -0.857652 0.514231 0
    outer loop
      vertex -27.5007 17.1986 2.4
      vertex -27.5865 17.0555 1.5
      vertex -27.5865 17.0555 2.4
    endloop
  endfacet
  facet normal 0.803154 0.595772 0
    outer loop
      vertex -30.3141 16.9215 2.4
      vertex -30.4135 17.0555 0
      vertex -30.4135 17.0555 2.4
    endloop
  endfacet
  facet normal 0.803154 0.595772 0
    outer loop
      vertex -30.4135 17.0555 0
      vertex -30.3141 16.9215 2.4
      vertex -30.3141 16.9215 0
    endloop
  endfacet
  facet normal 0.857652 -0.514231 0
    outer loop
      vertex -30.4993 18.8014 2.4
      vertex -30.4135 18.9445 0
      vertex -30.4135 18.9445 2.4
    endloop
  endfacet
  facet normal 0.857652 -0.514231 0
    outer loop
      vertex -30.4135 18.9445 0
      vertex -30.4993 18.8014 2.4
      vertex -30.4993 18.8014 0
    endloop
  endfacet
  facet normal -0.33683 0.941566 0
    outer loop
      vertex -28.3494 16.4294 1.5
      vertex -28.5065 16.3732 2.4
      vertex -28.3494 16.4294 2.4
    endloop
  endfacet
  facet normal -0.33683 0.941566 0
    outer loop
      vertex -28.5065 16.3732 2.4
      vertex -28.3494 16.4294 1.5
      vertex -28.5065 16.3732 1.5
    endloop
  endfacet
  facet normal 0.998791 -0.0491602 0
    outer loop
      vertex -30.7 18 2.4
      vertex -30.6918 18.1666 0
      vertex -30.6918 18.1666 2.4
    endloop
  endfacet
  facet normal 0.998791 -0.0491602 0
    outer loop
      vertex -30.6918 18.1666 0
      vertex -30.7 18 2.4
      vertex -30.7 18 0
    endloop
  endfacet
  facet normal 0.998791 0.0491602 0
    outer loop
      vertex -30.6918 17.8334 2.4
      vertex -30.7 18 0
      vertex -30.7 18 2.4
    endloop
  endfacet
  facet normal 0.998791 0.0491602 0
    outer loop
      vertex -30.7 18 0
      vertex -30.6918 17.8334 2.4
      vertex -30.6918 17.8334 0
    endloop
  endfacet
  facet normal -0.989168 -0.146788 0
    outer loop
      vertex 30.6918 -17.8334 0
      vertex 30.6673 -17.6683 2.4
      vertex 30.6673 -17.6683 0
    endloop
  endfacet
  facet normal -0.989168 -0.146788 0
    outer loop
      vertex 30.6673 -17.6683 2.4
      vertex 30.6918 -17.8334 0
      vertex 30.6918 -17.8334 2.4
    endloop
  endfacet
  facet normal -0.998791 -0.0491602 0
    outer loop
      vertex 30.7 -18 0
      vertex 30.6918 -17.8334 2.4
      vertex 30.6918 -17.8334 0
    endloop
  endfacet
  facet normal -0.998791 -0.0491602 0
    outer loop
      vertex 30.6918 -17.8334 2.4
      vertex 30.7 -18 0
      vertex 30.7 -18 2.4
    endloop
  endfacet
  facet normal -0.970072 -0.242818 0
    outer loop
      vertex 30.6673 -17.6683 0
      vertex 30.6268 -17.5065 2.4
      vertex 30.6268 -17.5065 0
    endloop
  endfacet
  facet normal -0.970072 -0.242818 0
    outer loop
      vertex 30.6268 -17.5065 2.4
      vertex 30.6673 -17.6683 0
      vertex 30.6673 -17.6683 2.4
    endloop
  endfacet
  facet normal -0.427442 0.904043 0
    outer loop
      vertex 29.8014 -19.4993 0
      vertex 29.6506 -19.5706 2.4
      vertex 29.8014 -19.4993 2.4
    endloop
  endfacet
  facet normal -0.427442 0.904043 0
    outer loop
      vertex 29.6506 -19.5706 2.4
      vertex 29.8014 -19.4993 0
      vertex 29.6506 -19.5706 0
    endloop
  endfacet
  facet normal 0.0491602 -0.998791 0
    outer loop
      vertex 28.8334 -16.3082 0
      vertex 29 -16.3 2.4
      vertex 28.8334 -16.3082 2.4
    endloop
  endfacet
  facet normal 0.0491602 -0.998791 0
    outer loop
      vertex 29 -16.3 2.4
      vertex 28.8334 -16.3082 0
      vertex 29 -16.3 0
    endloop
  endfacet
  facet normal 0.427442 -0.904043 0
    outer loop
      vertex 28.1986 -16.5007 0
      vertex 28.3494 -16.4294 2.4
      vertex 28.1986 -16.5007 2.4
    endloop
  endfacet
  facet normal 0.427442 -0.904043 0
    outer loop
      vertex 28.3494 -16.4294 2.4
      vertex 28.1986 -16.5007 0
      vertex 28.3494 -16.4294 0
    endloop
  endfacet
  facet normal -0.741024 -0.671478 0
    outer loop
      vertex 30.3141 -16.9215 0
      vertex 30.2021 -16.7979 2.4
      vertex 30.2021 -16.7979 0
    endloop
  endfacet
  facet normal -0.741024 -0.671478 0
    outer loop
      vertex 30.2021 -16.7979 2.4
      vertex 30.3141 -16.9215 0
      vertex 30.3141 -16.9215 2.4
    endloop
  endfacet
  facet normal 0.146788 0.989168 -0
    outer loop
      vertex 28.8334 -19.6918 0
      vertex 28.6683 -19.6673 2.4
      vertex 28.8334 -19.6918 2.4
    endloop
  endfacet
  facet normal 0.146788 0.989168 0
    outer loop
      vertex 28.6683 -19.6673 2.4
      vertex 28.8334 -19.6918 0
      vertex 28.6683 -19.6673 0
    endloop
  endfacet
  facet normal -0.427442 -0.904043 0
    outer loop
      vertex 29.6506 -16.4294 0
      vertex 29.8014 -16.5007 2.4
      vertex 29.6506 -16.4294 2.4
    endloop
  endfacet
  facet normal -0.427442 -0.904043 -0
    outer loop
      vertex 29.8014 -16.5007 2.4
      vertex 29.6506 -16.4294 0
      vertex 29.8014 -16.5007 0
    endloop
  endfacet
  facet normal 0.146788 -0.989168 0
    outer loop
      vertex 28.6683 -16.3327 0
      vertex 28.8334 -16.3082 2.4
      vertex 28.6683 -16.3327 2.4
    endloop
  endfacet
  facet normal 0.146788 -0.989168 0
    outer loop
      vertex 28.8334 -16.3082 2.4
      vertex 28.6683 -16.3327 0
      vertex 28.8334 -16.3082 0
    endloop
  endfacet
  facet normal -0.242818 0.970072 0
    outer loop
      vertex 29.4935 -19.6268 0
      vertex 29.3317 -19.6673 2.4
      vertex 29.4935 -19.6268 2.4
    endloop
  endfacet
  facet normal -0.242818 0.970072 0
    outer loop
      vertex 29.3317 -19.6673 2.4
      vertex 29.4935 -19.6268 0
      vertex 29.3317 -19.6673 0
    endloop
  endfacet
  facet normal 0.595772 -0.803154 0
    outer loop
      vertex 27.9215 -16.6859 0
      vertex 28.0555 -16.5865 2.4
      vertex 27.9215 -16.6859 2.4
    endloop
  endfacet
  facet normal 0.595772 -0.803154 0
    outer loop
      vertex 28.0555 -16.5865 2.4
      vertex 27.9215 -16.6859 0
      vertex 28.0555 -16.5865 0
    endloop
  endfacet
  facet normal 0.904043 -0.427442 0
    outer loop
      vertex 27.4294 -17.3494 2.4
      vertex 27.5007 -17.1986 0
      vertex 27.5007 -17.1986 2.4
    endloop
  endfacet
  facet normal 0.904043 -0.427442 0
    outer loop
      vertex 27.5007 -17.1986 0
      vertex 27.4294 -17.3494 2.4
      vertex 27.4294 -17.3494 0
    endloop
  endfacet
  facet normal 0.427442 0.904043 -0
    outer loop
      vertex 28.3494 -19.5706 0
      vertex 28.1986 -19.4993 2.4
      vertex 28.3494 -19.5706 2.4
    endloop
  endfacet
  facet normal 0.427442 0.904043 0
    outer loop
      vertex 28.1986 -19.4993 2.4
      vertex 28.3494 -19.5706 0
      vertex 28.1986 -19.4993 0
    endloop
  endfacet
  facet normal 0.595772 0.803154 -0
    outer loop
      vertex 28.0555 -19.4135 0
      vertex 27.9215 -19.3141 2.4
      vertex 28.0555 -19.4135 2.4
    endloop
  endfacet
  facet normal 0.595772 0.803154 0
    outer loop
      vertex 27.9215 -19.3141 2.4
      vertex 28.0555 -19.4135 0
      vertex 27.9215 -19.3141 0
    endloop
  endfacet
  facet normal 0.904043 0.427442 0
    outer loop
      vertex 27.5007 -18.8014 2.4
      vertex 27.4294 -18.6506 0
      vertex 27.4294 -18.6506 2.4
    endloop
  endfacet
  facet normal 0.904043 0.427442 0
    outer loop
      vertex 27.4294 -18.6506 0
      vertex 27.5007 -18.8014 2.4
      vertex 27.5007 -18.8014 0
    endloop
  endfacet
  facet normal -0.514231 -0.857652 0
    outer loop
      vertex 29.8014 -16.5007 0
      vertex 29.9445 -16.5865 2.4
      vertex 29.8014 -16.5007 2.4
    endloop
  endfacet
  facet normal -0.514231 -0.857652 -0
    outer loop
      vertex 29.9445 -16.5865 2.4
      vertex 29.8014 -16.5007 0
      vertex 29.9445 -16.5865 0
    endloop
  endfacet
  facet normal 0.998791 0.0491602 0
    outer loop
      vertex 27.3082 -18.1666 2.4
      vertex 27.3 -18 0
      vertex 27.3 -18 2.4
    endloop
  endfacet
  facet normal 0.998791 0.0491602 0
    outer loop
      vertex 27.3 -18 0
      vertex 27.3082 -18.1666 2.4
      vertex 27.3082 -18.1666 0
    endloop
  endfacet
  facet normal 0.33683 0.941566 -0
    outer loop
      vertex 28.5065 -19.6268 0
      vertex 28.3494 -19.5706 2.4
      vertex 28.5065 -19.6268 2.4
    endloop
  endfacet
  facet normal 0.33683 0.941566 0
    outer loop
      vertex 28.3494 -19.5706 2.4
      vertex 28.5065 -19.6268 0
      vertex 28.3494 -19.5706 0
    endloop
  endfacet
  facet normal -0.595772 -0.803154 0
    outer loop
      vertex 29.9445 -16.5865 0
      vertex 30.0785 -16.6859 2.4
      vertex 29.9445 -16.5865 2.4
    endloop
  endfacet
  facet normal -0.595772 -0.803154 -0
    outer loop
      vertex 30.0785 -16.6859 2.4
      vertex 29.9445 -16.5865 0
      vertex 30.0785 -16.6859 0
    endloop
  endfacet
  facet normal -0.970072 0.242818 0
    outer loop
      vertex 30.6268 -18.4935 0
      vertex 30.6673 -18.3317 2.4
      vertex 30.6673 -18.3317 0
    endloop
  endfacet
  facet normal -0.970072 0.242818 0
    outer loop
      vertex 30.6673 -18.3317 2.4
      vertex 30.6268 -18.4935 0
      vertex 30.6268 -18.4935 2.4
    endloop
  endfacet
  facet normal 0.941566 0.33683 0
    outer loop
      vertex 27.4294 -18.6506 2.4
      vertex 27.3732 -18.4935 0
      vertex 27.3732 -18.4935 2.4
    endloop
  endfacet
  facet normal 0.941566 0.33683 0
    outer loop
      vertex 27.3732 -18.4935 0
      vertex 27.4294 -18.6506 2.4
      vertex 27.4294 -18.6506 0
    endloop
  endfacet
  facet normal -0.242818 -0.970072 0
    outer loop
      vertex 29.3317 -16.3327 0
      vertex 29.4935 -16.3732 2.4
      vertex 29.3317 -16.3327 2.4
    endloop
  endfacet
  facet normal -0.242818 -0.970072 -0
    outer loop
      vertex 29.4935 -16.3732 2.4
      vertex 29.3317 -16.3327 0
      vertex 29.4935 -16.3732 0
    endloop
  endfacet
  facet normal 0.741024 -0.671478 0
    outer loop
      vertex 27.6859 -16.9215 2.4
      vertex 27.7979 -16.7979 0
      vertex 27.7979 -16.7979 2.4
    endloop
  endfacet
  facet normal 0.741024 -0.671478 0
    outer loop
      vertex 27.7979 -16.7979 0
      vertex 27.6859 -16.9215 2.4
      vertex 27.6859 -16.9215 0
    endloop
  endfacet
  facet normal -0.0491602 0.998791 0
    outer loop
      vertex 29.1666 -19.6918 0
      vertex 29 -19.7 2.4
      vertex 29.1666 -19.6918 2.4
    endloop
  endfacet
  facet normal -0.0491602 0.998791 0
    outer loop
      vertex 29 -19.7 2.4
      vertex 29.1666 -19.6918 0
      vertex 29 -19.7 0
    endloop
  endfacet
  facet normal -0.803154 -0.595772 0
    outer loop
      vertex 30.4135 -17.0555 0
      vertex 30.3141 -16.9215 2.4
      vertex 30.3141 -16.9215 0
    endloop
  endfacet
  facet normal -0.803154 -0.595772 0
    outer loop
      vertex 30.3141 -16.9215 2.4
      vertex 30.4135 -17.0555 0
      vertex 30.4135 -17.0555 2.4
    endloop
  endfacet
  facet normal 0.970072 0.242818 0
    outer loop
      vertex 27.3732 -18.4935 2.4
      vertex 27.3327 -18.3317 0
      vertex 27.3327 -18.3317 2.4
    endloop
  endfacet
  facet normal 0.970072 0.242818 0
    outer loop
      vertex 27.3327 -18.3317 0
      vertex 27.3732 -18.4935 2.4
      vertex 27.3732 -18.4935 0
    endloop
  endfacet
  facet normal -0.989168 0.146788 0
    outer loop
      vertex 30.6673 -18.3317 0
      vertex 30.6918 -18.1666 2.4
      vertex 30.6918 -18.1666 0
    endloop
  endfacet
  facet normal -0.989168 0.146788 0
    outer loop
      vertex 30.6918 -18.1666 2.4
      vertex 30.6673 -18.3317 0
      vertex 30.6673 -18.3317 2.4
    endloop
  endfacet
  facet normal -0.514231 0.857652 0
    outer loop
      vertex 29.9445 -19.4135 0
      vertex 29.8014 -19.4993 2.4
      vertex 29.9445 -19.4135 2.4
    endloop
  endfacet
  facet normal -0.514231 0.857652 0
    outer loop
      vertex 29.8014 -19.4993 2.4
      vertex 29.9445 -19.4135 0
      vertex 29.8014 -19.4993 0
    endloop
  endfacet
  facet normal 0.941566 -0.33683 0
    outer loop
      vertex 27.3732 -17.5065 2.4
      vertex 27.4294 -17.3494 0
      vertex 27.4294 -17.3494 2.4
    endloop
  endfacet
  facet normal 0.941566 -0.33683 0
    outer loop
      vertex 27.4294 -17.3494 0
      vertex 27.3732 -17.5065 2.4
      vertex 27.3732 -17.5065 0
    endloop
  endfacet
  facet normal -0.671478 -0.741024 0
    outer loop
      vertex 30.0785 -16.6859 0
      vertex 30.2021 -16.7979 2.4
      vertex 30.0785 -16.6859 2.4
    endloop
  endfacet
  facet normal -0.671478 -0.741024 -0
    outer loop
      vertex 30.2021 -16.7979 2.4
      vertex 30.0785 -16.6859 0
      vertex 30.2021 -16.7979 0
    endloop
  endfacet
  facet normal 0.989168 -0.146788 0
    outer loop
      vertex 27.3082 -17.8334 2.4
      vertex 27.3327 -17.6683 0
      vertex 27.3327 -17.6683 2.4
    endloop
  endfacet
  facet normal 0.989168 -0.146788 0
    outer loop
      vertex 27.3327 -17.6683 0
      vertex 27.3082 -17.8334 2.4
      vertex 27.3082 -17.8334 0
    endloop
  endfacet
  facet normal -0.904043 0.427442 0
    outer loop
      vertex 30.4993 -18.8014 0
      vertex 30.5706 -18.6506 2.4
      vertex 30.5706 -18.6506 0
    endloop
  endfacet
  facet normal -0.904043 0.427442 0
    outer loop
      vertex 30.5706 -18.6506 2.4
      vertex 30.4993 -18.8014 0
      vertex 30.4993 -18.8014 2.4
    endloop
  endfacet
  facet normal -0.33683 -0.941566 0
    outer loop
      vertex 29.4935 -16.3732 0
      vertex 29.6506 -16.4294 2.4
      vertex 29.4935 -16.3732 2.4
    endloop
  endfacet
  facet normal -0.33683 -0.941566 -0
    outer loop
      vertex 29.6506 -16.4294 2.4
      vertex 29.4935 -16.3732 0
      vertex 29.6506 -16.4294 0
    endloop
  endfacet
  facet normal -0.998791 0.0491602 0
    outer loop
      vertex 30.6918 -18.1666 0
      vertex 30.7 -18 2.4
      vertex 30.7 -18 0
    endloop
  endfacet
  facet normal -0.998791 0.0491602 0
    outer loop
      vertex 30.7 -18 2.4
      vertex 30.6918 -18.1666 0
      vertex 30.6918 -18.1666 2.4
    endloop
  endfacet
  facet normal -0.146788 0.989168 0
    outer loop
      vertex 29.3317 -19.6673 0
      vertex 29.1666 -19.6918 2.4
      vertex 29.3317 -19.6673 2.4
    endloop
  endfacet
  facet normal -0.146788 0.989168 0
    outer loop
      vertex 29.1666 -19.6918 2.4
      vertex 29.3317 -19.6673 0
      vertex 29.1666 -19.6918 0
    endloop
  endfacet
  facet normal -0.941566 -0.33683 0
    outer loop
      vertex 30.6268 -17.5065 0
      vertex 30.5706 -17.3494 2.4
      vertex 30.5706 -17.3494 0
    endloop
  endfacet
  facet normal -0.941566 -0.33683 0
    outer loop
      vertex 30.5706 -17.3494 2.4
      vertex 30.6268 -17.5065 0
      vertex 30.6268 -17.5065 2.4
    endloop
  endfacet
  facet normal -0.803154 0.595772 0
    outer loop
      vertex 30.3141 -19.0785 0
      vertex 30.4135 -18.9445 2.4
      vertex 30.4135 -18.9445 0
    endloop
  endfacet
  facet normal -0.803154 0.595772 0
    outer loop
      vertex 30.4135 -18.9445 2.4
      vertex 30.3141 -19.0785 0
      vertex 30.3141 -19.0785 2.4
    endloop
  endfacet
  facet normal -0.857652 0.514231 0
    outer loop
      vertex 30.4135 -18.9445 0
      vertex 30.4993 -18.8014 2.4
      vertex 30.4993 -18.8014 0
    endloop
  endfacet
  facet normal -0.857652 0.514231 0
    outer loop
      vertex 30.4993 -18.8014 2.4
      vertex 30.4135 -18.9445 0
      vertex 30.4135 -18.9445 2.4
    endloop
  endfacet
  facet normal 0.242818 -0.970072 0
    outer loop
      vertex 28.5065 -16.3732 0
      vertex 28.6683 -16.3327 2.4
      vertex 28.5065 -16.3732 2.4
    endloop
  endfacet
  facet normal 0.242818 -0.970072 0
    outer loop
      vertex 28.6683 -16.3327 2.4
      vertex 28.5065 -16.3732 0
      vertex 28.6683 -16.3327 0
    endloop
  endfacet
  facet normal -0.941566 0.33683 0
    outer loop
      vertex 30.5706 -18.6506 0
      vertex 30.6268 -18.4935 2.4
      vertex 30.6268 -18.4935 0
    endloop
  endfacet
  facet normal -0.941566 0.33683 0
    outer loop
      vertex 30.6268 -18.4935 2.4
      vertex 30.5706 -18.6506 0
      vertex 30.5706 -18.6506 2.4
    endloop
  endfacet
  facet normal -0.0491602 -0.998791 0
    outer loop
      vertex 29 -16.3 0
      vertex 29.1666 -16.3082 2.4
      vertex 29 -16.3 2.4
    endloop
  endfacet
  facet normal -0.0491602 -0.998791 -0
    outer loop
      vertex 29.1666 -16.3082 2.4
      vertex 29 -16.3 0
      vertex 29.1666 -16.3082 0
    endloop
  endfacet
  facet normal 0.514231 -0.857652 0
    outer loop
      vertex 28.0555 -16.5865 0
      vertex 28.1986 -16.5007 2.4
      vertex 28.0555 -16.5865 2.4
    endloop
  endfacet
  facet normal 0.514231 -0.857652 0
    outer loop
      vertex 28.1986 -16.5007 2.4
      vertex 28.0555 -16.5865 0
      vertex 28.1986 -16.5007 0
    endloop
  endfacet
  facet normal -0.904043 -0.427442 0
    outer loop
      vertex 30.5706 -17.3494 0
      vertex 30.4993 -17.1986 2.4
      vertex 30.4993 -17.1986 0
    endloop
  endfacet
  facet normal -0.904043 -0.427442 0
    outer loop
      vertex 30.4993 -17.1986 2.4
      vertex 30.5706 -17.3494 0
      vertex 30.5706 -17.3494 2.4
    endloop
  endfacet
  facet normal -0.146788 -0.989168 0
    outer loop
      vertex 29.1666 -16.3082 0
      vertex 29.3317 -16.3327 2.4
      vertex 29.1666 -16.3082 2.4
    endloop
  endfacet
  facet normal -0.146788 -0.989168 -0
    outer loop
      vertex 29.3317 -16.3327 2.4
      vertex 29.1666 -16.3082 0
      vertex 29.3317 -16.3327 0
    endloop
  endfacet
  facet normal 0.242818 0.970072 -0
    outer loop
      vertex 28.6683 -19.6673 0
      vertex 28.5065 -19.6268 2.4
      vertex 28.6683 -19.6673 2.4
    endloop
  endfacet
  facet normal 0.242818 0.970072 0
    outer loop
      vertex 28.5065 -19.6268 2.4
      vertex 28.6683 -19.6673 0
      vertex 28.5065 -19.6268 0
    endloop
  endfacet
  facet normal 0.857652 0.514231 0
    outer loop
      vertex 27.5865 -18.9445 2.4
      vertex 27.5007 -18.8014 0
      vertex 27.5007 -18.8014 2.4
    endloop
  endfacet
  facet normal 0.857652 0.514231 0
    outer loop
      vertex 27.5007 -18.8014 0
      vertex 27.5865 -18.9445 2.4
      vertex 27.5865 -18.9445 0
    endloop
  endfacet
  facet normal -0.857652 -0.514231 0
    outer loop
      vertex 30.4993 -17.1986 0
      vertex 30.4135 -17.0555 2.4
      vertex 30.4135 -17.0555 0
    endloop
  endfacet
  facet normal -0.857652 -0.514231 0
    outer loop
      vertex 30.4135 -17.0555 2.4
      vertex 30.4993 -17.1986 0
      vertex 30.4993 -17.1986 2.4
    endloop
  endfacet
  facet normal 0.33683 -0.941566 0
    outer loop
      vertex 28.3494 -16.4294 0
      vertex 28.5065 -16.3732 2.4
      vertex 28.3494 -16.4294 2.4
    endloop
  endfacet
  facet normal 0.33683 -0.941566 0
    outer loop
      vertex 28.5065 -16.3732 2.4
      vertex 28.3494 -16.4294 0
      vertex 28.5065 -16.3732 0
    endloop
  endfacet
  facet normal 0.741024 0.671478 0
    outer loop
      vertex 27.7979 -19.2021 2.4
      vertex 27.6859 -19.0785 0
      vertex 27.6859 -19.0785 2.4
    endloop
  endfacet
  facet normal 0.741024 0.671478 0
    outer loop
      vertex 27.6859 -19.0785 0
      vertex 27.7979 -19.2021 2.4
      vertex 27.7979 -19.2021 0
    endloop
  endfacet
  facet normal 0.671478 -0.741024 0
    outer loop
      vertex 27.7979 -16.7979 0
      vertex 27.9215 -16.6859 2.4
      vertex 27.7979 -16.7979 2.4
    endloop
  endfacet
  facet normal 0.671478 -0.741024 0
    outer loop
      vertex 27.9215 -16.6859 2.4
      vertex 27.7979 -16.7979 0
      vertex 27.9215 -16.6859 0
    endloop
  endfacet
  facet normal 0.514231 0.857652 -0
    outer loop
      vertex 28.1986 -19.4993 0
      vertex 28.0555 -19.4135 2.4
      vertex 28.1986 -19.4993 2.4
    endloop
  endfacet
  facet normal 0.514231 0.857652 0
    outer loop
      vertex 28.0555 -19.4135 2.4
      vertex 28.1986 -19.4993 0
      vertex 28.0555 -19.4135 0
    endloop
  endfacet
  facet normal 0.970072 -0.242818 0
    outer loop
      vertex 27.3327 -17.6683 2.4
      vertex 27.3732 -17.5065 0
      vertex 27.3732 -17.5065 2.4
    endloop
  endfacet
  facet normal 0.970072 -0.242818 0
    outer loop
      vertex 27.3732 -17.5065 0
      vertex 27.3327 -17.6683 2.4
      vertex 27.3327 -17.6683 0
    endloop
  endfacet
  facet normal -0.33683 0.941566 0
    outer loop
      vertex 29.6506 -19.5706 0
      vertex 29.4935 -19.6268 2.4
      vertex 29.6506 -19.5706 2.4
    endloop
  endfacet
  facet normal -0.33683 0.941566 0
    outer loop
      vertex 29.4935 -19.6268 2.4
      vertex 29.6506 -19.5706 0
      vertex 29.4935 -19.6268 0
    endloop
  endfacet
  facet normal 0.803154 0.595772 0
    outer loop
      vertex 27.6859 -19.0785 2.4
      vertex 27.5865 -18.9445 0
      vertex 27.5865 -18.9445 2.4
    endloop
  endfacet
  facet normal 0.803154 0.595772 0
    outer loop
      vertex 27.5865 -18.9445 0
      vertex 27.6859 -19.0785 2.4
      vertex 27.6859 -19.0785 0
    endloop
  endfacet
  facet normal 0.989168 0.146788 0
    outer loop
      vertex 27.3327 -18.3317 2.4
      vertex 27.3082 -18.1666 0
      vertex 27.3082 -18.1666 2.4
    endloop
  endfacet
  facet normal 0.989168 0.146788 0
    outer loop
      vertex 27.3082 -18.1666 0
      vertex 27.3327 -18.3317 2.4
      vertex 27.3327 -18.3317 0
    endloop
  endfacet
  facet normal -0.595772 0.803154 0
    outer loop
      vertex 30.0785 -19.3141 0
      vertex 29.9445 -19.4135 2.4
      vertex 30.0785 -19.3141 2.4
    endloop
  endfacet
  facet normal -0.595772 0.803154 0
    outer loop
      vertex 29.9445 -19.4135 2.4
      vertex 30.0785 -19.3141 0
      vertex 29.9445 -19.4135 0
    endloop
  endfacet
  facet normal 0.671478 0.741024 -0
    outer loop
      vertex 27.9215 -19.3141 0
      vertex 27.7979 -19.2021 2.4
      vertex 27.9215 -19.3141 2.4
    endloop
  endfacet
  facet normal 0.671478 0.741024 0
    outer loop
      vertex 27.7979 -19.2021 2.4
      vertex 27.9215 -19.3141 0
      vertex 27.7979 -19.2021 0
    endloop
  endfacet
  facet normal 0.803154 -0.595772 0
    outer loop
      vertex 27.5865 -17.0555 2.4
      vertex 27.6859 -16.9215 0
      vertex 27.6859 -16.9215 2.4
    endloop
  endfacet
  facet normal 0.803154 -0.595772 0
    outer loop
      vertex 27.6859 -16.9215 0
      vertex 27.5865 -17.0555 2.4
      vertex 27.5865 -17.0555 0
    endloop
  endfacet
  facet normal 0.857652 -0.514231 0
    outer loop
      vertex 27.5007 -17.1986 2.4
      vertex 27.5865 -17.0555 0
      vertex 27.5865 -17.0555 2.4
    endloop
  endfacet
  facet normal 0.857652 -0.514231 0
    outer loop
      vertex 27.5865 -17.0555 0
      vertex 27.5007 -17.1986 2.4
      vertex 27.5007 -17.1986 0
    endloop
  endfacet
  facet normal 0.0491602 0.998791 -0
    outer loop
      vertex 29 -19.7 0
      vertex 28.8334 -19.6918 2.4
      vertex 29 -19.7 2.4
    endloop
  endfacet
  facet normal 0.0491602 0.998791 0
    outer loop
      vertex 28.8334 -19.6918 2.4
      vertex 29 -19.7 0
      vertex 28.8334 -19.6918 0
    endloop
  endfacet
  facet normal 0.998791 -0.0491602 0
    outer loop
      vertex 27.3 -18 2.4
      vertex 27.3082 -17.8334 0
      vertex 27.3082 -17.8334 2.4
    endloop
  endfacet
  facet normal 0.998791 -0.0491602 0
    outer loop
      vertex 27.3082 -17.8334 0
      vertex 27.3 -18 2.4
      vertex 27.3 -18 0
    endloop
  endfacet
  facet normal -0.741024 0.671478 0
    outer loop
      vertex 30.2021 -19.2021 0
      vertex 30.3141 -19.0785 2.4
      vertex 30.3141 -19.0785 0
    endloop
  endfacet
  facet normal -0.741024 0.671478 0
    outer loop
      vertex 30.3141 -19.0785 2.4
      vertex 30.2021 -19.2021 0
      vertex 30.2021 -19.2021 2.4
    endloop
  endfacet
  facet normal -0.671478 0.741024 0
    outer loop
      vertex 30.2021 -19.2021 0
      vertex 30.0785 -19.3141 2.4
      vertex 30.2021 -19.2021 2.4
    endloop
  endfacet
  facet normal -0.671478 0.741024 0
    outer loop
      vertex 30.0785 -19.3141 2.4
      vertex 30.2021 -19.2021 0
      vertex 30.0785 -19.3141 0
    endloop
  endfacet
  facet normal -0.989168 -0.146788 0
    outer loop
      vertex -27.3082 -17.8334 0
      vertex -27.3327 -17.6683 2.4
      vertex -27.3327 -17.6683 0
    endloop
  endfacet
  facet normal -0.989168 -0.146788 0
    outer loop
      vertex -27.3327 -17.6683 2.4
      vertex -27.3082 -17.8334 0
      vertex -27.3082 -17.8334 2.4
    endloop
  endfacet
  facet normal -0.998791 -0.0491602 0
    outer loop
      vertex -27.3 -18 0
      vertex -27.3082 -17.8334 2.4
      vertex -27.3082 -17.8334 0
    endloop
  endfacet
  facet normal -0.998791 -0.0491602 0
    outer loop
      vertex -27.3082 -17.8334 2.4
      vertex -27.3 -18 0
      vertex -27.3 -18 2.4
    endloop
  endfacet
  facet normal -0.970072 -0.242818 0
    outer loop
      vertex -27.3327 -17.6683 0
      vertex -27.3732 -17.5065 2.4
      vertex -27.3732 -17.5065 0
    endloop
  endfacet
  facet normal -0.970072 -0.242818 0
    outer loop
      vertex -27.3732 -17.5065 2.4
      vertex -27.3327 -17.6683 0
      vertex -27.3327 -17.6683 2.4
    endloop
  endfacet
  facet normal -0.427442 0.904043 0
    outer loop
      vertex -28.1986 -19.4993 0
      vertex -28.3494 -19.5706 2.4
      vertex -28.1986 -19.4993 2.4
    endloop
  endfacet
  facet normal -0.427442 0.904043 0
    outer loop
      vertex -28.3494 -19.5706 2.4
      vertex -28.1986 -19.4993 0
      vertex -28.3494 -19.5706 0
    endloop
  endfacet
  facet normal 0.0491602 -0.998791 0
    outer loop
      vertex -29.1666 -16.3082 0
      vertex -29 -16.3 2.4
      vertex -29.1666 -16.3082 2.4
    endloop
  endfacet
  facet normal 0.0491602 -0.998791 0
    outer loop
      vertex -29 -16.3 2.4
      vertex -29.1666 -16.3082 0
      vertex -29 -16.3 0
    endloop
  endfacet
  facet normal 0.427442 -0.904043 0
    outer loop
      vertex -29.8014 -16.5007 0
      vertex -29.6506 -16.4294 2.4
      vertex -29.8014 -16.5007 2.4
    endloop
  endfacet
  facet normal 0.427442 -0.904043 0
    outer loop
      vertex -29.6506 -16.4294 2.4
      vertex -29.8014 -16.5007 0
      vertex -29.6506 -16.4294 0
    endloop
  endfacet
  facet normal -0.741024 -0.671478 0
    outer loop
      vertex -27.6859 -16.9215 0
      vertex -27.7979 -16.7979 2.4
      vertex -27.7979 -16.7979 0
    endloop
  endfacet
  facet normal -0.741024 -0.671478 0
    outer loop
      vertex -27.7979 -16.7979 2.4
      vertex -27.6859 -16.9215 0
      vertex -27.6859 -16.9215 2.4
    endloop
  endfacet
  facet normal 0.146788 0.989168 -0
    outer loop
      vertex -29.1666 -19.6918 0
      vertex -29.3317 -19.6673 2.4
      vertex -29.1666 -19.6918 2.4
    endloop
  endfacet
  facet normal 0.146788 0.989168 0
    outer loop
      vertex -29.3317 -19.6673 2.4
      vertex -29.1666 -19.6918 0
      vertex -29.3317 -19.6673 0
    endloop
  endfacet
  facet normal -0.427442 -0.904043 0
    outer loop
      vertex -28.3494 -16.4294 0
      vertex -28.1986 -16.5007 2.4
      vertex -28.3494 -16.4294 2.4
    endloop
  endfacet
  facet normal -0.427442 -0.904043 -0
    outer loop
      vertex -28.1986 -16.5007 2.4
      vertex -28.3494 -16.4294 0
      vertex -28.1986 -16.5007 0
    endloop
  endfacet
  facet normal 0.146788 -0.989168 0
    outer loop
      vertex -29.3317 -16.3327 0
      vertex -29.1666 -16.3082 2.4
      vertex -29.3317 -16.3327 2.4
    endloop
  endfacet
  facet normal 0.146788 -0.989168 0
    outer loop
      vertex -29.1666 -16.3082 2.4
      vertex -29.3317 -16.3327 0
      vertex -29.1666 -16.3082 0
    endloop
  endfacet
  facet normal -0.242818 0.970072 0
    outer loop
      vertex -28.5065 -19.6268 0
      vertex -28.6683 -19.6673 2.4
      vertex -28.5065 -19.6268 2.4
    endloop
  endfacet
  facet normal -0.242818 0.970072 0
    outer loop
      vertex -28.6683 -19.6673 2.4
      vertex -28.5065 -19.6268 0
      vertex -28.6683 -19.6673 0
    endloop
  endfacet
  facet normal 0.595772 -0.803154 0
    outer loop
      vertex -30.0785 -16.6859 0
      vertex -29.9445 -16.5865 2.4
      vertex -30.0785 -16.6859 2.4
    endloop
  endfacet
  facet normal 0.595772 -0.803154 0
    outer loop
      vertex -29.9445 -16.5865 2.4
      vertex -30.0785 -16.6859 0
      vertex -29.9445 -16.5865 0
    endloop
  endfacet
  facet normal 0.904043 -0.427442 0
    outer loop
      vertex -30.5706 -17.3494 2.4
      vertex -30.4993 -17.1986 0
      vertex -30.4993 -17.1986 2.4
    endloop
  endfacet
  facet normal 0.904043 -0.427442 0
    outer loop
      vertex -30.4993 -17.1986 0
      vertex -30.5706 -17.3494 2.4
      vertex -30.5706 -17.3494 0
    endloop
  endfacet
  facet normal 0.427442 0.904043 -0
    outer loop
      vertex -29.6506 -19.5706 0
      vertex -29.8014 -19.4993 2.4
      vertex -29.6506 -19.5706 2.4
    endloop
  endfacet
  facet normal 0.427442 0.904043 0
    outer loop
      vertex -29.8014 -19.4993 2.4
      vertex -29.6506 -19.5706 0
      vertex -29.8014 -19.4993 0
    endloop
  endfacet
  facet normal -0.33683 0.941566 0
    outer loop
      vertex -28.3494 -19.5706 0
      vertex -28.5065 -19.6268 2.4
      vertex -28.3494 -19.5706 2.4
    endloop
  endfacet
  facet normal -0.33683 0.941566 0
    outer loop
      vertex -28.5065 -19.6268 2.4
      vertex -28.3494 -19.5706 0
      vertex -28.5065 -19.6268 0
    endloop
  endfacet
  facet normal 0.595772 0.803154 -0
    outer loop
      vertex -29.9445 -19.4135 0
      vertex -30.0785 -19.3141 2.4
      vertex -29.9445 -19.4135 2.4
    endloop
  endfacet
  facet normal 0.595772 0.803154 0
    outer loop
      vertex -30.0785 -19.3141 2.4
      vertex -29.9445 -19.4135 0
      vertex -30.0785 -19.3141 0
    endloop
  endfacet
  facet normal 0.904043 0.427442 0
    outer loop
      vertex -30.4993 -18.8014 2.4
      vertex -30.5706 -18.6506 0
      vertex -30.5706 -18.6506 2.4
    endloop
  endfacet
  facet normal 0.904043 0.427442 0
    outer loop
      vertex -30.5706 -18.6506 0
      vertex -30.4993 -18.8014 2.4
      vertex -30.4993 -18.8014 0
    endloop
  endfacet
  facet normal -0.514231 -0.857652 0
    outer loop
      vertex -28.1986 -16.5007 0
      vertex -28.0555 -16.5865 2.4
      vertex -28.1986 -16.5007 2.4
    endloop
  endfacet
  facet normal -0.514231 -0.857652 -0
    outer loop
      vertex -28.0555 -16.5865 2.4
      vertex -28.1986 -16.5007 0
      vertex -28.0555 -16.5865 0
    endloop
  endfacet
  facet normal -0.595772 0.803154 0
    outer loop
      vertex -27.9215 -19.3141 0
      vertex -28.0555 -19.4135 2.4
      vertex -27.9215 -19.3141 2.4
    endloop
  endfacet
  facet normal -0.595772 0.803154 0
    outer loop
      vertex -28.0555 -19.4135 2.4
      vertex -27.9215 -19.3141 0
      vertex -28.0555 -19.4135 0
    endloop
  endfacet
  facet normal 0.998791 0.0491602 0
    outer loop
      vertex -30.6918 -18.1666 2.4
      vertex -30.7 -18 0
      vertex -30.7 -18 2.4
    endloop
  endfacet
  facet normal 0.998791 0.0491602 0
    outer loop
      vertex -30.7 -18 0
      vertex -30.6918 -18.1666 2.4
      vertex -30.6918 -18.1666 0
    endloop
  endfacet
  facet normal -0.595772 -0.803154 0
    outer loop
      vertex -28.0555 -16.5865 0
      vertex -27.9215 -16.6859 2.4
      vertex -28.0555 -16.5865 2.4
    endloop
  endfacet
  facet normal -0.595772 -0.803154 -0
    outer loop
      vertex -27.9215 -16.6859 2.4
      vertex -28.0555 -16.5865 0
      vertex -27.9215 -16.6859 0
    endloop
  endfacet
  facet normal -0.970072 0.242818 0
    outer loop
      vertex -27.3732 -18.4935 0
      vertex -27.3327 -18.3317 2.4
      vertex -27.3327 -18.3317 0
    endloop
  endfacet
  facet normal -0.970072 0.242818 0
    outer loop
      vertex -27.3327 -18.3317 2.4
      vertex -27.3732 -18.4935 0
      vertex -27.3732 -18.4935 2.4
    endloop
  endfacet
  facet normal 0.941566 0.33683 0
    outer loop
      vertex -30.5706 -18.6506 2.4
      vertex -30.6268 -18.4935 0
      vertex -30.6268 -18.4935 2.4
    endloop
  endfacet
  facet normal 0.941566 0.33683 0
    outer loop
      vertex -30.6268 -18.4935 0
      vertex -30.5706 -18.6506 2.4
      vertex -30.5706 -18.6506 0
    endloop
  endfacet
  facet normal -0.242818 -0.970072 0
    outer loop
      vertex -28.6683 -16.3327 0
      vertex -28.5065 -16.3732 2.4
      vertex -28.6683 -16.3327 2.4
    endloop
  endfacet
  facet normal -0.242818 -0.970072 -0
    outer loop
      vertex -28.5065 -16.3732 2.4
      vertex -28.6683 -16.3327 0
      vertex -28.5065 -16.3732 0
    endloop
  endfacet
  facet normal 0.741024 -0.671478 0
    outer loop
      vertex -30.3141 -16.9215 2.4
      vertex -30.2021 -16.7979 0
      vertex -30.2021 -16.7979 2.4
    endloop
  endfacet
  facet normal 0.741024 -0.671478 0
    outer loop
      vertex -30.2021 -16.7979 0
      vertex -30.3141 -16.9215 2.4
      vertex -30.3141 -16.9215 0
    endloop
  endfacet
  facet normal -0.0491602 0.998791 0
    outer loop
      vertex -28.8334 -19.6918 0
      vertex -29 -19.7 2.4
      vertex -28.8334 -19.6918 2.4
    endloop
  endfacet
  facet normal -0.0491602 0.998791 0
    outer loop
      vertex -29 -19.7 2.4
      vertex -28.8334 -19.6918 0
      vertex -29 -19.7 0
    endloop
  endfacet
  facet normal -0.803154 -0.595772 0
    outer loop
      vertex -27.5865 -17.0555 0
      vertex -27.6859 -16.9215 2.4
      vertex -27.6859 -16.9215 0
    endloop
  endfacet
  facet normal -0.803154 -0.595772 0
    outer loop
      vertex -27.6859 -16.9215 2.4
      vertex -27.5865 -17.0555 0
      vertex -27.5865 -17.0555 2.4
    endloop
  endfacet
  facet normal 0.970072 0.242818 0
    outer loop
      vertex -30.6268 -18.4935 2.4
      vertex -30.6673 -18.3317 0
      vertex -30.6673 -18.3317 2.4
    endloop
  endfacet
  facet normal 0.970072 0.242818 0
    outer loop
      vertex -30.6673 -18.3317 0
      vertex -30.6268 -18.4935 2.4
      vertex -30.6268 -18.4935 0
    endloop
  endfacet
  facet normal -0.989168 0.146788 0
    outer loop
      vertex -27.3327 -18.3317 0
      vertex -27.3082 -18.1666 2.4
      vertex -27.3082 -18.1666 0
    endloop
  endfacet
  facet normal -0.989168 0.146788 0
    outer loop
      vertex -27.3082 -18.1666 2.4
      vertex -27.3327 -18.3317 0
      vertex -27.3327 -18.3317 2.4
    endloop
  endfacet
  facet normal -0.514231 0.857652 0
    outer loop
      vertex -28.0555 -19.4135 0
      vertex -28.1986 -19.4993 2.4
      vertex -28.0555 -19.4135 2.4
    endloop
  endfacet
  facet normal -0.514231 0.857652 0
    outer loop
      vertex -28.1986 -19.4993 2.4
      vertex -28.0555 -19.4135 0
      vertex -28.1986 -19.4993 0
    endloop
  endfacet
  facet normal 0.941566 -0.33683 0
    outer loop
      vertex -30.6268 -17.5065 2.4
      vertex -30.5706 -17.3494 0
      vertex -30.5706 -17.3494 2.4
    endloop
  endfacet
  facet normal 0.941566 -0.33683 0
    outer loop
      vertex -30.5706 -17.3494 0
      vertex -30.6268 -17.5065 2.4
      vertex -30.6268 -17.5065 0
    endloop
  endfacet
  facet normal -0.671478 -0.741024 0
    outer loop
      vertex -27.9215 -16.6859 0
      vertex -27.7979 -16.7979 2.4
      vertex -27.9215 -16.6859 2.4
    endloop
  endfacet
  facet normal -0.671478 -0.741024 -0
    outer loop
      vertex -27.7979 -16.7979 2.4
      vertex -27.9215 -16.6859 0
      vertex -27.7979 -16.7979 0
    endloop
  endfacet
  facet normal 0.989168 -0.146788 0
    outer loop
      vertex -30.6918 -17.8334 2.4
      vertex -30.6673 -17.6683 0
      vertex -30.6673 -17.6683 2.4
    endloop
  endfacet
  facet normal 0.989168 -0.146788 0
    outer loop
      vertex -30.6673 -17.6683 0
      vertex -30.6918 -17.8334 2.4
      vertex -30.6918 -17.8334 0
    endloop
  endfacet
  facet normal -0.904043 0.427442 0
    outer loop
      vertex -27.5007 -18.8014 0
      vertex -27.4294 -18.6506 2.4
      vertex -27.4294 -18.6506 0
    endloop
  endfacet
  facet normal -0.904043 0.427442 0
    outer loop
      vertex -27.4294 -18.6506 2.4
      vertex -27.5007 -18.8014 0
      vertex -27.5007 -18.8014 2.4
    endloop
  endfacet
  facet normal -0.33683 -0.941566 0
    outer loop
      vertex -28.5065 -16.3732 0
      vertex -28.3494 -16.4294 2.4
      vertex -28.5065 -16.3732 2.4
    endloop
  endfacet
  facet normal -0.33683 -0.941566 -0
    outer loop
      vertex -28.3494 -16.4294 2.4
      vertex -28.5065 -16.3732 0
      vertex -28.3494 -16.4294 0
    endloop
  endfacet
  facet normal -0.998791 0.0491602 0
    outer loop
      vertex -27.3082 -18.1666 0
      vertex -27.3 -18 2.4
      vertex -27.3 -18 0
    endloop
  endfacet
  facet normal -0.998791 0.0491602 0
    outer loop
      vertex -27.3 -18 2.4
      vertex -27.3082 -18.1666 0
      vertex -27.3082 -18.1666 2.4
    endloop
  endfacet
  facet normal -0.146788 0.989168 0
    outer loop
      vertex -28.6683 -19.6673 0
      vertex -28.8334 -19.6918 2.4
      vertex -28.6683 -19.6673 2.4
    endloop
  endfacet
  facet normal -0.146788 0.989168 0
    outer loop
      vertex -28.8334 -19.6918 2.4
      vertex -28.6683 -19.6673 0
      vertex -28.8334 -19.6918 0
    endloop
  endfacet
  facet normal -0.941566 -0.33683 0
    outer loop
      vertex -27.3732 -17.5065 0
      vertex -27.4294 -17.3494 2.4
      vertex -27.4294 -17.3494 0
    endloop
  endfacet
  facet normal -0.941566 -0.33683 0
    outer loop
      vertex -27.4294 -17.3494 2.4
      vertex -27.3732 -17.5065 0
      vertex -27.3732 -17.5065 2.4
    endloop
  endfacet
  facet normal -0.803154 0.595772 0
    outer loop
      vertex -27.6859 -19.0785 0
      vertex -27.5865 -18.9445 2.4
      vertex -27.5865 -18.9445 0
    endloop
  endfacet
  facet normal -0.803154 0.595772 0
    outer loop
      vertex -27.5865 -18.9445 2.4
      vertex -27.6859 -19.0785 0
      vertex -27.6859 -19.0785 2.4
    endloop
  endfacet
  facet normal -0.857652 0.514231 0
    outer loop
      vertex -27.5865 -18.9445 0
      vertex -27.5007 -18.8014 2.4
      vertex -27.5007 -18.8014 0
    endloop
  endfacet
  facet normal -0.857652 0.514231 0
    outer loop
      vertex -27.5007 -18.8014 2.4
      vertex -27.5865 -18.9445 0
      vertex -27.5865 -18.9445 2.4
    endloop
  endfacet
  facet normal 0.242818 -0.970072 0
    outer loop
      vertex -29.4935 -16.3732 0
      vertex -29.3317 -16.3327 2.4
      vertex -29.4935 -16.3732 2.4
    endloop
  endfacet
  facet normal 0.242818 -0.970072 0
    outer loop
      vertex -29.3317 -16.3327 2.4
      vertex -29.4935 -16.3732 0
      vertex -29.3317 -16.3327 0
    endloop
  endfacet
  facet normal -0.941566 0.33683 0
    outer loop
      vertex -27.4294 -18.6506 0
      vertex -27.3732 -18.4935 2.4
      vertex -27.3732 -18.4935 0
    endloop
  endfacet
  facet normal -0.941566 0.33683 0
    outer loop
      vertex -27.3732 -18.4935 2.4
      vertex -27.4294 -18.6506 0
      vertex -27.4294 -18.6506 2.4
    endloop
  endfacet
  facet normal -0.0491602 -0.998791 0
    outer loop
      vertex -29 -16.3 0
      vertex -28.8334 -16.3082 2.4
      vertex -29 -16.3 2.4
    endloop
  endfacet
  facet normal -0.0491602 -0.998791 -0
    outer loop
      vertex -28.8334 -16.3082 2.4
      vertex -29 -16.3 0
      vertex -28.8334 -16.3082 0
    endloop
  endfacet
  facet normal 0.514231 -0.857652 0
    outer loop
      vertex -29.9445 -16.5865 0
      vertex -29.8014 -16.5007 2.4
      vertex -29.9445 -16.5865 2.4
    endloop
  endfacet
  facet normal 0.514231 -0.857652 0
    outer loop
      vertex -29.8014 -16.5007 2.4
      vertex -29.9445 -16.5865 0
      vertex -29.8014 -16.5007 0
    endloop
  endfacet
  facet normal -0.904043 -0.427442 0
    outer loop
      vertex -27.4294 -17.3494 0
      vertex -27.5007 -17.1986 2.4
      vertex -27.5007 -17.1986 0
    endloop
  endfacet
  facet normal -0.904043 -0.427442 0
    outer loop
      vertex -27.5007 -17.1986 2.4
      vertex -27.4294 -17.3494 0
      vertex -27.4294 -17.3494 2.4
    endloop
  endfacet
  facet normal -0.146788 -0.989168 0
    outer loop
      vertex -28.8334 -16.3082 0
      vertex -28.6683 -16.3327 2.4
      vertex -28.8334 -16.3082 2.4
    endloop
  endfacet
  facet normal -0.146788 -0.989168 -0
    outer loop
      vertex -28.6683 -16.3327 2.4
      vertex -28.8334 -16.3082 0
      vertex -28.6683 -16.3327 0
    endloop
  endfacet
  facet normal 0.242818 0.970072 -0
    outer loop
      vertex -29.3317 -19.6673 0
      vertex -29.4935 -19.6268 2.4
      vertex -29.3317 -19.6673 2.4
    endloop
  endfacet
  facet normal 0.242818 0.970072 0
    outer loop
      vertex -29.4935 -19.6268 2.4
      vertex -29.3317 -19.6673 0
      vertex -29.4935 -19.6268 0
    endloop
  endfacet
  facet normal 0.857652 0.514231 0
    outer loop
      vertex -30.4135 -18.9445 2.4
      vertex -30.4993 -18.8014 0
      vertex -30.4993 -18.8014 2.4
    endloop
  endfacet
  facet normal 0.857652 0.514231 0
    outer loop
      vertex -30.4993 -18.8014 0
      vertex -30.4135 -18.9445 2.4
      vertex -30.4135 -18.9445 0
    endloop
  endfacet
  facet normal -0.857652 -0.514231 0
    outer loop
      vertex -27.5007 -17.1986 0
      vertex -27.5865 -17.0555 2.4
      vertex -27.5865 -17.0555 0
    endloop
  endfacet
  facet normal -0.857652 -0.514231 0
    outer loop
      vertex -27.5865 -17.0555 2.4
      vertex -27.5007 -17.1986 0
      vertex -27.5007 -17.1986 2.4
    endloop
  endfacet
  facet normal 0.33683 -0.941566 0
    outer loop
      vertex -29.6506 -16.4294 0
      vertex -29.4935 -16.3732 2.4
      vertex -29.6506 -16.4294 2.4
    endloop
  endfacet
  facet normal 0.33683 -0.941566 0
    outer loop
      vertex -29.4935 -16.3732 2.4
      vertex -29.6506 -16.4294 0
      vertex -29.4935 -16.3732 0
    endloop
  endfacet
  facet normal 0.741024 0.671478 0
    outer loop
      vertex -30.2021 -19.2021 2.4
      vertex -30.3141 -19.0785 0
      vertex -30.3141 -19.0785 2.4
    endloop
  endfacet
  facet normal 0.741024 0.671478 0
    outer loop
      vertex -30.3141 -19.0785 0
      vertex -30.2021 -19.2021 2.4
      vertex -30.2021 -19.2021 0
    endloop
  endfacet
  facet normal 0.671478 -0.741024 0
    outer loop
      vertex -30.2021 -16.7979 0
      vertex -30.0785 -16.6859 2.4
      vertex -30.2021 -16.7979 2.4
    endloop
  endfacet
  facet normal 0.671478 -0.741024 0
    outer loop
      vertex -30.0785 -16.6859 2.4
      vertex -30.2021 -16.7979 0
      vertex -30.0785 -16.6859 0
    endloop
  endfacet
  facet normal 0.514231 0.857652 -0
    outer loop
      vertex -29.8014 -19.4993 0
      vertex -29.9445 -19.4135 2.4
      vertex -29.8014 -19.4993 2.4
    endloop
  endfacet
  facet normal 0.514231 0.857652 0
    outer loop
      vertex -29.9445 -19.4135 2.4
      vertex -29.8014 -19.4993 0
      vertex -29.9445 -19.4135 0
    endloop
  endfacet
  facet normal 0.970072 -0.242818 0
    outer loop
      vertex -30.6673 -17.6683 2.4
      vertex -30.6268 -17.5065 0
      vertex -30.6268 -17.5065 2.4
    endloop
  endfacet
  facet normal 0.970072 -0.242818 0
    outer loop
      vertex -30.6268 -17.5065 0
      vertex -30.6673 -17.6683 2.4
      vertex -30.6673 -17.6683 0
    endloop
  endfacet
  facet normal 0.803154 0.595772 0
    outer loop
      vertex -30.3141 -19.0785 2.4
      vertex -30.4135 -18.9445 0
      vertex -30.4135 -18.9445 2.4
    endloop
  endfacet
  facet normal 0.803154 0.595772 0
    outer loop
      vertex -30.4135 -18.9445 0
      vertex -30.3141 -19.0785 2.4
      vertex -30.3141 -19.0785 0
    endloop
  endfacet
  facet normal 0.989168 0.146788 0
    outer loop
      vertex -30.6673 -18.3317 2.4
      vertex -30.6918 -18.1666 0
      vertex -30.6918 -18.1666 2.4
    endloop
  endfacet
  facet normal 0.989168 0.146788 0
    outer loop
      vertex -30.6918 -18.1666 0
      vertex -30.6673 -18.3317 2.4
      vertex -30.6673 -18.3317 0
    endloop
  endfacet
  facet normal 0.671478 0.741024 -0
    outer loop
      vertex -30.0785 -19.3141 0
      vertex -30.2021 -19.2021 2.4
      vertex -30.0785 -19.3141 2.4
    endloop
  endfacet
  facet normal 0.671478 0.741024 0
    outer loop
      vertex -30.2021 -19.2021 2.4
      vertex -30.0785 -19.3141 0
      vertex -30.2021 -19.2021 0
    endloop
  endfacet
  facet normal 0.803154 -0.595772 0
    outer loop
      vertex -30.4135 -17.0555 2.4
      vertex -30.3141 -16.9215 0
      vertex -30.3141 -16.9215 2.4
    endloop
  endfacet
  facet normal 0.803154 -0.595772 0
    outer loop
      vertex -30.3141 -16.9215 0
      vertex -30.4135 -17.0555 2.4
      vertex -30.4135 -17.0555 0
    endloop
  endfacet
  facet normal 0.857652 -0.514231 0
    outer loop
      vertex -30.4993 -17.1986 2.4
      vertex -30.4135 -17.0555 0
      vertex -30.4135 -17.0555 2.4
    endloop
  endfacet
  facet normal 0.857652 -0.514231 0
    outer loop
      vertex -30.4135 -17.0555 0
      vertex -30.4993 -17.1986 2.4
      vertex -30.4993 -17.1986 0
    endloop
  endfacet
  facet normal 0.0491602 0.998791 -0
    outer loop
      vertex -29 -19.7 0
      vertex -29.1666 -19.6918 2.4
      vertex -29 -19.7 2.4
    endloop
  endfacet
  facet normal 0.0491602 0.998791 0
    outer loop
      vertex -29.1666 -19.6918 2.4
      vertex -29 -19.7 0
      vertex -29.1666 -19.6918 0
    endloop
  endfacet
  facet normal 0.998791 -0.0491602 0
    outer loop
      vertex -30.7 -18 2.4
      vertex -30.6918 -17.8334 0
      vertex -30.6918 -17.8334 2.4
    endloop
  endfacet
  facet normal 0.998791 -0.0491602 0
    outer loop
      vertex -30.6918 -17.8334 0
      vertex -30.7 -18 2.4
      vertex -30.7 -18 0
    endloop
  endfacet
  facet normal 0.33683 0.941566 -0
    outer loop
      vertex -29.4935 -19.6268 0
      vertex -29.6506 -19.5706 2.4
      vertex -29.4935 -19.6268 2.4
    endloop
  endfacet
  facet normal 0.33683 0.941566 0
    outer loop
      vertex -29.6506 -19.5706 2.4
      vertex -29.4935 -19.6268 0
      vertex -29.6506 -19.5706 0
    endloop
  endfacet
  facet normal -0.741024 0.671478 0
    outer loop
      vertex -27.7979 -19.2021 0
      vertex -27.6859 -19.0785 2.4
      vertex -27.6859 -19.0785 0
    endloop
  endfacet
  facet normal -0.741024 0.671478 0
    outer loop
      vertex -27.6859 -19.0785 2.4
      vertex -27.7979 -19.2021 0
      vertex -27.7979 -19.2021 2.4
    endloop
  endfacet
  facet normal -0.671478 0.741024 0
    outer loop
      vertex -27.7979 -19.2021 0
      vertex -27.9215 -19.3141 2.4
      vertex -27.7979 -19.2021 2.4
    endloop
  endfacet
  facet normal -0.671478 0.741024 0
    outer loop
      vertex -27.9215 -19.3141 2.4
      vertex -27.7979 -19.2021 0
      vertex -27.9215 -19.3141 0
    endloop
  endfacet
  facet normal -0.904125 -0.427269 0
    outer loop
      vertex -36.8458 -24.6142 0
      vertex -36.9716 -24.348 2.4
      vertex -36.9716 -24.348 0
    endloop
  endfacet
  facet normal -0.904125 -0.427269 0
    outer loop
      vertex -36.9716 -24.348 2.4
      vertex -36.8458 -24.6142 0
      vertex -36.8458 -24.6142 2.4
    endloop
  endfacet
  facet normal 0.941488 -0.337047 0
    outer loop
      vertex 36.9716 -24.348 2.4
      vertex 37.0708 -24.0709 0
      vertex 37.0708 -24.0709 2.4
    endloop
  endfacet
  facet normal 0.941488 -0.337047 0
    outer loop
      vertex 37.0708 -24.0709 0
      vertex 36.9716 -24.348 2.4
      vertex 36.9716 -24.348 0
    endloop
  endfacet
  facet normal 0 -1 0
    outer loop
      vertex -34.2 -26.2 0
      vertex 34.2 -26.2 2.4
      vertex -34.2 -26.2 2.4
    endloop
  endfacet
  facet normal 0 -1 -0
    outer loop
      vertex 34.2 -26.2 2.4
      vertex -34.2 -26.2 0
      vertex 34.2 -26.2 0
    endloop
  endfacet
  facet normal -0.0489209 0.998803 0
    outer loop
      vertex -34.2 26.2 0
      vertex -34.494 26.1856 2.4
      vertex -34.2 26.2 2.4
    endloop
  endfacet
  facet normal -0.0489209 0.998803 0
    outer loop
      vertex -34.494 26.1856 2.4
      vertex -34.2 26.2 0
      vertex -34.494 26.1856 0
    endloop
  endfacet
  facet normal -0.989174 -0.146746 0
    outer loop
      vertex -37.1424 -23.7853 0
      vertex -37.1856 -23.4941 2.4
      vertex -37.1856 -23.4941 0
    endloop
  endfacet
  facet normal -0.989174 -0.146746 0
    outer loop
      vertex -37.1856 -23.4941 2.4
      vertex -37.1424 -23.7853 0
      vertex -37.1424 -23.7853 2.4
    endloop
  endfacet
  facet normal 0.427269 0.904125 -0
    outer loop
      vertex 35.6142 25.8458 0
      vertex 35.348 25.9716 2.4
      vertex 35.6142 25.8458 2.4
    endloop
  endfacet
  facet normal 0.427269 0.904125 0
    outer loop
      vertex 35.348 25.9716 2.4
      vertex 35.6142 25.8458 0
      vertex 35.348 25.9716 0
    endloop
  endfacet
  facet normal -0.998803 0.0489044 0
    outer loop
      vertex -37.2 23.2 0
      vertex -37.1856 23.4941 2.4
      vertex -37.1856 23.4941 0
    endloop
  endfacet
  facet normal -0.998803 0.0489044 0
    outer loop
      vertex -37.1856 23.4941 2.4
      vertex -37.2 23.2 0
      vertex -37.2 23.2 2.4
    endloop
  endfacet
  facet normal -0.671607 -0.740908 0
    outer loop
      vertex -36.3213 -25.3213 0
      vertex -36.1032 -25.519 2.4
      vertex -36.3213 -25.3213 2.4
    endloop
  endfacet
  facet normal -0.671607 -0.740908 -0
    outer loop
      vertex -36.1032 -25.519 2.4
      vertex -36.3213 -25.3213 0
      vertex -36.1032 -25.519 0
    endloop
  endfacet
  facet normal 0.0489209 0.998803 -0
    outer loop
      vertex 34.494 26.1856 0
      vertex 34.2 26.2 2.4
      vertex 34.494 26.1856 2.4
    endloop
  endfacet
  facet normal 0.0489209 0.998803 0
    outer loop
      vertex 34.2 26.2 2.4
      vertex 34.494 26.1856 0
      vertex 34.2 26.2 0
    endloop
  endfacet
  facet normal -0.595699 -0.803208 0
    outer loop
      vertex -36.1032 -25.519 0
      vertex -35.8667 -25.6944 2.4
      vertex -36.1032 -25.519 2.4
    endloop
  endfacet
  facet normal -0.595699 -0.803208 -0
    outer loop
      vertex -35.8667 -25.6944 2.4
      vertex -36.1032 -25.519 0
      vertex -35.8667 -25.6944 0
    endloop
  endfacet
  facet normal 0.671607 0.740908 -0
    outer loop
      vertex 36.3213 25.3213 0
      vertex 36.1032 25.519 2.4
      vertex 36.3213 25.3213 2.4
    endloop
  endfacet
  facet normal 0.671607 0.740908 0
    outer loop
      vertex 36.1032 25.519 2.4
      vertex 36.3213 25.3213 0
      vertex 36.1032 25.519 0
    endloop
  endfacet
  facet normal -1 0 0
    outer loop
      vertex -37.2 -23.2 0
      vertex -37.2 23.2 2.4
      vertex -37.2 23.2 0
    endloop
  endfacet
  facet normal -1 -0 0
    outer loop
      vertex -37.2 23.2 2.4
      vertex -37.2 -23.2 0
      vertex -37.2 -23.2 2.4
    endloop
  endfacet
  facet normal 0 1 -0
    outer loop
      vertex 34.2 26.2 0
      vertex -34.2 26.2 2.4
      vertex 34.2 26.2 2.4
    endloop
  endfacet
  facet normal 0 1 0
    outer loop
      vertex -34.2 26.2 2.4
      vertex 34.2 26.2 0
      vertex -34.2 26.2 0
    endloop
  endfacet
  facet normal 1 -0 0
    outer loop
      vertex 37.2 -23.2 2.4
      vertex 37.2 23.2 0
      vertex 37.2 23.2 2.4
    endloop
  endfacet
  facet normal 1 0 0
    outer loop
      vertex 37.2 23.2 0
      vertex 37.2 -23.2 2.4
      vertex 37.2 -23.2 0
    endloop
  endfacet
  facet normal 0.803208 0.595699 0
    outer loop
      vertex 36.6944 24.8667 2.4
      vertex 36.519 25.1032 0
      vertex 36.519 25.1032 2.4
    endloop
  endfacet
  facet normal 0.803208 0.595699 0
    outer loop
      vertex 36.519 25.1032 0
      vertex 36.6944 24.8667 2.4
      vertex 36.6944 24.8667 0
    endloop
  endfacet
  facet normal 0.337047 0.941488 -0
    outer loop
      vertex 35.348 25.9716 0
      vertex 35.0709 26.0708 2.4
      vertex 35.348 25.9716 2.4
    endloop
  endfacet
  facet normal 0.337047 0.941488 0
    outer loop
      vertex 35.0709 26.0708 2.4
      vertex 35.348 25.9716 0
      vertex 35.0709 26.0708 0
    endloop
  endfacet
  facet normal -0.337047 -0.941488 0
    outer loop
      vertex -35.348 -25.9716 0
      vertex -35.0709 -26.0708 2.4
      vertex -35.348 -25.9716 2.4
    endloop
  endfacet
  facet normal -0.337047 -0.941488 -0
    outer loop
      vertex -35.0709 -26.0708 2.4
      vertex -35.348 -25.9716 0
      vertex -35.0709 -26.0708 0
    endloop
  endfacet
  facet normal -0.740908 -0.671607 0
    outer loop
      vertex -36.3213 -25.3213 0
      vertex -36.519 -25.1032 2.4
      vertex -36.519 -25.1032 0
    endloop
  endfacet
  facet normal -0.740908 -0.671607 0
    outer loop
      vertex -36.519 -25.1032 2.4
      vertex -36.3213 -25.3213 0
      vertex -36.3213 -25.3213 2.4
    endloop
  endfacet
  facet normal -0.941488 0.337047 0
    outer loop
      vertex -37.0708 24.0709 0
      vertex -36.9716 24.348 2.4
      vertex -36.9716 24.348 0
    endloop
  endfacet
  facet normal -0.941488 0.337047 0
    outer loop
      vertex -36.9716 24.348 2.4
      vertex -37.0708 24.0709 0
      vertex -37.0708 24.0709 2.4
    endloop
  endfacet
  facet normal 0.146696 0.989182 -0
    outer loop
      vertex 34.7853 26.1424 0
      vertex 34.494 26.1856 2.4
      vertex 34.7853 26.1424 2.4
    endloop
  endfacet
  facet normal 0.146696 0.989182 0
    outer loop
      vertex 34.494 26.1856 2.4
      vertex 34.7853 26.1424 0
      vertex 34.494 26.1856 0
    endloop
  endfacet
  facet normal -0.595699 0.803208 0
    outer loop
      vertex -35.8667 25.6944 0
      vertex -36.1032 25.519 2.4
      vertex -35.8667 25.6944 2.4
    endloop
  endfacet
  facet normal -0.595699 0.803208 0
    outer loop
      vertex -36.1032 25.519 2.4
      vertex -35.8667 25.6944 0
      vertex -36.1032 25.519 0
    endloop
  endfacet
  facet normal 0.941488 0.337047 0
    outer loop
      vertex 37.0708 24.0709 2.4
      vertex 36.9716 24.348 0
      vertex 36.9716 24.348 2.4
    endloop
  endfacet
  facet normal 0.941488 0.337047 0
    outer loop
      vertex 36.9716 24.348 0
      vertex 37.0708 24.0709 2.4
      vertex 37.0708 24.0709 0
    endloop
  endfacet
  facet normal 0.904125 -0.427269 0
    outer loop
      vertex 36.8458 -24.6142 2.4
      vertex 36.9716 -24.348 0
      vertex 36.9716 -24.348 2.4
    endloop
  endfacet
  facet normal 0.904125 -0.427269 0
    outer loop
      vertex 36.9716 -24.348 0
      vertex 36.8458 -24.6142 2.4
      vertex 36.8458 -24.6142 0
    endloop
  endfacet
  facet normal 0.998803 -0.0489044 0
    outer loop
      vertex 37.1856 -23.4941 2.4
      vertex 37.2 -23.2 0
      vertex 37.2 -23.2 2.4
    endloop
  endfacet
  facet normal 0.998803 -0.0489044 0
    outer loop
      vertex 37.2 -23.2 0
      vertex 37.1856 -23.4941 2.4
      vertex 37.1856 -23.4941 0
    endloop
  endfacet
  facet normal 0.969982 -0.243175 0
    outer loop
      vertex 37.0708 -24.0709 2.4
      vertex 37.1424 -23.7853 0
      vertex 37.1424 -23.7853 2.4
    endloop
  endfacet
  facet normal 0.969982 -0.243175 0
    outer loop
      vertex 37.1424 -23.7853 0
      vertex 37.0708 -24.0709 2.4
      vertex 37.0708 -24.0709 0
    endloop
  endfacet
  facet normal 0.857643 0.514246 0
    outer loop
      vertex 36.8458 24.6142 2.4
      vertex 36.6944 24.8667 0
      vertex 36.6944 24.8667 2.4
    endloop
  endfacet
  facet normal 0.857643 0.514246 0
    outer loop
      vertex 36.6944 24.8667 0
      vertex 36.8458 24.6142 2.4
      vertex 36.8458 24.6142 0
    endloop
  endfacet
  facet normal 0.514246 0.857643 -0
    outer loop
      vertex 35.8667 25.6944 0
      vertex 35.6142 25.8458 2.4
      vertex 35.8667 25.6944 2.4
    endloop
  endfacet
  facet normal 0.514246 0.857643 0
    outer loop
      vertex 35.6142 25.8458 2.4
      vertex 35.8667 25.6944 0
      vertex 35.6142 25.8458 0
    endloop
  endfacet
  facet normal -0.857643 -0.514246 0
    outer loop
      vertex -36.6944 -24.8667 0
      vertex -36.8458 -24.6142 2.4
      vertex -36.8458 -24.6142 0
    endloop
  endfacet
  facet normal -0.857643 -0.514246 0
    outer loop
      vertex -36.8458 -24.6142 2.4
      vertex -36.6944 -24.8667 0
      vertex -36.6944 -24.8667 2.4
    endloop
  endfacet
  facet normal -0.803208 -0.595699 0
    outer loop
      vertex -36.519 -25.1032 0
      vertex -36.6944 -24.8667 2.4
      vertex -36.6944 -24.8667 0
    endloop
  endfacet
  facet normal -0.803208 -0.595699 0
    outer loop
      vertex -36.6944 -24.8667 2.4
      vertex -36.519 -25.1032 0
      vertex -36.519 -25.1032 2.4
    endloop
  endfacet
  facet normal 0.337047 -0.941488 0
    outer loop
      vertex 35.0709 -26.0708 0
      vertex 35.348 -25.9716 2.4
      vertex 35.0709 -26.0708 2.4
    endloop
  endfacet
  facet normal 0.337047 -0.941488 0
    outer loop
      vertex 35.348 -25.9716 2.4
      vertex 35.0709 -26.0708 0
      vertex 35.348 -25.9716 0
    endloop
  endfacet
  facet normal -0.998803 -0.0489044 0
    outer loop
      vertex -37.1856 -23.4941 0
      vertex -37.2 -23.2 2.4
      vertex -37.2 -23.2 0
    endloop
  endfacet
  facet normal -0.998803 -0.0489044 0
    outer loop
      vertex -37.2 -23.2 2.4
      vertex -37.1856 -23.4941 0
      vertex -37.1856 -23.4941 2.4
    endloop
  endfacet
  facet normal 0.0489209 -0.998803 0
    outer loop
      vertex 34.2 -26.2 0
      vertex 34.494 -26.1856 2.4
      vertex 34.2 -26.2 2.4
    endloop
  endfacet
  facet normal 0.0489209 -0.998803 0
    outer loop
      vertex 34.494 -26.1856 2.4
      vertex 34.2 -26.2 0
      vertex 34.494 -26.1856 0
    endloop
  endfacet
  facet normal 0.857643 -0.514246 0
    outer loop
      vertex 36.6944 -24.8667 2.4
      vertex 36.8458 -24.6142 0
      vertex 36.8458 -24.6142 2.4
    endloop
  endfacet
  facet normal 0.857643 -0.514246 0
    outer loop
      vertex 36.8458 -24.6142 0
      vertex 36.6944 -24.8667 2.4
      vertex 36.6944 -24.8667 0
    endloop
  endfacet
  facet normal 0.969982 0.243175 0
    outer loop
      vertex 37.1424 23.7853 2.4
      vertex 37.0708 24.0709 0
      vertex 37.0708 24.0709 2.4
    endloop
  endfacet
  facet normal 0.969982 0.243175 0
    outer loop
      vertex 37.0708 24.0709 0
      vertex 37.1424 23.7853 2.4
      vertex 37.1424 23.7853 0
    endloop
  endfacet
  facet normal -0.146696 0.989182 0
    outer loop
      vertex -34.494 26.1856 0
      vertex -34.7853 26.1424 2.4
      vertex -34.494 26.1856 2.4
    endloop
  endfacet
  facet normal -0.146696 0.989182 0
    outer loop
      vertex -34.7853 26.1424 2.4
      vertex -34.494 26.1856 0
      vertex -34.7853 26.1424 0
    endloop
  endfacet
  facet normal -0.969982 -0.243175 0
    outer loop
      vertex -37.0708 -24.0709 0
      vertex -37.1424 -23.7853 2.4
      vertex -37.1424 -23.7853 0
    endloop
  endfacet
  facet normal -0.969982 -0.243175 0
    outer loop
      vertex -37.1424 -23.7853 2.4
      vertex -37.0708 -24.0709 0
      vertex -37.0708 -24.0709 2.4
    endloop
  endfacet
  facet normal -0.427269 0.904125 0
    outer loop
      vertex -35.348 25.9716 0
      vertex -35.6142 25.8458 2.4
      vertex -35.348 25.9716 2.4
    endloop
  endfacet
  facet normal -0.427269 0.904125 0
    outer loop
      vertex -35.6142 25.8458 2.4
      vertex -35.348 25.9716 0
      vertex -35.6142 25.8458 0
    endloop
  endfacet
  facet normal 0.671607 -0.740908 0
    outer loop
      vertex 36.1032 -25.519 0
      vertex 36.3213 -25.3213 2.4
      vertex 36.1032 -25.519 2.4
    endloop
  endfacet
  facet normal 0.671607 -0.740908 0
    outer loop
      vertex 36.3213 -25.3213 2.4
      vertex 36.1032 -25.519 0
      vertex 36.3213 -25.3213 0
    endloop
  endfacet
  facet normal -0.243175 0.969982 0
    outer loop
      vertex -34.7853 26.1424 0
      vertex -35.0709 26.0708 2.4
      vertex -34.7853 26.1424 2.4
    endloop
  endfacet
  facet normal -0.243175 0.969982 0
    outer loop
      vertex -35.0709 26.0708 2.4
      vertex -34.7853 26.1424 0
      vertex -35.0709 26.0708 0
    endloop
  endfacet
  facet normal -0.857643 0.514246 0
    outer loop
      vertex -36.8458 24.6142 0
      vertex -36.6944 24.8667 2.4
      vertex -36.6944 24.8667 0
    endloop
  endfacet
  facet normal -0.857643 0.514246 0
    outer loop
      vertex -36.6944 24.8667 2.4
      vertex -36.8458 24.6142 0
      vertex -36.8458 24.6142 2.4
    endloop
  endfacet
  facet normal -0.514246 -0.857643 0
    outer loop
      vertex -35.8667 -25.6944 0
      vertex -35.6142 -25.8458 2.4
      vertex -35.8667 -25.6944 2.4
    endloop
  endfacet
  facet normal -0.514246 -0.857643 -0
    outer loop
      vertex -35.6142 -25.8458 2.4
      vertex -35.8667 -25.6944 0
      vertex -35.6142 -25.8458 0
    endloop
  endfacet
  facet normal 0.243175 -0.969982 0
    outer loop
      vertex 34.7853 -26.1424 0
      vertex 35.0709 -26.0708 2.4
      vertex 34.7853 -26.1424 2.4
    endloop
  endfacet
  facet normal 0.243175 -0.969982 0
    outer loop
      vertex 35.0709 -26.0708 2.4
      vertex 34.7853 -26.1424 0
      vertex 35.0709 -26.0708 0
    endloop
  endfacet
  facet normal 0.514246 -0.857643 0
    outer loop
      vertex 35.6142 -25.8458 0
      vertex 35.8667 -25.6944 2.4
      vertex 35.6142 -25.8458 2.4
    endloop
  endfacet
  facet normal 0.514246 -0.857643 0
    outer loop
      vertex 35.8667 -25.6944 2.4
      vertex 35.6142 -25.8458 0
      vertex 35.8667 -25.6944 0
    endloop
  endfacet
  facet normal 0.595699 -0.803208 0
    outer loop
      vertex 35.8667 -25.6944 0
      vertex 36.1032 -25.519 2.4
      vertex 35.8667 -25.6944 2.4
    endloop
  endfacet
  facet normal 0.595699 -0.803208 0
    outer loop
      vertex 36.1032 -25.519 2.4
      vertex 35.8667 -25.6944 0
      vertex 36.1032 -25.519 0
    endloop
  endfacet
  facet normal -0.0489209 -0.998803 0
    outer loop
      vertex -34.494 -26.1856 0
      vertex -34.2 -26.2 2.4
      vertex -34.494 -26.1856 2.4
    endloop
  endfacet
  facet normal -0.0489209 -0.998803 -0
    outer loop
      vertex -34.2 -26.2 2.4
      vertex -34.494 -26.1856 0
      vertex -34.2 -26.2 0
    endloop
  endfacet
  facet normal 0.740908 0.671607 0
    outer loop
      vertex 36.519 25.1032 2.4
      vertex 36.3213 25.3213 0
      vertex 36.3213 25.3213 2.4
    endloop
  endfacet
  facet normal 0.740908 0.671607 0
    outer loop
      vertex 36.3213 25.3213 0
      vertex 36.519 25.1032 2.4
      vertex 36.519 25.1032 0
    endloop
  endfacet
  facet normal 0.998803 0.0489044 0
    outer loop
      vertex 37.2 23.2 2.4
      vertex 37.1856 23.4941 0
      vertex 37.1856 23.4941 2.4
    endloop
  endfacet
  facet normal 0.998803 0.0489044 0
    outer loop
      vertex 37.1856 23.4941 0
      vertex 37.2 23.2 2.4
      vertex 37.2 23.2 0
    endloop
  endfacet
  facet normal 0.427269 -0.904125 0
    outer loop
      vertex 35.348 -25.9716 0
      vertex 35.6142 -25.8458 2.4
      vertex 35.348 -25.9716 2.4
    endloop
  endfacet
  facet normal 0.427269 -0.904125 0
    outer loop
      vertex 35.6142 -25.8458 2.4
      vertex 35.348 -25.9716 0
      vertex 35.6142 -25.8458 0
    endloop
  endfacet
  facet normal 0.904125 0.427269 0
    outer loop
      vertex 36.9716 24.348 2.4
      vertex 36.8458 24.6142 0
      vertex 36.8458 24.6142 2.4
    endloop
  endfacet
  facet normal 0.904125 0.427269 0
    outer loop
      vertex 36.8458 24.6142 0
      vertex 36.9716 24.348 2.4
      vertex 36.9716 24.348 0
    endloop
  endfacet
  facet normal -0.671607 0.740908 0
    outer loop
      vertex -36.1032 25.519 0
      vertex -36.3213 25.3213 2.4
      vertex -36.1032 25.519 2.4
    endloop
  endfacet
  facet normal -0.671607 0.740908 0
    outer loop
      vertex -36.3213 25.3213 2.4
      vertex -36.1032 25.519 0
      vertex -36.3213 25.3213 0
    endloop
  endfacet
  facet normal -0.146696 -0.989182 0
    outer loop
      vertex -34.7853 -26.1424 0
      vertex -34.494 -26.1856 2.4
      vertex -34.7853 -26.1424 2.4
    endloop
  endfacet
  facet normal -0.146696 -0.989182 -0
    outer loop
      vertex -34.494 -26.1856 2.4
      vertex -34.7853 -26.1424 0
      vertex -34.494 -26.1856 0
    endloop
  endfacet
  facet normal -0.904125 0.427269 0
    outer loop
      vertex -36.9716 24.348 0
      vertex -36.8458 24.6142 2.4
      vertex -36.8458 24.6142 0
    endloop
  endfacet
  facet normal -0.904125 0.427269 0
    outer loop
      vertex -36.8458 24.6142 2.4
      vertex -36.9716 24.348 0
      vertex -36.9716 24.348 2.4
    endloop
  endfacet
  facet normal -0.803208 0.595699 0
    outer loop
      vertex -36.6944 24.8667 0
      vertex -36.519 25.1032 2.4
      vertex -36.519 25.1032 0
    endloop
  endfacet
  facet normal -0.803208 0.595699 0
    outer loop
      vertex -36.519 25.1032 2.4
      vertex -36.6944 24.8667 0
      vertex -36.6944 24.8667 2.4
    endloop
  endfacet
  facet normal -0.243175 -0.969982 0
    outer loop
      vertex -35.0709 -26.0708 0
      vertex -34.7853 -26.1424 2.4
      vertex -35.0709 -26.0708 2.4
    endloop
  endfacet
  facet normal -0.243175 -0.969982 -0
    outer loop
      vertex -34.7853 -26.1424 2.4
      vertex -35.0709 -26.0708 0
      vertex -34.7853 -26.1424 0
    endloop
  endfacet
  facet normal 0.803208 -0.595699 0
    outer loop
      vertex 36.519 -25.1032 2.4
      vertex 36.6944 -24.8667 0
      vertex 36.6944 -24.8667 2.4
    endloop
  endfacet
  facet normal 0.803208 -0.595699 0
    outer loop
      vertex 36.6944 -24.8667 0
      vertex 36.519 -25.1032 2.4
      vertex 36.519 -25.1032 0
    endloop
  endfacet
  facet normal 0.740908 -0.671607 0
    outer loop
      vertex 36.3213 -25.3213 2.4
      vertex 36.519 -25.1032 0
      vertex 36.519 -25.1032 2.4
    endloop
  endfacet
  facet normal 0.740908 -0.671607 0
    outer loop
      vertex 36.519 -25.1032 0
      vertex 36.3213 -25.3213 2.4
      vertex 36.3213 -25.3213 0
    endloop
  endfacet
  facet normal -0.941488 -0.337047 0
    outer loop
      vertex -36.9716 -24.348 0
      vertex -37.0708 -24.0709 2.4
      vertex -37.0708 -24.0709 0
    endloop
  endfacet
  facet normal -0.941488 -0.337047 0
    outer loop
      vertex -37.0708 -24.0709 2.4
      vertex -36.9716 -24.348 0
      vertex -36.9716 -24.348 2.4
    endloop
  endfacet
  facet normal 0.595699 0.803208 -0
    outer loop
      vertex 36.1032 25.519 0
      vertex 35.8667 25.6944 2.4
      vertex 36.1032 25.519 2.4
    endloop
  endfacet
  facet normal 0.595699 0.803208 0
    outer loop
      vertex 35.8667 25.6944 2.4
      vertex 36.1032 25.519 0
      vertex 35.8667 25.6944 0
    endloop
  endfacet
  facet normal -0.514246 0.857643 0
    outer loop
      vertex -35.6142 25.8458 0
      vertex -35.8667 25.6944 2.4
      vertex -35.6142 25.8458 2.4
    endloop
  endfacet
  facet normal -0.514246 0.857643 0
    outer loop
      vertex -35.8667 25.6944 2.4
      vertex -35.6142 25.8458 0
      vertex -35.8667 25.6944 0
    endloop
  endfacet
  facet normal 0.243175 0.969982 -0
    outer loop
      vertex 35.0709 26.0708 0
      vertex 34.7853 26.1424 2.4
      vertex 35.0709 26.0708 2.4
    endloop
  endfacet
  facet normal 0.243175 0.969982 0
    outer loop
      vertex 34.7853 26.1424 2.4
      vertex 35.0709 26.0708 0
      vertex 34.7853 26.1424 0
    endloop
  endfacet
  facet normal -0.337047 0.941488 0
    outer loop
      vertex -35.0709 26.0708 0
      vertex -35.348 25.9716 2.4
      vertex -35.0709 26.0708 2.4
    endloop
  endfacet
  facet normal -0.337047 0.941488 0
    outer loop
      vertex -35.348 25.9716 2.4
      vertex -35.0709 26.0708 0
      vertex -35.348 25.9716 0
    endloop
  endfacet
  facet normal -0.989174 0.146746 0
    outer loop
      vertex -37.1856 23.4941 0
      vertex -37.1424 23.7853 2.4
      vertex -37.1424 23.7853 0
    endloop
  endfacet
  facet normal -0.989174 0.146746 0
    outer loop
      vertex -37.1424 23.7853 2.4
      vertex -37.1856 23.4941 0
      vertex -37.1856 23.4941 2.4
    endloop
  endfacet
  facet normal 0.989174 0.146746 0
    outer loop
      vertex 37.1856 23.4941 2.4
      vertex 37.1424 23.7853 0
      vertex 37.1424 23.7853 2.4
    endloop
  endfacet
  facet normal 0.989174 0.146746 0
    outer loop
      vertex 37.1424 23.7853 0
      vertex 37.1856 23.4941 2.4
      vertex 37.1856 23.4941 0
    endloop
  endfacet
  facet normal -0.969982 0.243175 0
    outer loop
      vertex -37.1424 23.7853 0
      vertex -37.0708 24.0709 2.4
      vertex -37.0708 24.0709 0
    endloop
  endfacet
  facet normal -0.969982 0.243175 0
    outer loop
      vertex -37.0708 24.0709 2.4
      vertex -37.1424 23.7853 0
      vertex -37.1424 23.7853 2.4
    endloop
  endfacet
  facet normal 0 0 -1
    outer loop
      vertex -28.75 19.6794 0
      vertex -28.8334 19.6918 0
      vertex -28.75 20.75 0
    endloop
  endfacet
  facet normal 0 0 -1
    outer loop
      vertex 30.6268 -17.5065 0
      vertex 37.2 -23.2 0
      vertex 30.6673 -17.6683 0
    endloop
  endfacet
  facet normal 0 0 -1
    outer loop
      vertex 37.2 23.2 0
      vertex 30.6918 17.8334 0
      vertex 30.7 18 0
    endloop
  endfacet
  facet normal 0 0 -1
    outer loop
      vertex 30.5706 -17.3494 0
      vertex 37.2 -23.2 0
      vertex 30.6268 -17.5065 0
    endloop
  endfacet
  facet normal 0 0 -1
    outer loop
      vertex 37.2 23.2 0
      vertex 30.6673 17.6683 0
      vertex 30.6918 17.8334 0
    endloop
  endfacet
  facet normal 0 0 -1
    outer loop
      vertex 30.4993 -17.1986 0
      vertex 37.2 -23.2 0
      vertex 30.5706 -17.3494 0
    endloop
  endfacet
  facet normal 0 0 -1
    outer loop
      vertex 37.2 23.2 0
      vertex 30.6268 17.5065 0
      vertex 30.6673 17.6683 0
    endloop
  endfacet
  facet normal 0 0 -1
    outer loop
      vertex 30.4135 -17.0555 0
      vertex 37.2 -23.2 0
      vertex 30.4993 -17.1986 0
    endloop
  endfacet
  facet normal 0 0 -1
    outer loop
      vertex 37.2 23.2 0
      vertex 30.5706 17.3494 0
      vertex 30.6268 17.5065 0
    endloop
  endfacet
  facet normal 0 0 -1
    outer loop
      vertex 30.3141 -16.9215 0
      vertex 37.2 -23.2 0
      vertex 30.4135 -17.0555 0
    endloop
  endfacet
  facet normal 0 0 -1
    outer loop
      vertex 37.2 23.2 0
      vertex 30.4993 17.1986 0
      vertex 30.5706 17.3494 0
    endloop
  endfacet
  facet normal 0 0 -1
    outer loop
      vertex 37.2 -23.2 0
      vertex 30.3141 -16.9215 0
      vertex 37.2 23.2 0
    endloop
  endfacet
  facet normal 0 0 -1
    outer loop
      vertex 37.2 23.2 0
      vertex 30.4135 17.0555 0
      vertex 30.4993 17.1986 0
    endloop
  endfacet
  facet normal 0 0 -1
    outer loop
      vertex 30.3141 16.9215 0
      vertex 37.2 23.2 0
      vertex 30.3141 -16.9215 0
    endloop
  endfacet
  facet normal 0 0 -1
    outer loop
      vertex 37.2 23.2 0
      vertex 30.3141 16.9215 0
      vertex 30.4135 17.0555 0
    endloop
  endfacet
  facet normal 0 0 -1
    outer loop
      vertex 30.2021 -16.7979 0
      vertex 30.3141 16.9215 0
      vertex 30.3141 -16.9215 0
    endloop
  endfacet
  facet normal 0 0 -1
    outer loop
      vertex 30.2021 -16.7979 0
      vertex 30.2021 16.7979 0
      vertex 30.3141 16.9215 0
    endloop
  endfacet
  facet normal 0 0 -1
    outer loop
      vertex 30.0785 -16.6859 0
      vertex 30.2021 16.7979 0
      vertex 30.2021 -16.7979 0
    endloop
  endfacet
  facet normal 0 0 -1
    outer loop
      vertex 30.0785 -16.6859 0
      vertex 30.0785 16.6859 0
      vertex 30.2021 16.7979 0
    endloop
  endfacet
  facet normal 0 0 -1
    outer loop
      vertex 29.9445 -16.5865 0
      vertex 30.0785 16.6859 0
      vertex 30.0785 -16.6859 0
    endloop
  endfacet
  facet normal 0 0 -1
    outer loop
      vertex 29.9445 -16.5865 0
      vertex 29.9445 16.5865 0
      vertex 30.0785 16.6859 0
    endloop
  endfacet
  facet normal 0 0 -1
    outer loop
      vertex 29.8014 -16.5007 0
      vertex 29.9445 16.5865 0
      vertex 29.9445 -16.5865 0
    endloop
  endfacet
  facet normal 0 0 -1
    outer loop
      vertex 29.8014 -16.5007 0
      vertex 29.8014 16.5007 0
      vertex 29.9445 16.5865 0
    endloop
  endfacet
  facet normal 0 0 -1
    outer loop
      vertex 29.6506 -16.4294 0
      vertex 29.8014 16.5007 0
      vertex 29.8014 -16.5007 0
    endloop
  endfacet
  facet normal 0 0 -1
    outer loop
      vertex 29.6506 -16.4294 0
      vertex 29.6506 16.4294 0
      vertex 29.8014 16.5007 0
    endloop
  endfacet
  facet normal 0 0 -1
    outer loop
      vertex 29.4935 -16.3732 0
      vertex 29.6506 16.4294 0
      vertex 29.6506 -16.4294 0
    endloop
  endfacet
  facet normal 0 0 -1
    outer loop
      vertex 29.4935 -16.3732 0
      vertex 29.4935 16.3732 0
      vertex 29.6506 16.4294 0
    endloop
  endfacet
  facet normal 0 0 -1
    outer loop
      vertex 29.3317 -16.3327 0
      vertex 29.4935 16.3732 0
      vertex 29.4935 -16.3732 0
    endloop
  endfacet
  facet normal 0 0 -1
    outer loop
      vertex 29.3317 -16.3327 0
      vertex 29.3317 16.3327 0
      vertex 29.4935 16.3732 0
    endloop
  endfacet
  facet normal 0 0 -1
    outer loop
      vertex 29.1666 -16.3082 0
      vertex 29.3317 16.3327 0
      vertex 29.3317 -16.3327 0
    endloop
  endfacet
  facet normal 0 0 -1
    outer loop
      vertex 29.1666 -16.3082 0
      vertex 29.1666 16.3082 0
      vertex 29.3317 16.3327 0
    endloop
  endfacet
  facet normal 0 0 -1
    outer loop
      vertex 29 -16.3 0
      vertex 29.1666 16.3082 0
      vertex 29.1666 -16.3082 0
    endloop
  endfacet
  facet normal 0 0 -1
    outer loop
      vertex 29 -16.3 0
      vertex 29 16.3 0
      vertex 29.1666 16.3082 0
    endloop
  endfacet
  facet normal 0 0 -1
    outer loop
      vertex 28.8334 -16.3082 0
      vertex 29 16.3 0
      vertex 29 -16.3 0
    endloop
  endfacet
  facet normal 0 0 -1
    outer loop
      vertex 28.8334 -16.3082 0
      vertex 28.8334 16.3082 0
      vertex 29 16.3 0
    endloop
  endfacet
  facet normal 0 0 -1
    outer loop
      vertex 28.6683 -16.3327 0
      vertex 28.8334 16.3082 0
      vertex 28.8334 -16.3082 0
    endloop
  endfacet
  facet normal 0 0 -1
    outer loop
      vertex 28.6683 -16.3327 0
      vertex 28.6683 16.3327 0
      vertex 28.8334 16.3082 0
    endloop
  endfacet
  facet normal 0 0 -1
    outer loop
      vertex 28.5065 -16.3732 0
      vertex 28.6683 16.3327 0
      vertex 28.6683 -16.3327 0
    endloop
  endfacet
  facet normal 0 0 -1
    outer loop
      vertex 28.5065 -16.3732 0
      vertex 28.5065 16.3732 0
      vertex 28.6683 16.3327 0
    endloop
  endfacet
  facet normal 0 0 -1
    outer loop
      vertex 28.3494 -16.4294 0
      vertex 28.5065 16.3732 0
      vertex 28.5065 -16.3732 0
    endloop
  endfacet
  facet normal 0 0 -1
    outer loop
      vertex 28.3494 -16.4294 0
      vertex 28.3494 16.4294 0
      vertex 28.5065 16.3732 0
    endloop
  endfacet
  facet normal 0 0 -1
    outer loop
      vertex 28.1986 -16.5007 0
      vertex 28.3494 16.4294 0
      vertex 28.3494 -16.4294 0
    endloop
  endfacet
  facet normal 0 0 -1
    outer loop
      vertex 28.1986 -16.5007 0
      vertex 28.1986 16.5007 0
      vertex 28.3494 16.4294 0
    endloop
  endfacet
  facet normal 0 0 -1
    outer loop
      vertex 28.0555 -16.5865 0
      vertex 28.1986 16.5007 0
      vertex 28.1986 -16.5007 0
    endloop
  endfacet
  facet normal 0 0 -1
    outer loop
      vertex 28.0555 -16.5865 0
      vertex 28.0555 16.5865 0
      vertex 28.1986 16.5007 0
    endloop
  endfacet
  facet normal 0 0 -1
    outer loop
      vertex 0.75 -8.75 0
      vertex 28.0555 -16.5865 0
      vertex 27.9215 -16.6859 0
    endloop
  endfacet
  facet normal 0 0 -1
    outer loop
      vertex 28.0555 -16.5865 0
      vertex 0.75 -8.75 0
      vertex 28.0555 16.5865 0
    endloop
  endfacet
  facet normal 0 0 -1
    outer loop
      vertex 0.75 -8.75 0
      vertex 27.9215 -16.6859 0
      vertex 27.7979 -16.7979 0
    endloop
  endfacet
  facet normal -0 0 -1
    outer loop
      vertex 28.0555 16.5865 0
      vertex 0.75 -8.75 0
      vertex 27.9215 16.6859 0
    endloop
  endfacet
  facet normal 0 0 -1
    outer loop
      vertex 0.75 -8.75 0
      vertex 27.7979 -16.7979 0
      vertex 27.6859 -16.9215 0
    endloop
  endfacet
  facet normal -0 0 -1
    outer loop
      vertex 27.9215 16.6859 0
      vertex 0.75 -8.75 0
      vertex 27.7979 16.7979 0
    endloop
  endfacet
  facet normal 0 0 -1
    outer loop
      vertex 0.75 -8.75 0
      vertex 27.6859 -16.9215 0
      vertex 27.5865 -17.0555 0
    endloop
  endfacet
  facet normal -0 0 -1
    outer loop
      vertex 27.7979 16.7979 0
      vertex 0.75 -8.75 0
      vertex 27.6859 16.9215 0
    endloop
  endfacet
  facet normal 0 0 -1
    outer loop
      vertex 0.75 -8.75 0
      vertex 27.5865 -17.0555 0
      vertex 27.5007 -17.1986 0
    endloop
  endfacet
  facet normal -0 0 -1
    outer loop
      vertex 27.6859 16.9215 0
      vertex 0.75 -8.75 0
      vertex 27.5865 17.0555 0
    endloop
  endfacet
  facet normal 0 0 -1
    outer loop
      vertex 0.75 -8.75 0
      vertex 27.5007 -17.1986 0
      vertex 27.4294 -17.3494 0
    endloop
  endfacet
  facet normal 0 0 -1
    outer loop
      vertex 0.75 20.75 0
      vertex 27.5865 17.0555 0
      vertex 0.75 -8.75 0
    endloop
  endfacet
  facet normal 0 0 -1
    outer loop
      vertex 0.75 -8.75 0
      vertex 27.4294 -17.3494 0
      vertex 27.3732 -17.5065 0
    endloop
  endfacet
  facet normal 0 0 -1
    outer loop
      vertex 27.5865 17.0555 0
      vertex 0.75 20.75 0
      vertex 27.5007 17.1986 0
    endloop
  endfacet
  facet normal 0 0 -1
    outer loop
      vertex 0.75 -8.75 0
      vertex 27.3732 -17.5065 0
      vertex 27.3327 -17.6683 0
    endloop
  endfacet
  facet normal 0 0 -1
    outer loop
      vertex 27.5007 17.1986 0
      vertex 0.75 20.75 0
      vertex 27.4294 17.3494 0
    endloop
  endfacet
  facet normal 0 0 -1
    outer loop
      vertex 0.75 -8.75 0
      vertex 27.3327 -17.6683 0
      vertex 27.3082 -17.8334 0
    endloop
  endfacet
  facet normal 0 0 -1
    outer loop
      vertex 27.4294 17.3494 0
      vertex 0.75 20.75 0
      vertex 27.3732 17.5065 0
    endloop
  endfacet
  facet normal 0 0 -1
    outer loop
      vertex 0.75 -8.75 0
      vertex 27.3082 -17.8334 0
      vertex 27.3 -18 0
    endloop
  endfacet
  facet normal 0 0 -1
    outer loop
      vertex 27.3732 17.5065 0
      vertex 0.75 20.75 0
      vertex 27.3327 17.6683 0
    endloop
  endfacet
  facet normal 0 0 -1
    outer loop
      vertex 34.2 -26.2 0
      vertex 37.2 -23.2 0
      vertex 37.1856 -23.4941 0
    endloop
  endfacet
  facet normal 0 0 -1
    outer loop
      vertex 30.6918 -17.8334 0
      vertex 37.2 -23.2 0
      vertex 30.7 -18 0
    endloop
  endfacet
  facet normal 0 0 -1
    outer loop
      vertex 34.2 -26.2 0
      vertex 37.1856 -23.4941 0
      vertex 37.1424 -23.7853 0
    endloop
  endfacet
  facet normal 0 0 -1
    outer loop
      vertex 30.6673 -17.6683 0
      vertex 37.2 -23.2 0
      vertex 30.6918 -17.8334 0
    endloop
  endfacet
  facet normal 0 0 -1
    outer loop
      vertex 34.2 -26.2 0
      vertex 37.1424 -23.7853 0
      vertex 37.0708 -24.0709 0
    endloop
  endfacet
  facet normal 0 0 -1
    outer loop
      vertex 30.6918 18.1666 0
      vertex 37.2 23.2 0
      vertex 30.7 18 0
    endloop
  endfacet
  facet normal 0 0 -1
    outer loop
      vertex 34.2 -26.2 0
      vertex 37.0708 -24.0709 0
      vertex 36.9716 -24.348 0
    endloop
  endfacet
  facet normal 0 0 -1
    outer loop
      vertex 30.6673 18.3317 0
      vertex 37.2 23.2 0
      vertex 30.6918 18.1666 0
    endloop
  endfacet
  facet normal 0 0 -1
    outer loop
      vertex 34.2 -26.2 0
      vertex 36.9716 -24.348 0
      vertex 36.8458 -24.6142 0
    endloop
  endfacet
  facet normal 0 0 -1
    outer loop
      vertex 30.6268 18.4935 0
      vertex 37.2 23.2 0
      vertex 30.6673 18.3317 0
    endloop
  endfacet
  facet normal 0 0 -1
    outer loop
      vertex 34.2 -26.2 0
      vertex 36.8458 -24.6142 0
      vertex 36.6944 -24.8667 0
    endloop
  endfacet
  facet normal 0 0 -1
    outer loop
      vertex 30.5706 18.6506 0
      vertex 37.2 23.2 0
      vertex 30.6268 18.4935 0
    endloop
  endfacet
  facet normal 0 0 -1
    outer loop
      vertex 34.2 -26.2 0
      vertex 36.6944 -24.8667 0
      vertex 36.519 -25.1032 0
    endloop
  endfacet
  facet normal 0 0 -1
    outer loop
      vertex 30.4993 18.8014 0
      vertex 37.2 23.2 0
      vertex 30.5706 18.6506 0
    endloop
  endfacet
  facet normal 0 0 -1
    outer loop
      vertex 34.2 -26.2 0
      vertex 36.519 -25.1032 0
      vertex 36.3213 -25.3213 0
    endloop
  endfacet
  facet normal 0 0 -1
    outer loop
      vertex 30.4135 18.9445 0
      vertex 37.2 23.2 0
      vertex 30.4993 18.8014 0
    endloop
  endfacet
  facet normal 0 0 -1
    outer loop
      vertex 34.2 -26.2 0
      vertex 36.3213 -25.3213 0
      vertex 36.1032 -25.519 0
    endloop
  endfacet
  facet normal 0 0 -1
    outer loop
      vertex 30.3141 19.0785 0
      vertex 37.2 23.2 0
      vertex 30.4135 18.9445 0
    endloop
  endfacet
  facet normal 0 0 -1
    outer loop
      vertex 34.2 -26.2 0
      vertex 36.1032 -25.519 0
      vertex 35.8667 -25.6944 0
    endloop
  endfacet
  facet normal 0 0 -1
    outer loop
      vertex 30.2021 19.2021 0
      vertex 37.2 23.2 0
      vertex 30.3141 19.0785 0
    endloop
  endfacet
  facet normal 0 0 -1
    outer loop
      vertex 34.2 -26.2 0
      vertex 35.8667 -25.6944 0
      vertex 35.6142 -25.8458 0
    endloop
  endfacet
  facet normal 0 -0 -1
    outer loop
      vertex 34.2 26.2 0
      vertex 37.2 23.2 0
      vertex 30.2021 19.2021 0
    endloop
  endfacet
  facet normal 0 0 -1
    outer loop
      vertex 34.2 -26.2 0
      vertex 35.6142 -25.8458 0
      vertex 35.348 -25.9716 0
    endloop
  endfacet
  facet normal 0 0 -1
    outer loop
      vertex 37.2 23.2 0
      vertex 34.2 26.2 0
      vertex 37.1856 23.4941 0
    endloop
  endfacet
  facet normal 0 0 -1
    outer loop
      vertex 34.2 -26.2 0
      vertex 35.348 -25.9716 0
      vertex 35.0709 -26.0708 0
    endloop
  endfacet
  facet normal 0 0 -1
    outer loop
      vertex 37.1856 23.4941 0
      vertex 34.2 26.2 0
      vertex 37.1424 23.7853 0
    endloop
  endfacet
  facet normal 0 0 -1
    outer loop
      vertex 34.2 -26.2 0
      vertex 35.0709 -26.0708 0
      vertex 34.7853 -26.1424 0
    endloop
  endfacet
  facet normal 0 0 -1
    outer loop
      vertex 37.0708 24.0709 0
      vertex 34.2 26.2 0
      vertex 36.9716 24.348 0
    endloop
  endfacet
  facet normal 0 0 -1
    outer loop
      vertex 34.2 -26.2 0
      vertex 34.7853 -26.1424 0
      vertex 34.494 -26.1856 0
    endloop
  endfacet
  facet normal 0 0 -1
    outer loop
      vertex 36.9716 24.348 0
      vertex 34.2 26.2 0
      vertex 36.8458 24.6142 0
    endloop
  endfacet
  facet normal -0 0 -1
    outer loop
      vertex 37.2 -23.2 0
      vertex 34.2 -26.2 0
      vertex 30.2021 -19.2021 0
    endloop
  endfacet
  facet normal 0 0 -1
    outer loop
      vertex 36.8458 24.6142 0
      vertex 34.2 26.2 0
      vertex 36.6944 24.8667 0
    endloop
  endfacet
  facet normal 0 0 -1
    outer loop
      vertex 36.6944 24.8667 0
      vertex 34.2 26.2 0
      vertex 36.519 25.1032 0
    endloop
  endfacet
  facet normal 0 0 -1
    outer loop
      vertex 37.2 -23.2 0
      vertex 30.6918 -18.1666 0
      vertex 30.7 -18 0
    endloop
  endfacet
  facet normal 0 0 -1
    outer loop
      vertex 37.2 -23.2 0
      vertex 30.6673 -18.3317 0
      vertex 30.6918 -18.1666 0
    endloop
  endfacet
  facet normal 0 0 -1
    outer loop
      vertex 37.2 -23.2 0
      vertex 30.6268 -18.4935 0
      vertex 30.6673 -18.3317 0
    endloop
  endfacet
  facet normal 0 0 -1
    outer loop
      vertex 37.2 -23.2 0
      vertex 30.5706 -18.6506 0
      vertex 30.6268 -18.4935 0
    endloop
  endfacet
  facet normal 0 0 -1
    outer loop
      vertex 37.2 -23.2 0
      vertex 30.4993 -18.8014 0
      vertex 30.5706 -18.6506 0
    endloop
  endfacet
  facet normal 0 0 -1
    outer loop
      vertex 37.2 -23.2 0
      vertex 30.4135 -18.9445 0
      vertex 30.4993 -18.8014 0
    endloop
  endfacet
  facet normal 0 0 -1
    outer loop
      vertex 37.2 -23.2 0
      vertex 30.3141 -19.0785 0
      vertex 30.4135 -18.9445 0
    endloop
  endfacet
  facet normal 0 0 -1
    outer loop
      vertex 37.2 -23.2 0
      vertex 30.2021 -19.2021 0
      vertex 30.3141 -19.0785 0
    endloop
  endfacet
  facet normal 0 0 -1
    outer loop
      vertex 34.2 -26.2 0
      vertex 30.0785 -19.3141 0
      vertex 30.2021 -19.2021 0
    endloop
  endfacet
  facet normal 0 0 -1
    outer loop
      vertex 34.2 -26.2 0
      vertex 29.9445 -19.4135 0
      vertex 30.0785 -19.3141 0
    endloop
  endfacet
  facet normal 0 0 -1
    outer loop
      vertex 34.2 -26.2 0
      vertex 29.8014 -19.4993 0
      vertex 29.9445 -19.4135 0
    endloop
  endfacet
  facet normal 0 0 -1
    outer loop
      vertex 34.2 -26.2 0
      vertex 29.6506 -19.5706 0
      vertex 29.8014 -19.4993 0
    endloop
  endfacet
  facet normal 0 0 -1
    outer loop
      vertex 34.2 -26.2 0
      vertex 29.4935 -19.6268 0
      vertex 29.6506 -19.5706 0
    endloop
  endfacet
  facet normal 0 0 -1
    outer loop
      vertex 34.2 -26.2 0
      vertex 29.3317 -19.6673 0
      vertex 29.4935 -19.6268 0
    endloop
  endfacet
  facet normal 0 0 -1
    outer loop
      vertex 34.2 -26.2 0
      vertex 29.1666 -19.6918 0
      vertex 29.3317 -19.6673 0
    endloop
  endfacet
  facet normal 0 0 -1
    outer loop
      vertex 34.2 -26.2 0
      vertex 29 -19.7 0
      vertex 29.1666 -19.6918 0
    endloop
  endfacet
  facet normal 0 0 -1
    outer loop
      vertex 34.2 -26.2 0
      vertex 28.8334 -19.6918 0
      vertex 29 -19.7 0
    endloop
  endfacet
  facet normal 0 0 -1
    outer loop
      vertex 34.2 -26.2 0
      vertex 28.6683 -19.6673 0
      vertex 28.8334 -19.6918 0
    endloop
  endfacet
  facet normal 0 0 -1
    outer loop
      vertex 34.2 -26.2 0
      vertex 28.5065 -19.6268 0
      vertex 28.6683 -19.6673 0
    endloop
  endfacet
  facet normal 0 0 -1
    outer loop
      vertex 34.2 -26.2 0
      vertex 28.3494 -19.5706 0
      vertex 28.5065 -19.6268 0
    endloop
  endfacet
  facet normal 0 0 -1
    outer loop
      vertex 34.2 -26.2 0
      vertex 28.1986 -19.4993 0
      vertex 28.3494 -19.5706 0
    endloop
  endfacet
  facet normal 0 0 -1
    outer loop
      vertex 34.2 -26.2 0
      vertex 28.0555 -19.4135 0
      vertex 28.1986 -19.4993 0
    endloop
  endfacet
  facet normal 0 0 -1
    outer loop
      vertex 34.2 -26.2 0
      vertex 27.9215 -19.3141 0
      vertex 28.0555 -19.4135 0
    endloop
  endfacet
  facet normal 0 0 -1
    outer loop
      vertex 0.75 -8.75 0
      vertex 27.9215 -19.3141 0
      vertex 34.2 -26.2 0
    endloop
  endfacet
  facet normal 0 0 -1
    outer loop
      vertex 27.3327 17.6683 0
      vertex 0.75 20.75 0
      vertex 27.3082 17.8334 0
    endloop
  endfacet
  facet normal 0 0 -1
    outer loop
      vertex 27.3082 -18.1666 0
      vertex 0.75 -8.75 0
      vertex 27.3 -18 0
    endloop
  endfacet
  facet normal 0 0 -1
    outer loop
      vertex 27.3327 -18.3317 0
      vertex 0.75 -8.75 0
      vertex 27.3082 -18.1666 0
    endloop
  endfacet
  facet normal 0 0 -1
    outer loop
      vertex 27.3732 -18.4935 0
      vertex 0.75 -8.75 0
      vertex 27.3327 -18.3317 0
    endloop
  endfacet
  facet normal 0 0 -1
    outer loop
      vertex 27.4294 -18.6506 0
      vertex 0.75 -8.75 0
      vertex 27.3732 -18.4935 0
    endloop
  endfacet
  facet normal 0 0 -1
    outer loop
      vertex 27.5007 -18.8014 0
      vertex 0.75 -8.75 0
      vertex 27.4294 -18.6506 0
    endloop
  endfacet
  facet normal 0 0 -1
    outer loop
      vertex 27.5865 -18.9445 0
      vertex 0.75 -8.75 0
      vertex 27.5007 -18.8014 0
    endloop
  endfacet
  facet normal 0 0 -1
    outer loop
      vertex 27.6859 -19.0785 0
      vertex 0.75 -8.75 0
      vertex 27.5865 -18.9445 0
    endloop
  endfacet
  facet normal 0 0 -1
    outer loop
      vertex 27.7979 -19.2021 0
      vertex 0.75 -8.75 0
      vertex 27.6859 -19.0785 0
    endloop
  endfacet
  facet normal 0 0 -1
    outer loop
      vertex 27.9215 -19.3141 0
      vertex 0.75 -8.75 0
      vertex 27.7979 -19.2021 0
    endloop
  endfacet
  facet normal 0 0 -1
    outer loop
      vertex -27.9215 -19.3141 0
      vertex 0.75 -8.75 0
      vertex 34.2 -26.2 0
    endloop
  endfacet
  facet normal 0 0 -1
    outer loop
      vertex 0.75 -8.75 0
      vertex -27.3082 -18.1666 0
      vertex -27.3 -18 0
    endloop
  endfacet
  facet normal 0 0 -1
    outer loop
      vertex 0.75 -8.75 0
      vertex -27.3327 -18.3317 0
      vertex -27.3082 -18.1666 0
    endloop
  endfacet
  facet normal 0 0 -1
    outer loop
      vertex 0.75 -8.75 0
      vertex -27.3732 -18.4935 0
      vertex -27.3327 -18.3317 0
    endloop
  endfacet
  facet normal 0 0 -1
    outer loop
      vertex 0.75 -8.75 0
      vertex -27.4294 -18.6506 0
      vertex -27.3732 -18.4935 0
    endloop
  endfacet
  facet normal 0 0 -1
    outer loop
      vertex 0.75 -8.75 0
      vertex -27.5007 -18.8014 0
      vertex -27.4294 -18.6506 0
    endloop
  endfacet
  facet normal 0 0 -1
    outer loop
      vertex 0.75 -8.75 0
      vertex -27.5865 -18.9445 0
      vertex -27.5007 -18.8014 0
    endloop
  endfacet
  facet normal 0 0 -1
    outer loop
      vertex 0.75 -8.75 0
      vertex -27.6859 -19.0785 0
      vertex -27.5865 -18.9445 0
    endloop
  endfacet
  facet normal 0 0 -1
    outer loop
      vertex 0.75 -8.75 0
      vertex -27.7979 -19.2021 0
      vertex -27.6859 -19.0785 0
    endloop
  endfacet
  facet normal 0 0 -1
    outer loop
      vertex 0.75 -8.75 0
      vertex -27.9215 -19.3141 0
      vertex -27.7979 -19.2021 0
    endloop
  endfacet
  facet normal 0 0 -1
    outer loop
      vertex -34.2 -26.2 0
      vertex -27.9215 -19.3141 0
      vertex 34.2 -26.2 0
    endloop
  endfacet
  facet normal 0 0 -1
    outer loop
      vertex -27.9215 -19.3141 0
      vertex -34.2 -26.2 0
      vertex -28.0555 -19.4135 0
    endloop
  endfacet
  facet normal 0 0 -1
    outer loop
      vertex -28.0555 -19.4135 0
      vertex -34.2 -26.2 0
      vertex -28.1986 -19.4993 0
    endloop
  endfacet
  facet normal 0 0 -1
    outer loop
      vertex -28.1986 -19.4993 0
      vertex -34.2 -26.2 0
      vertex -28.3494 -19.5706 0
    endloop
  endfacet
  facet normal 0 0 -1
    outer loop
      vertex -28.3494 -19.5706 0
      vertex -34.2 -26.2 0
      vertex -28.5065 -19.6268 0
    endloop
  endfacet
  facet normal 0 0 -1
    outer loop
      vertex -28.5065 -19.6268 0
      vertex -34.2 -26.2 0
      vertex -28.6683 -19.6673 0
    endloop
  endfacet
  facet normal 0 0 -1
    outer loop
      vertex -28.6683 -19.6673 0
      vertex -34.2 -26.2 0
      vertex -28.8334 -19.6918 0
    endloop
  endfacet
  facet normal 0 0 -1
    outer loop
      vertex -28.8334 -19.6918 0
      vertex -34.2 -26.2 0
      vertex -29 -19.7 0
    endloop
  endfacet
  facet normal 0 0 -1
    outer loop
      vertex -30.6268 17.5065 0
      vertex -37.2 23.2 0
      vertex -30.6673 17.6683 0
    endloop
  endfacet
  facet normal -0 0 -1
    outer loop
      vertex -30.6673 -18.3317 0
      vertex -37.2 -23.2 0
      vertex -30.6918 -18.1666 0
    endloop
  endfacet
  facet normal -0 0 -1
    outer loop
      vertex -30.6268 -18.4935 0
      vertex -37.2 -23.2 0
      vertex -30.6673 -18.3317 0
    endloop
  endfacet
  facet normal -0 0 -1
    outer loop
      vertex -30.5706 -18.6506 0
      vertex -37.2 -23.2 0
      vertex -30.6268 -18.4935 0
    endloop
  endfacet
  facet normal -0 0 -1
    outer loop
      vertex -30.4993 -18.8014 0
      vertex -37.2 -23.2 0
      vertex -30.5706 -18.6506 0
    endloop
  endfacet
  facet normal -0 0 -1
    outer loop
      vertex -30.4135 -18.9445 0
      vertex -37.2 -23.2 0
      vertex -30.4993 -18.8014 0
    endloop
  endfacet
  facet normal -0 0 -1
    outer loop
      vertex -30.3141 -19.0785 0
      vertex -37.2 -23.2 0
      vertex -30.4135 -18.9445 0
    endloop
  endfacet
  facet normal -0 0 -1
    outer loop
      vertex -30.2021 -19.2021 0
      vertex -37.2 -23.2 0
      vertex -30.3141 -19.0785 0
    endloop
  endfacet
  facet normal 0 0 -1
    outer loop
      vertex -37.2 -23.2 0
      vertex -30.2021 -19.2021 0
      vertex -34.2 -26.2 0
    endloop
  endfacet
  facet normal -0 0 -1
    outer loop
      vertex -30.0785 -19.3141 0
      vertex -34.2 -26.2 0
      vertex -30.2021 -19.2021 0
    endloop
  endfacet
  facet normal -0 0 -1
    outer loop
      vertex -29.9445 -19.4135 0
      vertex -34.2 -26.2 0
      vertex -30.0785 -19.3141 0
    endloop
  endfacet
  facet normal -0 0 -1
    outer loop
      vertex -29.8014 -19.4993 0
      vertex -34.2 -26.2 0
      vertex -29.9445 -19.4135 0
    endloop
  endfacet
  facet normal -0 0 -1
    outer loop
      vertex -29.6506 -19.5706 0
      vertex -34.2 -26.2 0
      vertex -29.8014 -19.4993 0
    endloop
  endfacet
  facet normal -0 0 -1
    outer loop
      vertex -29.4935 -19.6268 0
      vertex -34.2 -26.2 0
      vertex -29.6506 -19.5706 0
    endloop
  endfacet
  facet normal -0 0 -1
    outer loop
      vertex -29.3317 -19.6673 0
      vertex -34.2 -26.2 0
      vertex -29.4935 -19.6268 0
    endloop
  endfacet
  facet normal -0 0 -1
    outer loop
      vertex -29.1666 -19.6918 0
      vertex -34.2 -26.2 0
      vertex -29.3317 -19.6673 0
    endloop
  endfacet
  facet normal -0 0 -1
    outer loop
      vertex -29 -19.7 0
      vertex -34.2 -26.2 0
      vertex -29.1666 -19.6918 0
    endloop
  endfacet
  facet normal 0 0 -1
    outer loop
      vertex 36.519 25.1032 0
      vertex 34.2 26.2 0
      vertex 36.3213 25.3213 0
    endloop
  endfacet
  facet normal 0 0 -1
    outer loop
      vertex 36.3213 25.3213 0
      vertex 34.2 26.2 0
      vertex 36.1032 25.519 0
    endloop
  endfacet
  facet normal 0 0 -1
    outer loop
      vertex 36.1032 25.519 0
      vertex 34.2 26.2 0
      vertex 35.8667 25.6944 0
    endloop
  endfacet
  facet normal 0 0 -1
    outer loop
      vertex 35.8667 25.6944 0
      vertex 34.2 26.2 0
      vertex 35.6142 25.8458 0
    endloop
  endfacet
  facet normal 0 0 -1
    outer loop
      vertex 35.348 25.9716 0
      vertex 34.2 26.2 0
      vertex 35.0709 26.0708 0
    endloop
  endfacet
  facet normal 0 0 -1
    outer loop
      vertex 35.0709 26.0708 0
      vertex 34.2 26.2 0
      vertex 34.7853 26.1424 0
    endloop
  endfacet
  facet normal 0 0 -1
    outer loop
      vertex 34.7853 26.1424 0
      vertex 34.2 26.2 0
      vertex 34.494 26.1856 0
    endloop
  endfacet
  facet normal 0 0 -1
    outer loop
      vertex 35.6142 25.8458 0
      vertex 34.2 26.2 0
      vertex 35.348 25.9716 0
    endloop
  endfacet
  facet normal 0 0 -1
    outer loop
      vertex 37.1424 23.7853 0
      vertex 34.2 26.2 0
      vertex 37.0708 24.0709 0
    endloop
  endfacet
  facet normal 0 0 -1
    outer loop
      vertex 30.0785 19.3141 0
      vertex 34.2 26.2 0
      vertex 30.2021 19.2021 0
    endloop
  endfacet
  facet normal 0 0 -1
    outer loop
      vertex 29.9445 19.4135 0
      vertex 34.2 26.2 0
      vertex 30.0785 19.3141 0
    endloop
  endfacet
  facet normal 0 0 -1
    outer loop
      vertex 29.8014 19.4993 0
      vertex 34.2 26.2 0
      vertex 29.9445 19.4135 0
    endloop
  endfacet
  facet normal 0 0 -1
    outer loop
      vertex 29.6506 19.5706 0
      vertex 34.2 26.2 0
      vertex 29.8014 19.4993 0
    endloop
  endfacet
  facet normal 0 0 -1
    outer loop
      vertex 29.4935 19.6268 0
      vertex 34.2 26.2 0
      vertex 29.6506 19.5706 0
    endloop
  endfacet
  facet normal 0 0 -1
    outer loop
      vertex 29.3317 19.6673 0
      vertex 34.2 26.2 0
      vertex 29.4935 19.6268 0
    endloop
  endfacet
  facet normal 0 0 -1
    outer loop
      vertex 29.1666 19.6918 0
      vertex 34.2 26.2 0
      vertex 29.3317 19.6673 0
    endloop
  endfacet
  facet normal 0 0 -1
    outer loop
      vertex 29 19.7 0
      vertex 34.2 26.2 0
      vertex 29.1666 19.6918 0
    endloop
  endfacet
  facet normal 0 0 -1
    outer loop
      vertex 28.8334 19.6918 0
      vertex 34.2 26.2 0
      vertex 29 19.7 0
    endloop
  endfacet
  facet normal 0 0 -1
    outer loop
      vertex 28.6683 19.6673 0
      vertex 34.2 26.2 0
      vertex 28.8334 19.6918 0
    endloop
  endfacet
  facet normal 0 0 -1
    outer loop
      vertex 28.5065 19.6268 0
      vertex 34.2 26.2 0
      vertex 28.6683 19.6673 0
    endloop
  endfacet
  facet normal 0 0 -1
    outer loop
      vertex 28.3494 19.5706 0
      vertex 34.2 26.2 0
      vertex 28.5065 19.6268 0
    endloop
  endfacet
  facet normal 0 0 -1
    outer loop
      vertex 28.1986 19.4993 0
      vertex 34.2 26.2 0
      vertex 28.3494 19.5706 0
    endloop
  endfacet
  facet normal 0 0 -1
    outer loop
      vertex 28.0555 19.4135 0
      vertex 34.2 26.2 0
      vertex 28.1986 19.4993 0
    endloop
  endfacet
  facet normal 0 0 -1
    outer loop
      vertex 0.75 20.75 0
      vertex 28.0555 19.4135 0
      vertex 27.9215 19.3141 0
    endloop
  endfacet
  facet normal 0 0 -1
    outer loop
      vertex 0.75 20.75 0
      vertex 27.9215 19.3141 0
      vertex 27.7979 19.2021 0
    endloop
  endfacet
  facet normal 0 0 -1
    outer loop
      vertex 27.3082 17.8334 0
      vertex 0.75 20.75 0
      vertex 27.3 18 0
    endloop
  endfacet
  facet normal 0 0 -1
    outer loop
      vertex 27.3 18 0
      vertex 0.75 20.75 0
      vertex 27.3082 18.1666 0
    endloop
  endfacet
  facet normal 0 0 -1
    outer loop
      vertex 27.3082 18.1666 0
      vertex 0.75 20.75 0
      vertex 27.3327 18.3317 0
    endloop
  endfacet
  facet normal 0 0 -1
    outer loop
      vertex 27.3327 18.3317 0
      vertex 0.75 20.75 0
      vertex 27.3732 18.4935 0
    endloop
  endfacet
  facet normal 0 0 -1
    outer loop
      vertex 27.3732 18.4935 0
      vertex 0.75 20.75 0
      vertex 27.4294 18.6506 0
    endloop
  endfacet
  facet normal 0 0 -1
    outer loop
      vertex 27.4294 18.6506 0
      vertex 0.75 20.75 0
      vertex 27.5007 18.8014 0
    endloop
  endfacet
  facet normal 0 0 -1
    outer loop
      vertex 27.5007 18.8014 0
      vertex 0.75 20.75 0
      vertex 27.5865 18.9445 0
    endloop
  endfacet
  facet normal 0 0 -1
    outer loop
      vertex 27.5865 18.9445 0
      vertex 0.75 20.75 0
      vertex 27.6859 19.0785 0
    endloop
  endfacet
  facet normal 0 0 -1
    outer loop
      vertex 27.6859 19.0785 0
      vertex 0.75 20.75 0
      vertex 27.7979 19.2021 0
    endloop
  endfacet
  facet normal 0 0 -1
    outer loop
      vertex 28.0555 19.4135 0
      vertex 0.75 20.75 0
      vertex 34.2 26.2 0
    endloop
  endfacet
  facet normal 0 0 -1
    outer loop
      vertex -34.2 26.2 0
      vertex 0.75 20.75 0
      vertex -28.75 20.75 0
    endloop
  endfacet
  facet normal 0 0 -1
    outer loop
      vertex -29 19.7 0
      vertex -28.75 20.75 0
      vertex -28.8334 19.6918 0
    endloop
  endfacet
  facet normal 0 0 -1
    outer loop
      vertex -29.1666 19.6918 0
      vertex -28.75 20.75 0
      vertex -29 19.7 0
    endloop
  endfacet
  facet normal 0 0 -1
    outer loop
      vertex -29.3317 19.6673 0
      vertex -28.75 20.75 0
      vertex -29.1666 19.6918 0
    endloop
  endfacet
  facet normal 0 0 -1
    outer loop
      vertex -29.4935 19.6268 0
      vertex -28.75 20.75 0
      vertex -29.3317 19.6673 0
    endloop
  endfacet
  facet normal 0 0 -1
    outer loop
      vertex -29.6506 19.5706 0
      vertex -28.75 20.75 0
      vertex -29.4935 19.6268 0
    endloop
  endfacet
  facet normal 0 0 -1
    outer loop
      vertex -29.8014 19.4993 0
      vertex -28.75 20.75 0
      vertex -29.6506 19.5706 0
    endloop
  endfacet
  facet normal 0 0 -1
    outer loop
      vertex -29.9445 19.4135 0
      vertex -28.75 20.75 0
      vertex -29.8014 19.4993 0
    endloop
  endfacet
  facet normal 0 0 -1
    outer loop
      vertex -34.2 26.2 0
      vertex -29.9445 19.4135 0
      vertex -30.0785 19.3141 0
    endloop
  endfacet
  facet normal 0 0 -1
    outer loop
      vertex -34.2 26.2 0
      vertex -30.0785 19.3141 0
      vertex -30.2021 19.2021 0
    endloop
  endfacet
  facet normal 0 0 -1
    outer loop
      vertex -30.6673 17.6683 0
      vertex -37.2 23.2 0
      vertex -30.6918 17.8334 0
    endloop
  endfacet
  facet normal 0 0 -1
    outer loop
      vertex 0.75 20.75 0
      vertex -34.2 26.2 0
      vertex 34.2 26.2 0
    endloop
  endfacet
  facet normal 0 0 -1
    outer loop
      vertex -29.9445 19.4135 0
      vertex -34.2 26.2 0
      vertex -28.75 20.75 0
    endloop
  endfacet
  facet normal 0 0 -1
    outer loop
      vertex -37.2 23.2 0
      vertex -30.2021 19.2021 0
      vertex -30.3141 19.0785 0
    endloop
  endfacet
  facet normal 0 0 -1
    outer loop
      vertex -37.2 23.2 0
      vertex -30.3141 19.0785 0
      vertex -30.4135 18.9445 0
    endloop
  endfacet
  facet normal 0 0 -1
    outer loop
      vertex -37.2 23.2 0
      vertex -30.4135 18.9445 0
      vertex -30.4993 18.8014 0
    endloop
  endfacet
  facet normal 0 0 -1
    outer loop
      vertex -37.2 23.2 0
      vertex -30.4993 18.8014 0
      vertex -30.5706 18.6506 0
    endloop
  endfacet
  facet normal 0 0 -1
    outer loop
      vertex -37.2 23.2 0
      vertex -30.5706 18.6506 0
      vertex -30.6268 18.4935 0
    endloop
  endfacet
  facet normal 0 0 -1
    outer loop
      vertex -37.2 23.2 0
      vertex -30.6268 18.4935 0
      vertex -30.6673 18.3317 0
    endloop
  endfacet
  facet normal 0 0 -1
    outer loop
      vertex -37.2 23.2 0
      vertex -30.6673 18.3317 0
      vertex -30.6918 18.1666 0
    endloop
  endfacet
  facet normal 0 0 -1
    outer loop
      vertex -30.6918 17.8334 0
      vertex -37.2 23.2 0
      vertex -30.7 18 0
    endloop
  endfacet
  facet normal 0 0 -1
    outer loop
      vertex -37.2 -23.2 0
      vertex -34.2 -26.2 0
      vertex -34.494 -26.1856 0
    endloop
  endfacet
  facet normal 0 0 -1
    outer loop
      vertex -30.7 18 0
      vertex -37.2 23.2 0
      vertex -30.6918 18.1666 0
    endloop
  endfacet
  facet normal 0 0 -1
    outer loop
      vertex -37.2 -23.2 0
      vertex -34.494 -26.1856 0
      vertex -34.7853 -26.1424 0
    endloop
  endfacet
  facet normal 0 0 -1
    outer loop
      vertex -30.2021 19.2021 0
      vertex -37.2 23.2 0
      vertex -34.2 26.2 0
    endloop
  endfacet
  facet normal 0 0 -1
    outer loop
      vertex -37.2 -23.2 0
      vertex -34.7853 -26.1424 0
      vertex -35.0709 -26.0708 0
    endloop
  endfacet
  facet normal 0 0 -1
    outer loop
      vertex -34.2 26.2 0
      vertex -37.2 23.2 0
      vertex -34.494 26.1856 0
    endloop
  endfacet
  facet normal 0 0 -1
    outer loop
      vertex -37.2 -23.2 0
      vertex -35.0709 -26.0708 0
      vertex -35.348 -25.9716 0
    endloop
  endfacet
  facet normal 0 0 -1
    outer loop
      vertex -34.494 26.1856 0
      vertex -37.2 23.2 0
      vertex -34.7853 26.1424 0
    endloop
  endfacet
  facet normal 0 0 -1
    outer loop
      vertex -37.2 -23.2 0
      vertex -35.348 -25.9716 0
      vertex -35.6142 -25.8458 0
    endloop
  endfacet
  facet normal 0 0 -1
    outer loop
      vertex -34.7853 26.1424 0
      vertex -37.2 23.2 0
      vertex -35.0709 26.0708 0
    endloop
  endfacet
  facet normal 0 0 -1
    outer loop
      vertex -37.2 -23.2 0
      vertex -35.6142 -25.8458 0
      vertex -35.8667 -25.6944 0
    endloop
  endfacet
  facet normal 0 0 -1
    outer loop
      vertex -35.0709 26.0708 0
      vertex -37.2 23.2 0
      vertex -35.348 25.9716 0
    endloop
  endfacet
  facet normal 0 0 -1
    outer loop
      vertex -37.2 -23.2 0
      vertex -35.8667 -25.6944 0
      vertex -36.1032 -25.519 0
    endloop
  endfacet
  facet normal 0 0 -1
    outer loop
      vertex -35.348 25.9716 0
      vertex -37.2 23.2 0
      vertex -35.6142 25.8458 0
    endloop
  endfacet
  facet normal 0 0 -1
    outer loop
      vertex -37.2 -23.2 0
      vertex -36.1032 -25.519 0
      vertex -36.3213 -25.3213 0
    endloop
  endfacet
  facet normal 0 0 -1
    outer loop
      vertex -35.6142 25.8458 0
      vertex -37.2 23.2 0
      vertex -35.8667 25.6944 0
    endloop
  endfacet
  facet normal 0 0 -1
    outer loop
      vertex -37.2 -23.2 0
      vertex -36.3213 -25.3213 0
      vertex -36.519 -25.1032 0
    endloop
  endfacet
  facet normal 0 0 -1
    outer loop
      vertex -35.8667 25.6944 0
      vertex -37.2 23.2 0
      vertex -36.1032 25.519 0
    endloop
  endfacet
  facet normal 0 0 -1
    outer loop
      vertex -37.2 -23.2 0
      vertex -36.519 -25.1032 0
      vertex -36.6944 -24.8667 0
    endloop
  endfacet
  facet normal 0 0 -1
    outer loop
      vertex -36.1032 25.519 0
      vertex -37.2 23.2 0
      vertex -36.3213 25.3213 0
    endloop
  endfacet
  facet normal 0 0 -1
    outer loop
      vertex -37.2 -23.2 0
      vertex -36.6944 -24.8667 0
      vertex -36.8458 -24.6142 0
    endloop
  endfacet
  facet normal 0 0 -1
    outer loop
      vertex -36.3213 25.3213 0
      vertex -37.2 23.2 0
      vertex -36.519 25.1032 0
    endloop
  endfacet
  facet normal 0 0 -1
    outer loop
      vertex -37.2 -23.2 0
      vertex -36.8458 -24.6142 0
      vertex -36.9716 -24.348 0
    endloop
  endfacet
  facet normal 0 0 -1
    outer loop
      vertex -36.519 25.1032 0
      vertex -37.2 23.2 0
      vertex -36.6944 24.8667 0
    endloop
  endfacet
  facet normal 0 0 -1
    outer loop
      vertex -37.2 -23.2 0
      vertex -36.9716 -24.348 0
      vertex -37.0708 -24.0709 0
    endloop
  endfacet
  facet normal 0 0 -1
    outer loop
      vertex -36.6944 24.8667 0
      vertex -37.2 23.2 0
      vertex -36.8458 24.6142 0
    endloop
  endfacet
  facet normal 0 0 -1
    outer loop
      vertex -37.2 -23.2 0
      vertex -37.0708 -24.0709 0
      vertex -37.1424 -23.7853 0
    endloop
  endfacet
  facet normal 0 0 -1
    outer loop
      vertex -36.8458 24.6142 0
      vertex -37.2 23.2 0
      vertex -36.9716 24.348 0
    endloop
  endfacet
  facet normal 0 0 -1
    outer loop
      vertex -37.2 -23.2 0
      vertex -37.1424 -23.7853 0
      vertex -37.1856 -23.4941 0
    endloop
  endfacet
  facet normal 0 0 -1
    outer loop
      vertex -36.9716 24.348 0
      vertex -37.2 23.2 0
      vertex -37.0708 24.0709 0
    endloop
  endfacet
  facet normal 0 0 -1
    outer loop
      vertex -37.0708 24.0709 0
      vertex -37.2 23.2 0
      vertex -37.1424 23.7853 0
    endloop
  endfacet
  facet normal 0 0 -1
    outer loop
      vertex -37.1424 23.7853 0
      vertex -37.2 23.2 0
      vertex -37.1856 23.4941 0
    endloop
  endfacet
  facet normal 0 0 -1
    outer loop
      vertex -27.3082 -17.8334 0
      vertex 0.75 -8.75 0
      vertex -27.3 -18 0
    endloop
  endfacet
  facet normal 0 0 -1
    outer loop
      vertex -27.3327 -17.6683 0
      vertex 0.75 -8.75 0
      vertex -27.3082 -17.8334 0
    endloop
  endfacet
  facet normal 0 0 -1
    outer loop
      vertex -27.3732 -17.5065 0
      vertex 0.75 -8.75 0
      vertex -27.3327 -17.6683 0
    endloop
  endfacet
  facet normal 0 0 -1
    outer loop
      vertex -27.4294 -17.3494 0
      vertex 0.75 -8.75 0
      vertex -27.3732 -17.5065 0
    endloop
  endfacet
  facet normal 0 0 -1
    outer loop
      vertex -27.5007 -17.1986 0
      vertex 0.75 -8.75 0
      vertex -27.4294 -17.3494 0
    endloop
  endfacet
  facet normal 0 0 -1
    outer loop
      vertex -28.75 -8.75 0
      vertex -27.5007 -17.1986 0
      vertex -27.5865 -17.0555 0
    endloop
  endfacet
  facet normal 0 0 -1
    outer loop
      vertex -28.75 -8.75 0
      vertex -27.5865 -17.0555 0
      vertex -27.6859 -16.9215 0
    endloop
  endfacet
  facet normal 0 0 -1
    outer loop
      vertex -28.75 -8.75 0
      vertex -27.6859 -16.9215 0
      vertex -27.7979 -16.7979 0
    endloop
  endfacet
  facet normal 0 0 -1
    outer loop
      vertex -28.75 -8.75 0
      vertex -27.7979 -16.7979 0
      vertex -27.9215 -16.6859 0
    endloop
  endfacet
  facet normal 0 0 -1
    outer loop
      vertex -28.75 -8.75 0
      vertex -27.9215 -16.6859 0
      vertex -28.0555 -16.5865 0
    endloop
  endfacet
  facet normal 0 0 -1
    outer loop
      vertex -28.75 -8.75 0
      vertex -28.0555 -16.5865 0
      vertex -28.1986 -16.5007 0
    endloop
  endfacet
  facet normal 0 0 -1
    outer loop
      vertex -28.75 -8.75 0
      vertex -28.1986 -16.5007 0
      vertex -28.3494 -16.4294 0
    endloop
  endfacet
  facet normal 0 0 -1
    outer loop
      vertex -28.75 -8.75 0
      vertex -28.3494 -16.4294 0
      vertex -28.5065 -16.3732 0
    endloop
  endfacet
  facet normal 0 0 -1
    outer loop
      vertex -28.75 -8.75 0
      vertex -28.5065 -16.3732 0
      vertex -28.6683 -16.3327 0
    endloop
  endfacet
  facet normal 0 0 -1
    outer loop
      vertex -27.5007 -17.1986 0
      vertex -28.75 -8.75 0
      vertex 0.75 -8.75 0
    endloop
  endfacet
  facet normal 0 0 -1
    outer loop
      vertex -28.8334 -16.3082 0
      vertex -28.75 -8.75 0
      vertex -28.6683 -16.3327 0
    endloop
  endfacet
  facet normal 0 0 -1
    outer loop
      vertex -29 -16.3 0
      vertex -28.75 -8.75 0
      vertex -28.8334 -16.3082 0
    endloop
  endfacet
  facet normal 0 0 -1
    outer loop
      vertex -28.75 -8.75 0
      vertex -28.8334 16.3082 0
      vertex -28.75 16.3206 0
    endloop
  endfacet
  facet normal 0 0 -1
    outer loop
      vertex -29.1666 -16.3082 0
      vertex -28.75 -8.75 0
      vertex -29 -16.3 0
    endloop
  endfacet
  facet normal 0 0 -1
    outer loop
      vertex -28.75 -8.75 0
      vertex -29 16.3 0
      vertex -28.8334 16.3082 0
    endloop
  endfacet
  facet normal 0 0 -1
    outer loop
      vertex -29.3317 -16.3327 0
      vertex -28.75 -8.75 0
      vertex -29.1666 -16.3082 0
    endloop
  endfacet
  facet normal 0 0 -1
    outer loop
      vertex -28.75 -8.75 0
      vertex -29.1666 16.3082 0
      vertex -29 16.3 0
    endloop
  endfacet
  facet normal 0 0 -1
    outer loop
      vertex -29.4935 -16.3732 0
      vertex -28.75 -8.75 0
      vertex -29.3317 -16.3327 0
    endloop
  endfacet
  facet normal 0 0 -1
    outer loop
      vertex -28.75 -8.75 0
      vertex -29.3317 16.3327 0
      vertex -29.1666 16.3082 0
    endloop
  endfacet
  facet normal 0 0 -1
    outer loop
      vertex -29.6506 -16.4294 0
      vertex -28.75 -8.75 0
      vertex -29.4935 -16.3732 0
    endloop
  endfacet
  facet normal 0 0 -1
    outer loop
      vertex -28.75 -8.75 0
      vertex -29.4935 16.3732 0
      vertex -29.3317 16.3327 0
    endloop
  endfacet
  facet normal 0 0 -1
    outer loop
      vertex -29.8014 -16.5007 0
      vertex -28.75 -8.75 0
      vertex -29.6506 -16.4294 0
    endloop
  endfacet
  facet normal 0 0 -1
    outer loop
      vertex -28.75 -8.75 0
      vertex -29.6506 16.4294 0
      vertex -29.4935 16.3732 0
    endloop
  endfacet
  facet normal 0 0 -1
    outer loop
      vertex -29.9445 -16.5865 0
      vertex -28.75 -8.75 0
      vertex -29.8014 -16.5007 0
    endloop
  endfacet
  facet normal 0 0 -1
    outer loop
      vertex -28.75 -8.75 0
      vertex -29.8014 16.5007 0
      vertex -29.6506 16.4294 0
    endloop
  endfacet
  facet normal 0 0 -1
    outer loop
      vertex -30.0785 -16.6859 0
      vertex -28.75 -8.75 0
      vertex -29.9445 -16.5865 0
    endloop
  endfacet
  facet normal 0 0 -1
    outer loop
      vertex -28.75 -8.75 0
      vertex -29.9445 16.5865 0
      vertex -29.8014 16.5007 0
    endloop
  endfacet
  facet normal 0 0 -1
    outer loop
      vertex -30.2021 -16.7979 0
      vertex -28.75 -8.75 0
      vertex -30.0785 -16.6859 0
    endloop
  endfacet
  facet normal 0 0 -1
    outer loop
      vertex -28.75 -8.75 0
      vertex -30.0785 16.6859 0
      vertex -29.9445 16.5865 0
    endloop
  endfacet
  facet normal 0 0 -1
    outer loop
      vertex -30.3141 -16.9215 0
      vertex -28.75 -8.75 0
      vertex -30.2021 -16.7979 0
    endloop
  endfacet
  facet normal 0 0 -1
    outer loop
      vertex -28.75 -8.75 0
      vertex -30.2021 16.7979 0
      vertex -30.0785 16.6859 0
    endloop
  endfacet
  facet normal 0 0 -1
    outer loop
      vertex -30.4135 -17.0555 0
      vertex -28.75 -8.75 0
      vertex -30.3141 -16.9215 0
    endloop
  endfacet
  facet normal 0 0 -1
    outer loop
      vertex -28.75 -8.75 0
      vertex -30.3141 16.9215 0
      vertex -30.2021 16.7979 0
    endloop
  endfacet
  facet normal 0 0 -1
    outer loop
      vertex -30.4993 -17.1986 0
      vertex -28.75 -8.75 0
      vertex -30.4135 -17.0555 0
    endloop
  endfacet
  facet normal 0 0 -1
    outer loop
      vertex -28.75 -8.75 0
      vertex -30.4135 17.0555 0
      vertex -30.3141 16.9215 0
    endloop
  endfacet
  facet normal 0 0 -1
    outer loop
      vertex -37.2 -23.2 0
      vertex -30.4993 -17.1986 0
      vertex -30.5706 -17.3494 0
    endloop
  endfacet
  facet normal 0 0 -1
    outer loop
      vertex -37.2 23.2 0
      vertex -30.4135 17.0555 0
      vertex -28.75 -8.75 0
    endloop
  endfacet
  facet normal 0 0 -1
    outer loop
      vertex -37.2 -23.2 0
      vertex -30.5706 -17.3494 0
      vertex -30.6268 -17.5065 0
    endloop
  endfacet
  facet normal 0 0 -1
    outer loop
      vertex -30.4135 17.0555 0
      vertex -37.2 23.2 0
      vertex -30.4993 17.1986 0
    endloop
  endfacet
  facet normal -0 0 -1
    outer loop
      vertex -30.6673 -17.6683 0
      vertex -37.2 -23.2 0
      vertex -30.6268 -17.5065 0
    endloop
  endfacet
  facet normal 0 0 -1
    outer loop
      vertex -37.2 23.2 0
      vertex -28.75 -8.75 0
      vertex -37.2 -23.2 0
    endloop
  endfacet
  facet normal -0 0 -1
    outer loop
      vertex -30.6918 -17.8334 0
      vertex -37.2 -23.2 0
      vertex -30.6673 -17.6683 0
    endloop
  endfacet
  facet normal -0 0 -1
    outer loop
      vertex -30.4993 -17.1986 0
      vertex -37.2 -23.2 0
      vertex -28.75 -8.75 0
    endloop
  endfacet
  facet normal -0 0 -1
    outer loop
      vertex -30.7 -18 0
      vertex -37.2 -23.2 0
      vertex -30.6918 -17.8334 0
    endloop
  endfacet
  facet normal 0 0 -1
    outer loop
      vertex -30.4993 17.1986 0
      vertex -37.2 23.2 0
      vertex -30.5706 17.3494 0
    endloop
  endfacet
  facet normal -0 0 -1
    outer loop
      vertex -30.6918 -18.1666 0
      vertex -37.2 -23.2 0
      vertex -30.7 -18 0
    endloop
  endfacet
  facet normal 0 0 -1
    outer loop
      vertex -30.5706 17.3494 0
      vertex -37.2 23.2 0
      vertex -30.6268 17.5065 0
    endloop
  endfacet
  facet normal 0.989174 -0.146746 0
    outer loop
      vertex 37.1424 -23.7853 2.4
      vertex 37.1856 -23.4941 0
      vertex 37.1856 -23.4941 2.4
    endloop
  endfacet
  facet normal 0.989174 -0.146746 0
    outer loop
      vertex 37.1856 -23.4941 0
      vertex 37.1424 -23.7853 2.4
      vertex 37.1424 -23.7853 0
    endloop
  endfacet
  facet normal -0.427269 -0.904125 0
    outer loop
      vertex -35.6142 -25.8458 0
      vertex -35.348 -25.9716 2.4
      vertex -35.6142 -25.8458 2.4
    endloop
  endfacet
  facet normal -0.427269 -0.904125 -0
    outer loop
      vertex -35.348 -25.9716 2.4
      vertex -35.6142 -25.8458 0
      vertex -35.348 -25.9716 0
    endloop
  endfacet
  facet normal 0.146696 -0.989182 0
    outer loop
      vertex 34.494 -26.1856 0
      vertex 34.7853 -26.1424 2.4
      vertex 34.494 -26.1856 2.4
    endloop
  endfacet
  facet normal 0.146696 -0.989182 0
    outer loop
      vertex 34.7853 -26.1424 2.4
      vertex 34.494 -26.1856 0
      vertex 34.7853 -26.1424 0
    endloop
  endfacet
  facet normal -0 0 1
    outer loop
      vertex -27.3732 17.5065 2.4
      vertex -26.75 13.75 2.4
      vertex -27.3327 17.6683 2.4
    endloop
  endfacet
  facet normal 0 0 1
    outer loop
      vertex -26.75 -1.75 2.4
      vertex -27.3082 -17.8334 2.4
      vertex -27.3 -18 2.4
    endloop
  endfacet
  facet normal -0 0 1
    outer loop
      vertex -27.4294 17.3494 2.4
      vertex -26.75 13.75 2.4
      vertex -27.3732 17.5065 2.4
    endloop
  endfacet
  facet normal 0 0 1
    outer loop
      vertex -26.75 -1.75 2.4
      vertex -27.3327 -17.6683 2.4
      vertex -27.3082 -17.8334 2.4
    endloop
  endfacet
  facet normal -0 0 1
    outer loop
      vertex -27.5007 17.1986 2.4
      vertex -26.75 13.75 2.4
      vertex -27.4294 17.3494 2.4
    endloop
  endfacet
  facet normal 0 0 1
    outer loop
      vertex -26.75 -1.75 2.4
      vertex -27.3732 -17.5065 2.4
      vertex -27.3327 -17.6683 2.4
    endloop
  endfacet
  facet normal -0 0 1
    outer loop
      vertex -27.5865 17.0555 2.4
      vertex -26.75 13.75 2.4
      vertex -27.5007 17.1986 2.4
    endloop
  endfacet
  facet normal 0 0 1
    outer loop
      vertex -26.75 -1.75 2.4
      vertex -27.4294 -17.3494 2.4
      vertex -27.3732 -17.5065 2.4
    endloop
  endfacet
  facet normal -0 0 1
    outer loop
      vertex -27.6859 16.9215 2.4
      vertex -26.75 13.75 2.4
      vertex -27.5865 17.0555 2.4
    endloop
  endfacet
  facet normal 0 0 1
    outer loop
      vertex -26.75 -1.75 2.4
      vertex -27.5007 -17.1986 2.4
      vertex -27.4294 -17.3494 2.4
    endloop
  endfacet
  facet normal -0 0 1
    outer loop
      vertex -27.7979 16.7979 2.4
      vertex -26.75 13.75 2.4
      vertex -27.6859 16.9215 2.4
    endloop
  endfacet
  facet normal 0 0 1
    outer loop
      vertex -26.75 -1.75 2.4
      vertex -27.5865 -17.0555 2.4
      vertex -27.5007 -17.1986 2.4
    endloop
  endfacet
  facet normal -0 0 1
    outer loop
      vertex -27.9215 16.6859 2.4
      vertex -26.75 13.75 2.4
      vertex -27.7979 16.7979 2.4
    endloop
  endfacet
  facet normal 0 0 1
    outer loop
      vertex -26.75 -1.75 2.4
      vertex -27.6859 -16.9215 2.4
      vertex -27.5865 -17.0555 2.4
    endloop
  endfacet
  facet normal -0 0 1
    outer loop
      vertex -28.0555 16.5865 2.4
      vertex -26.75 13.75 2.4
      vertex -27.9215 16.6859 2.4
    endloop
  endfacet
  facet normal 0 0 1
    outer loop
      vertex -26.75 -1.75 2.4
      vertex -27.7979 -16.7979 2.4
      vertex -27.6859 -16.9215 2.4
    endloop
  endfacet
  facet normal -0 0 1
    outer loop
      vertex -28.1986 16.5007 2.4
      vertex -26.75 13.75 2.4
      vertex -28.0555 16.5865 2.4
    endloop
  endfacet
  facet normal 0 0 1
    outer loop
      vertex -26.75 -1.75 2.4
      vertex -27.9215 -16.6859 2.4
      vertex -27.7979 -16.7979 2.4
    endloop
  endfacet
  facet normal -0 0 1
    outer loop
      vertex -28.3494 16.4294 2.4
      vertex -26.75 13.75 2.4
      vertex -28.1986 16.5007 2.4
    endloop
  endfacet
  facet normal 0 0 1
    outer loop
      vertex -26.75 -1.75 2.4
      vertex -28.0555 -16.5865 2.4
      vertex -27.9215 -16.6859 2.4
    endloop
  endfacet
  facet normal -0 0 1
    outer loop
      vertex -28.5065 16.3732 2.4
      vertex -26.75 13.75 2.4
      vertex -28.3494 16.4294 2.4
    endloop
  endfacet
  facet normal 0 0 1
    outer loop
      vertex -26.75 -1.75 2.4
      vertex -28.1986 -16.5007 2.4
      vertex -28.0555 -16.5865 2.4
    endloop
  endfacet
  facet normal -0 0 1
    outer loop
      vertex -28.6683 16.3327 2.4
      vertex -26.75 13.75 2.4
      vertex -28.5065 16.3732 2.4
    endloop
  endfacet
  facet normal 0 0 1
    outer loop
      vertex -26.75 -1.75 2.4
      vertex -28.3494 -16.4294 2.4
      vertex -28.1986 -16.5007 2.4
    endloop
  endfacet
  facet normal -0 0 1
    outer loop
      vertex -28.8334 16.3082 2.4
      vertex -26.75 13.75 2.4
      vertex -28.6683 16.3327 2.4
    endloop
  endfacet
  facet normal 0 0 1
    outer loop
      vertex -26.75 -1.75 2.4
      vertex -28.5065 -16.3732 2.4
      vertex -28.3494 -16.4294 2.4
    endloop
  endfacet
  facet normal -0 0 1
    outer loop
      vertex -29 16.3 2.4
      vertex -26.75 13.75 2.4
      vertex -28.8334 16.3082 2.4
    endloop
  endfacet
  facet normal 0 0 1
    outer loop
      vertex -26.75 -1.75 2.4
      vertex -28.6683 -16.3327 2.4
      vertex -28.5065 -16.3732 2.4
    endloop
  endfacet
  facet normal 0 0 1
    outer loop
      vertex -29.1666 16.3082 2.4
      vertex -26.75 13.75 2.4
      vertex -29 16.3 2.4
    endloop
  endfacet
  facet normal 0 0 1
    outer loop
      vertex -26.75 -1.75 2.4
      vertex -28.8334 -16.3082 2.4
      vertex -28.6683 -16.3327 2.4
    endloop
  endfacet
  facet normal 0 0 1
    outer loop
      vertex -29.3317 16.3327 2.4
      vertex -26.75 13.75 2.4
      vertex -29.1666 16.3082 2.4
    endloop
  endfacet
  facet normal 0 0 1
    outer loop
      vertex -26.75 -1.75 2.4
      vertex -29 -16.3 2.4
      vertex -28.8334 -16.3082 2.4
    endloop
  endfacet
  facet normal 0 0 1
    outer loop
      vertex -29.4935 16.3732 2.4
      vertex -26.75 13.75 2.4
      vertex -29.3317 16.3327 2.4
    endloop
  endfacet
  facet normal 0 0 1
    outer loop
      vertex -26.75 -1.75 2.4
      vertex -29.1666 -16.3082 2.4
      vertex -29 -16.3 2.4
    endloop
  endfacet
  facet normal 0 0 1
    outer loop
      vertex -29.6506 16.4294 2.4
      vertex -26.75 13.75 2.4
      vertex -29.4935 16.3732 2.4
    endloop
  endfacet
  facet normal 0 0 1
    outer loop
      vertex -26.75 -1.75 2.4
      vertex -29.3317 -16.3327 2.4
      vertex -29.1666 -16.3082 2.4
    endloop
  endfacet
  facet normal 0 0 1
    outer loop
      vertex -29.8014 16.5007 2.4
      vertex -26.75 13.75 2.4
      vertex -29.6506 16.4294 2.4
    endloop
  endfacet
  facet normal 0 0 1
    outer loop
      vertex -26.75 -1.75 2.4
      vertex -29.4935 -16.3732 2.4
      vertex -29.3317 -16.3327 2.4
    endloop
  endfacet
  facet normal 0 0 1
    outer loop
      vertex -29.9445 16.5865 2.4
      vertex -26.75 13.75 2.4
      vertex -29.8014 16.5007 2.4
    endloop
  endfacet
  facet normal 0 0 1
    outer loop
      vertex -26.75 -1.75 2.4
      vertex -29.6506 -16.4294 2.4
      vertex -29.4935 -16.3732 2.4
    endloop
  endfacet
  facet normal 0 0 1
    outer loop
      vertex -26.75 13.75 2.4
      vertex -29.9445 16.5865 2.4
      vertex -26.75 -1.75 2.4
    endloop
  endfacet
  facet normal 0 0 1
    outer loop
      vertex -26.75 -1.75 2.4
      vertex -29.8014 -16.5007 2.4
      vertex -29.6506 -16.4294 2.4
    endloop
  endfacet
  facet normal 0 0 1
    outer loop
      vertex -30.0785 16.6859 2.4
      vertex -26.75 -1.75 2.4
      vertex -29.9445 16.5865 2.4
    endloop
  endfacet
  facet normal 0 0 1
    outer loop
      vertex -26.75 -1.75 2.4
      vertex -29.9445 -16.5865 2.4
      vertex -29.8014 -16.5007 2.4
    endloop
  endfacet
  facet normal 0 0 1
    outer loop
      vertex -30.2021 16.7979 2.4
      vertex -26.75 -1.75 2.4
      vertex -30.0785 16.6859 2.4
    endloop
  endfacet
  facet normal 0 0 1
    outer loop
      vertex -26.75 -1.75 2.4
      vertex -30.0785 -16.6859 2.4
      vertex -29.9445 -16.5865 2.4
    endloop
  endfacet
  facet normal 0 0 1
    outer loop
      vertex -30.3141 16.9215 2.4
      vertex -26.75 -1.75 2.4
      vertex -30.2021 16.7979 2.4
    endloop
  endfacet
  facet normal 0 0 1
    outer loop
      vertex -26.75 -1.75 2.4
      vertex -30.2021 -16.7979 2.4
      vertex -30.0785 -16.6859 2.4
    endloop
  endfacet
  facet normal 0 0 1
    outer loop
      vertex -30.4135 17.0555 2.4
      vertex -26.75 -1.75 2.4
      vertex -30.3141 16.9215 2.4
    endloop
  endfacet
  facet normal 0 0 1
    outer loop
      vertex -26.75 -1.75 2.4
      vertex -30.3141 -16.9215 2.4
      vertex -30.2021 -16.7979 2.4
    endloop
  endfacet
  facet normal 0 0 1
    outer loop
      vertex -26.75 -1.75 2.4
      vertex -30.4135 17.0555 2.4
      vertex -37.2 23.2 2.4
    endloop
  endfacet
  facet normal 0 0 1
    outer loop
      vertex -37.2 -23.2 2.4
      vertex -26.75 -1.75 2.4
      vertex -37.2 23.2 2.4
    endloop
  endfacet
  facet normal 0 0 1
    outer loop
      vertex -37.2 23.2 2.4
      vertex -30.4135 17.0555 2.4
      vertex -30.4993 17.1986 2.4
    endloop
  endfacet
  facet normal 0 -0 1
    outer loop
      vertex -30.4135 -17.0555 2.4
      vertex -26.75 -1.75 2.4
      vertex -37.2 -23.2 2.4
    endloop
  endfacet
  facet normal 0 0 1
    outer loop
      vertex -37.2 23.2 2.4
      vertex -30.4993 17.1986 2.4
      vertex -30.5706 17.3494 2.4
    endloop
  endfacet
  facet normal 0 0 1
    outer loop
      vertex -26.75 -1.75 2.4
      vertex -30.4135 -17.0555 2.4
      vertex -30.3141 -16.9215 2.4
    endloop
  endfacet
  facet normal 0 0 1
    outer loop
      vertex -37.2 23.2 2.4
      vertex -30.5706 17.3494 2.4
      vertex -30.6268 17.5065 2.4
    endloop
  endfacet
  facet normal 0 0 1
    outer loop
      vertex -30.4135 -17.0555 2.4
      vertex -37.2 -23.2 2.4
      vertex -30.4993 -17.1986 2.4
    endloop
  endfacet
  facet normal 0 0 1
    outer loop
      vertex -37.2 23.2 2.4
      vertex -30.6268 17.5065 2.4
      vertex -30.6673 17.6683 2.4
    endloop
  endfacet
  facet normal 0 0 1
    outer loop
      vertex -30.4993 -17.1986 2.4
      vertex -37.2 -23.2 2.4
      vertex -30.5706 -17.3494 2.4
    endloop
  endfacet
  facet normal 0 0 1
    outer loop
      vertex -37.2 23.2 2.4
      vertex -30.6673 17.6683 2.4
      vertex -30.6918 17.8334 2.4
    endloop
  endfacet
  facet normal 0 0 1
    outer loop
      vertex -30.5706 -17.3494 2.4
      vertex -37.2 -23.2 2.4
      vertex -30.6268 -17.5065 2.4
    endloop
  endfacet
  facet normal 0 0 1
    outer loop
      vertex -37.2 23.2 2.4
      vertex -30.6918 17.8334 2.4
      vertex -30.7 18 2.4
    endloop
  endfacet
  facet normal 0 0 1
    outer loop
      vertex -30.6268 -17.5065 2.4
      vertex -37.2 -23.2 2.4
      vertex -30.6673 -17.6683 2.4
    endloop
  endfacet
  facet normal 0 0 1
    outer loop
      vertex 30.6268 17.5065 2.4
      vertex 37.2 23.2 2.4
      vertex 30.6673 17.6683 2.4
    endloop
  endfacet
  facet normal 0 0 1
    outer loop
      vertex 37.2 -23.2 2.4
      vertex 30.6918 -17.8334 2.4
      vertex 30.7 -18 2.4
    endloop
  endfacet
  facet normal 0 0 1
    outer loop
      vertex 30.5706 17.3494 2.4
      vertex 37.2 23.2 2.4
      vertex 30.6268 17.5065 2.4
    endloop
  endfacet
  facet normal 0 0 1
    outer loop
      vertex 37.2 -23.2 2.4
      vertex 30.6673 -17.6683 2.4
      vertex 30.6918 -17.8334 2.4
    endloop
  endfacet
  facet normal 0 0 1
    outer loop
      vertex 30.4993 17.1986 2.4
      vertex 37.2 23.2 2.4
      vertex 30.5706 17.3494 2.4
    endloop
  endfacet
  facet normal 0 0 1
    outer loop
      vertex 37.2 -23.2 2.4
      vertex 30.6268 -17.5065 2.4
      vertex 30.6673 -17.6683 2.4
    endloop
  endfacet
  facet normal 0 0 1
    outer loop
      vertex 30.4135 17.0555 2.4
      vertex 37.2 23.2 2.4
      vertex 30.4993 17.1986 2.4
    endloop
  endfacet
  facet normal 0 0 1
    outer loop
      vertex 37.2 -23.2 2.4
      vertex 30.5706 -17.3494 2.4
      vertex 30.6268 -17.5065 2.4
    endloop
  endfacet
  facet normal 0 0 1
    outer loop
      vertex 30.3141 16.9215 2.4
      vertex 37.2 23.2 2.4
      vertex 30.4135 17.0555 2.4
    endloop
  endfacet
  facet normal 0 0 1
    outer loop
      vertex 37.2 -23.2 2.4
      vertex 30.4993 -17.1986 2.4
      vertex 30.5706 -17.3494 2.4
    endloop
  endfacet
  facet normal 0 0 1
    outer loop
      vertex 37.2 23.2 2.4
      vertex 30.3141 16.9215 2.4
      vertex 37.2 -23.2 2.4
    endloop
  endfacet
  facet normal 0 0 1
    outer loop
      vertex 37.2 -23.2 2.4
      vertex 30.4135 -17.0555 2.4
      vertex 30.4993 -17.1986 2.4
    endloop
  endfacet
  facet normal -0 0 1
    outer loop
      vertex 30.3141 -16.9215 2.4
      vertex 37.2 -23.2 2.4
      vertex 30.3141 16.9215 2.4
    endloop
  endfacet
  facet normal 0 0 1
    outer loop
      vertex 37.2 -23.2 2.4
      vertex 30.3141 -16.9215 2.4
      vertex 30.4135 -17.0555 2.4
    endloop
  endfacet
  facet normal -0 0 1
    outer loop
      vertex 30.2021 16.7979 2.4
      vertex 30.3141 -16.9215 2.4
      vertex 30.3141 16.9215 2.4
    endloop
  endfacet
  facet normal 0 0 1
    outer loop
      vertex 30.2021 16.7979 2.4
      vertex 30.2021 -16.7979 2.4
      vertex 30.3141 -16.9215 2.4
    endloop
  endfacet
  facet normal -0 0 1
    outer loop
      vertex 30.0785 16.6859 2.4
      vertex 30.2021 -16.7979 2.4
      vertex 30.2021 16.7979 2.4
    endloop
  endfacet
  facet normal 0 0 1
    outer loop
      vertex 30.0785 16.6859 2.4
      vertex 30.0785 -16.6859 2.4
      vertex 30.2021 -16.7979 2.4
    endloop
  endfacet
  facet normal -0 0 1
    outer loop
      vertex 29.9445 16.5865 2.4
      vertex 30.0785 -16.6859 2.4
      vertex 30.0785 16.6859 2.4
    endloop
  endfacet
  facet normal 0 0 1
    outer loop
      vertex 29.9445 16.5865 2.4
      vertex 29.9445 -16.5865 2.4
      vertex 30.0785 -16.6859 2.4
    endloop
  endfacet
  facet normal -0 0 1
    outer loop
      vertex 29.8014 16.5007 2.4
      vertex 29.9445 -16.5865 2.4
      vertex 29.9445 16.5865 2.4
    endloop
  endfacet
  facet normal 0 0 1
    outer loop
      vertex 29.8014 16.5007 2.4
      vertex 29.8014 -16.5007 2.4
      vertex 29.9445 -16.5865 2.4
    endloop
  endfacet
  facet normal -0 0 1
    outer loop
      vertex 29.6506 16.4294 2.4
      vertex 29.8014 -16.5007 2.4
      vertex 29.8014 16.5007 2.4
    endloop
  endfacet
  facet normal 0 0 1
    outer loop
      vertex 29.6506 16.4294 2.4
      vertex 29.6506 -16.4294 2.4
      vertex 29.8014 -16.5007 2.4
    endloop
  endfacet
  facet normal -0 0 1
    outer loop
      vertex 29.4935 16.3732 2.4
      vertex 29.6506 -16.4294 2.4
      vertex 29.6506 16.4294 2.4
    endloop
  endfacet
  facet normal 0 0 1
    outer loop
      vertex 29.4935 16.3732 2.4
      vertex 29.4935 -16.3732 2.4
      vertex 29.6506 -16.4294 2.4
    endloop
  endfacet
  facet normal -0 0 1
    outer loop
      vertex 29.3317 16.3327 2.4
      vertex 29.4935 -16.3732 2.4
      vertex 29.4935 16.3732 2.4
    endloop
  endfacet
  facet normal 0 0 1
    outer loop
      vertex 29.3317 16.3327 2.4
      vertex 29.3317 -16.3327 2.4
      vertex 29.4935 -16.3732 2.4
    endloop
  endfacet
  facet normal -0 0 1
    outer loop
      vertex 29.1666 16.3082 2.4
      vertex 29.3317 -16.3327 2.4
      vertex 29.3317 16.3327 2.4
    endloop
  endfacet
  facet normal 0 0 1
    outer loop
      vertex 29.1666 16.3082 2.4
      vertex 29.1666 -16.3082 2.4
      vertex 29.3317 -16.3327 2.4
    endloop
  endfacet
  facet normal -0 0 1
    outer loop
      vertex 29 16.3 2.4
      vertex 29.1666 -16.3082 2.4
      vertex 29.1666 16.3082 2.4
    endloop
  endfacet
  facet normal 0 0 1
    outer loop
      vertex 29 16.3 2.4
      vertex 29 -16.3 2.4
      vertex 29.1666 -16.3082 2.4
    endloop
  endfacet
  facet normal 0 0 1
    outer loop
      vertex 28.8334 16.3082 2.4
      vertex 29 -16.3 2.4
      vertex 29 16.3 2.4
    endloop
  endfacet
  facet normal 0 0 1
    outer loop
      vertex 28.8334 16.3082 2.4
      vertex 28.8334 -16.3082 2.4
      vertex 29 -16.3 2.4
    endloop
  endfacet
  facet normal 0 0 1
    outer loop
      vertex 28.6683 16.3327 2.4
      vertex 28.8334 -16.3082 2.4
      vertex 28.8334 16.3082 2.4
    endloop
  endfacet
  facet normal 0 0 1
    outer loop
      vertex 28.6683 16.3327 2.4
      vertex 28.6683 -16.3327 2.4
      vertex 28.8334 -16.3082 2.4
    endloop
  endfacet
  facet normal 0 0 1
    outer loop
      vertex 28.5065 16.3732 2.4
      vertex 28.6683 -16.3327 2.4
      vertex 28.6683 16.3327 2.4
    endloop
  endfacet
  facet normal 0 0 1
    outer loop
      vertex 28.5065 16.3732 2.4
      vertex 28.5065 -16.3732 2.4
      vertex 28.6683 -16.3327 2.4
    endloop
  endfacet
  facet normal 0 0 1
    outer loop
      vertex 28.3494 16.4294 2.4
      vertex 28.5065 -16.3732 2.4
      vertex 28.5065 16.3732 2.4
    endloop
  endfacet
  facet normal 0 0 1
    outer loop
      vertex 28.3494 16.4294 2.4
      vertex 28.3494 -16.4294 2.4
      vertex 28.5065 -16.3732 2.4
    endloop
  endfacet
  facet normal 0 0 1
    outer loop
      vertex 28.1986 16.5007 2.4
      vertex 28.3494 -16.4294 2.4
      vertex 28.3494 16.4294 2.4
    endloop
  endfacet
  facet normal 0 0 1
    outer loop
      vertex 28.1986 16.5007 2.4
      vertex 28.1986 -16.5007 2.4
      vertex 28.3494 -16.4294 2.4
    endloop
  endfacet
  facet normal 0 0 1
    outer loop
      vertex 28.0555 16.5865 2.4
      vertex 28.1986 -16.5007 2.4
      vertex 28.1986 16.5007 2.4
    endloop
  endfacet
  facet normal 0 0 1
    outer loop
      vertex 28.0555 16.5865 2.4
      vertex 28.0555 -16.5865 2.4
      vertex 28.1986 -16.5007 2.4
    endloop
  endfacet
  facet normal 0 0 1
    outer loop
      vertex -1.25 -1.75 2.4
      vertex 28.0555 16.5865 2.4
      vertex 27.9215 16.6859 2.4
    endloop
  endfacet
  facet normal 0 0 1
    outer loop
      vertex 28.0555 16.5865 2.4
      vertex -1.25 -1.75 2.4
      vertex 28.0555 -16.5865 2.4
    endloop
  endfacet
  facet normal 0 0 1
    outer loop
      vertex -1.25 -1.75 2.4
      vertex 27.9215 16.6859 2.4
      vertex 27.7979 16.7979 2.4
    endloop
  endfacet
  facet normal 0 0 1
    outer loop
      vertex 28.0555 -16.5865 2.4
      vertex -1.25 -1.75 2.4
      vertex 27.9215 -16.6859 2.4
    endloop
  endfacet
  facet normal 0 0 1
    outer loop
      vertex -1.25 -1.75 2.4
      vertex 27.7979 16.7979 2.4
      vertex 27.6859 16.9215 2.4
    endloop
  endfacet
  facet normal 0 0 1
    outer loop
      vertex 27.9215 -16.6859 2.4
      vertex -1.25 -1.75 2.4
      vertex 27.7979 -16.7979 2.4
    endloop
  endfacet
  facet normal 0 0 1
    outer loop
      vertex -1.25 13.75 2.4
      vertex 27.6859 16.9215 2.4
      vertex 27.5865 17.0555 2.4
    endloop
  endfacet
  facet normal 0 0 1
    outer loop
      vertex 27.7979 -16.7979 2.4
      vertex -1.25 -1.75 2.4
      vertex 27.6859 -16.9215 2.4
    endloop
  endfacet
  facet normal 0 0 1
    outer loop
      vertex -1.25 13.75 2.4
      vertex 27.5865 17.0555 2.4
      vertex 27.5007 17.1986 2.4
    endloop
  endfacet
  facet normal 0 0 1
    outer loop
      vertex 27.6859 -16.9215 2.4
      vertex -1.25 -1.75 2.4
      vertex 27.5865 -17.0555 2.4
    endloop
  endfacet
  facet normal 0 0 1
    outer loop
      vertex -1.25 13.75 2.4
      vertex 27.5007 17.1986 2.4
      vertex 27.4294 17.3494 2.4
    endloop
  endfacet
  facet normal 0 0 1
    outer loop
      vertex 27.5865 -17.0555 2.4
      vertex -1.25 -1.75 2.4
      vertex 27.5007 -17.1986 2.4
    endloop
  endfacet
  facet normal 0 0 1
    outer loop
      vertex -1.25 13.75 2.4
      vertex 27.4294 17.3494 2.4
      vertex 27.3732 17.5065 2.4
    endloop
  endfacet
  facet normal 0 0 1
    outer loop
      vertex 27.5007 -17.1986 2.4
      vertex -1.25 -1.75 2.4
      vertex 27.4294 -17.3494 2.4
    endloop
  endfacet
  facet normal 0 0 1
    outer loop
      vertex -1.25 13.75 2.4
      vertex 27.3732 17.5065 2.4
      vertex 27.3327 17.6683 2.4
    endloop
  endfacet
  facet normal 0 0 1
    outer loop
      vertex 27.4294 -17.3494 2.4
      vertex -1.25 -1.75 2.4
      vertex 27.3732 -17.5065 2.4
    endloop
  endfacet
  facet normal 0 0 1
    outer loop
      vertex -1.25 13.75 2.4
      vertex 27.3327 17.6683 2.4
      vertex 27.3082 17.8334 2.4
    endloop
  endfacet
  facet normal 0 0 1
    outer loop
      vertex 27.3732 -17.5065 2.4
      vertex -1.25 -1.75 2.4
      vertex 27.3327 -17.6683 2.4
    endloop
  endfacet
  facet normal 0 0 1
    outer loop
      vertex -1.25 13.75 2.4
      vertex 27.3082 17.8334 2.4
      vertex 27.3 18 2.4
    endloop
  endfacet
  facet normal 0 0 1
    outer loop
      vertex 27.3327 -17.6683 2.4
      vertex -1.25 -1.75 2.4
      vertex 27.3082 -17.8334 2.4
    endloop
  endfacet
  facet normal 0 0 1
    outer loop
      vertex 34.2 26.2 2.4
      vertex 37.2 23.2 2.4
      vertex 37.1856 23.4941 2.4
    endloop
  endfacet
  facet normal 0 0 1
    outer loop
      vertex 30.6918 17.8334 2.4
      vertex 37.2 23.2 2.4
      vertex 30.7 18 2.4
    endloop
  endfacet
  facet normal 0 0 1
    outer loop
      vertex 34.2 26.2 2.4
      vertex 37.1856 23.4941 2.4
      vertex 37.1424 23.7853 2.4
    endloop
  endfacet
  facet normal 0 0 1
    outer loop
      vertex 30.6673 17.6683 2.4
      vertex 37.2 23.2 2.4
      vertex 30.6918 17.8334 2.4
    endloop
  endfacet
  facet normal 0 0 1
    outer loop
      vertex 34.2 26.2 2.4
      vertex 37.1424 23.7853 2.4
      vertex 37.0708 24.0709 2.4
    endloop
  endfacet
  facet normal -0 0 1
    outer loop
      vertex 30.6918 -18.1666 2.4
      vertex 37.2 -23.2 2.4
      vertex 30.7 -18 2.4
    endloop
  endfacet
  facet normal 0 0 1
    outer loop
      vertex 34.2 26.2 2.4
      vertex 37.0708 24.0709 2.4
      vertex 36.9716 24.348 2.4
    endloop
  endfacet
  facet normal -0 0 1
    outer loop
      vertex 30.6673 -18.3317 2.4
      vertex 37.2 -23.2 2.4
      vertex 30.6918 -18.1666 2.4
    endloop
  endfacet
  facet normal 0 0 1
    outer loop
      vertex 34.2 26.2 2.4
      vertex 36.9716 24.348 2.4
      vertex 36.8458 24.6142 2.4
    endloop
  endfacet
  facet normal -0 0 1
    outer loop
      vertex 30.6268 -18.4935 2.4
      vertex 37.2 -23.2 2.4
      vertex 30.6673 -18.3317 2.4
    endloop
  endfacet
  facet normal 0 0 1
    outer loop
      vertex 34.2 26.2 2.4
      vertex 36.8458 24.6142 2.4
      vertex 36.6944 24.8667 2.4
    endloop
  endfacet
  facet normal -0 0 1
    outer loop
      vertex 30.5706 -18.6506 2.4
      vertex 37.2 -23.2 2.4
      vertex 30.6268 -18.4935 2.4
    endloop
  endfacet
  facet normal 0 0 1
    outer loop
      vertex 34.2 26.2 2.4
      vertex 36.6944 24.8667 2.4
      vertex 36.519 25.1032 2.4
    endloop
  endfacet
  facet normal -0 0 1
    outer loop
      vertex 30.4993 -18.8014 2.4
      vertex 37.2 -23.2 2.4
      vertex 30.5706 -18.6506 2.4
    endloop
  endfacet
  facet normal 0 0 1
    outer loop
      vertex 34.2 26.2 2.4
      vertex 36.519 25.1032 2.4
      vertex 36.3213 25.3213 2.4
    endloop
  endfacet
  facet normal -0 0 1
    outer loop
      vertex 30.4135 -18.9445 2.4
      vertex 37.2 -23.2 2.4
      vertex 30.4993 -18.8014 2.4
    endloop
  endfacet
  facet normal 0 0 1
    outer loop
      vertex 34.2 26.2 2.4
      vertex 36.3213 25.3213 2.4
      vertex 36.1032 25.519 2.4
    endloop
  endfacet
  facet normal -0 0 1
    outer loop
      vertex 30.3141 -19.0785 2.4
      vertex 37.2 -23.2 2.4
      vertex 30.4135 -18.9445 2.4
    endloop
  endfacet
  facet normal 0 0 1
    outer loop
      vertex 34.2 26.2 2.4
      vertex 36.1032 25.519 2.4
      vertex 35.8667 25.6944 2.4
    endloop
  endfacet
  facet normal -0 0 1
    outer loop
      vertex 30.2021 -19.2021 2.4
      vertex 37.2 -23.2 2.4
      vertex 30.3141 -19.0785 2.4
    endloop
  endfacet
  facet normal 0 0 1
    outer loop
      vertex 34.2 26.2 2.4
      vertex 35.8667 25.6944 2.4
      vertex 35.6142 25.8458 2.4
    endloop
  endfacet
  facet normal 0 -0 1
    outer loop
      vertex 34.2 -26.2 2.4
      vertex 37.2 -23.2 2.4
      vertex 30.2021 -19.2021 2.4
    endloop
  endfacet
  facet normal 0 0 1
    outer loop
      vertex 34.2 26.2 2.4
      vertex 35.6142 25.8458 2.4
      vertex 35.348 25.9716 2.4
    endloop
  endfacet
  facet normal 0 0 1
    outer loop
      vertex 37.2 -23.2 2.4
      vertex 34.2 -26.2 2.4
      vertex 37.1856 -23.4941 2.4
    endloop
  endfacet
  facet normal 0 0 1
    outer loop
      vertex 34.2 26.2 2.4
      vertex 35.348 25.9716 2.4
      vertex 35.0709 26.0708 2.4
    endloop
  endfacet
  facet normal 0 0 1
    outer loop
      vertex 37.1856 -23.4941 2.4
      vertex 34.2 -26.2 2.4
      vertex 37.1424 -23.7853 2.4
    endloop
  endfacet
  facet normal 0 0 1
    outer loop
      vertex 34.2 26.2 2.4
      vertex 35.0709 26.0708 2.4
      vertex 34.7853 26.1424 2.4
    endloop
  endfacet
  facet normal 0 0 1
    outer loop
      vertex 37.0708 -24.0709 2.4
      vertex 34.2 -26.2 2.4
      vertex 36.9716 -24.348 2.4
    endloop
  endfacet
  facet normal 0 0 1
    outer loop
      vertex 34.2 26.2 2.4
      vertex 34.7853 26.1424 2.4
      vertex 34.494 26.1856 2.4
    endloop
  endfacet
  facet normal 0 0 1
    outer loop
      vertex 36.9716 -24.348 2.4
      vertex 34.2 -26.2 2.4
      vertex 36.8458 -24.6142 2.4
    endloop
  endfacet
  facet normal 0 0 1
    outer loop
      vertex 37.2 23.2 2.4
      vertex 34.2 26.2 2.4
      vertex 30.2021 19.2021 2.4
    endloop
  endfacet
  facet normal 0 0 1
    outer loop
      vertex 36.8458 -24.6142 2.4
      vertex 34.2 -26.2 2.4
      vertex 36.6944 -24.8667 2.4
    endloop
  endfacet
  facet normal 0 0 1
    outer loop
      vertex 36.6944 -24.8667 2.4
      vertex 34.2 -26.2 2.4
      vertex 36.519 -25.1032 2.4
    endloop
  endfacet
  facet normal 0 0 1
    outer loop
      vertex 37.2 23.2 2.4
      vertex 30.6918 18.1666 2.4
      vertex 30.7 18 2.4
    endloop
  endfacet
  facet normal 0 0 1
    outer loop
      vertex 37.2 23.2 2.4
      vertex 30.6673 18.3317 2.4
      vertex 30.6918 18.1666 2.4
    endloop
  endfacet
  facet normal 0 0 1
    outer loop
      vertex 37.2 23.2 2.4
      vertex 30.6268 18.4935 2.4
      vertex 30.6673 18.3317 2.4
    endloop
  endfacet
  facet normal 0 0 1
    outer loop
      vertex 37.2 23.2 2.4
      vertex 30.5706 18.6506 2.4
      vertex 30.6268 18.4935 2.4
    endloop
  endfacet
  facet normal 0 0 1
    outer loop
      vertex 37.2 23.2 2.4
      vertex 30.4993 18.8014 2.4
      vertex 30.5706 18.6506 2.4
    endloop
  endfacet
  facet normal 0 0 1
    outer loop
      vertex 37.2 23.2 2.4
      vertex 30.4135 18.9445 2.4
      vertex 30.4993 18.8014 2.4
    endloop
  endfacet
  facet normal 0 0 1
    outer loop
      vertex 37.2 23.2 2.4
      vertex 30.3141 19.0785 2.4
      vertex 30.4135 18.9445 2.4
    endloop
  endfacet
  facet normal 0 0 1
    outer loop
      vertex 37.2 23.2 2.4
      vertex 30.2021 19.2021 2.4
      vertex 30.3141 19.0785 2.4
    endloop
  endfacet
  facet normal 0 0 1
    outer loop
      vertex 34.2 26.2 2.4
      vertex 30.0785 19.3141 2.4
      vertex 30.2021 19.2021 2.4
    endloop
  endfacet
  facet normal 0 0 1
    outer loop
      vertex 34.2 26.2 2.4
      vertex 29.9445 19.4135 2.4
      vertex 30.0785 19.3141 2.4
    endloop
  endfacet
  facet normal 0 0 1
    outer loop
      vertex 34.2 26.2 2.4
      vertex 29.8014 19.4993 2.4
      vertex 29.9445 19.4135 2.4
    endloop
  endfacet
  facet normal 0 0 1
    outer loop
      vertex 34.2 26.2 2.4
      vertex 29.6506 19.5706 2.4
      vertex 29.8014 19.4993 2.4
    endloop
  endfacet
  facet normal 0 0 1
    outer loop
      vertex 34.2 26.2 2.4
      vertex 29.4935 19.6268 2.4
      vertex 29.6506 19.5706 2.4
    endloop
  endfacet
  facet normal 0 0 1
    outer loop
      vertex 34.2 26.2 2.4
      vertex 29.3317 19.6673 2.4
      vertex 29.4935 19.6268 2.4
    endloop
  endfacet
  facet normal 0 0 1
    outer loop
      vertex 34.2 26.2 2.4
      vertex 29.1666 19.6918 2.4
      vertex 29.3317 19.6673 2.4
    endloop
  endfacet
  facet normal 0 0 1
    outer loop
      vertex 34.2 26.2 2.4
      vertex 29 19.7 2.4
      vertex 29.1666 19.6918 2.4
    endloop
  endfacet
  facet normal 0 0 1
    outer loop
      vertex 34.2 26.2 2.4
      vertex 28.8334 19.6918 2.4
      vertex 29 19.7 2.4
    endloop
  endfacet
  facet normal 0 0 1
    outer loop
      vertex 34.2 26.2 2.4
      vertex 28.6683 19.6673 2.4
      vertex 28.8334 19.6918 2.4
    endloop
  endfacet
  facet normal 0 0 1
    outer loop
      vertex 34.2 26.2 2.4
      vertex 28.5065 19.6268 2.4
      vertex 28.6683 19.6673 2.4
    endloop
  endfacet
  facet normal 0 0 1
    outer loop
      vertex 34.2 26.2 2.4
      vertex 28.3494 19.5706 2.4
      vertex 28.5065 19.6268 2.4
    endloop
  endfacet
  facet normal 0 0 1
    outer loop
      vertex 34.2 26.2 2.4
      vertex 28.1986 19.4993 2.4
      vertex 28.3494 19.5706 2.4
    endloop
  endfacet
  facet normal 0 0 1
    outer loop
      vertex 34.2 26.2 2.4
      vertex 28.0555 19.4135 2.4
      vertex 28.1986 19.4993 2.4
    endloop
  endfacet
  facet normal 0 0 1
    outer loop
      vertex 34.2 26.2 2.4
      vertex 27.9215 19.3141 2.4
      vertex 28.0555 19.4135 2.4
    endloop
  endfacet
  facet normal 0 0 1
    outer loop
      vertex -1.25 13.75 2.4
      vertex 27.9215 19.3141 2.4
      vertex 34.2 26.2 2.4
    endloop
  endfacet
  facet normal 0 0 1
    outer loop
      vertex 27.6859 16.9215 2.4
      vertex -1.25 13.75 2.4
      vertex -1.25 -1.75 2.4
    endloop
  endfacet
  facet normal 0 0 1
    outer loop
      vertex 27.3082 18.1666 2.4
      vertex -1.25 13.75 2.4
      vertex 27.3 18 2.4
    endloop
  endfacet
  facet normal 0 0 1
    outer loop
      vertex 27.3327 18.3317 2.4
      vertex -1.25 13.75 2.4
      vertex 27.3082 18.1666 2.4
    endloop
  endfacet
  facet normal 0 0 1
    outer loop
      vertex 27.3732 18.4935 2.4
      vertex -1.25 13.75 2.4
      vertex 27.3327 18.3317 2.4
    endloop
  endfacet
  facet normal 0 0 1
    outer loop
      vertex 27.4294 18.6506 2.4
      vertex -1.25 13.75 2.4
      vertex 27.3732 18.4935 2.4
    endloop
  endfacet
  facet normal 0 0 1
    outer loop
      vertex 27.5007 18.8014 2.4
      vertex -1.25 13.75 2.4
      vertex 27.4294 18.6506 2.4
    endloop
  endfacet
  facet normal 0 0 1
    outer loop
      vertex 27.5865 18.9445 2.4
      vertex -1.25 13.75 2.4
      vertex 27.5007 18.8014 2.4
    endloop
  endfacet
  facet normal 0 0 1
    outer loop
      vertex 27.6859 19.0785 2.4
      vertex -1.25 13.75 2.4
      vertex 27.5865 18.9445 2.4
    endloop
  endfacet
  facet normal 0 0 1
    outer loop
      vertex 27.7979 19.2021 2.4
      vertex -1.25 13.75 2.4
      vertex 27.6859 19.0785 2.4
    endloop
  endfacet
  facet normal 0 0 1
    outer loop
      vertex 27.9215 19.3141 2.4
      vertex -1.25 13.75 2.4
      vertex 27.7979 19.2021 2.4
    endloop
  endfacet
  facet normal -0 0 1
    outer loop
      vertex -34.2 26.2 2.4
      vertex -1.25 13.75 2.4
      vertex 34.2 26.2 2.4
    endloop
  endfacet
  facet normal -0 0 1
    outer loop
      vertex -27.3082 17.8334 2.4
      vertex -26.75 13.75 2.4
      vertex -27.3 18 2.4
    endloop
  endfacet
  facet normal 0 0 1
    outer loop
      vertex -1.25 13.75 2.4
      vertex -27.3 18 2.4
      vertex -26.75 13.75 2.4
    endloop
  endfacet
  facet normal 0 0 1
    outer loop
      vertex -1.25 13.75 2.4
      vertex -27.3082 18.1666 2.4
      vertex -27.3 18 2.4
    endloop
  endfacet
  facet normal 0 0 1
    outer loop
      vertex -1.25 13.75 2.4
      vertex -27.3327 18.3317 2.4
      vertex -27.3082 18.1666 2.4
    endloop
  endfacet
  facet normal 0 0 1
    outer loop
      vertex -1.25 13.75 2.4
      vertex -27.3732 18.4935 2.4
      vertex -27.3327 18.3317 2.4
    endloop
  endfacet
  facet normal 0 0 1
    outer loop
      vertex -1.25 13.75 2.4
      vertex -27.4294 18.6506 2.4
      vertex -27.3732 18.4935 2.4
    endloop
  endfacet
  facet normal 0 0 1
    outer loop
      vertex -1.25 13.75 2.4
      vertex -27.5007 18.8014 2.4
      vertex -27.4294 18.6506 2.4
    endloop
  endfacet
  facet normal 0 0 1
    outer loop
      vertex -1.25 13.75 2.4
      vertex -27.5865 18.9445 2.4
      vertex -27.5007 18.8014 2.4
    endloop
  endfacet
  facet normal 0 0 1
    outer loop
      vertex -1.25 13.75 2.4
      vertex -27.6859 19.0785 2.4
      vertex -27.5865 18.9445 2.4
    endloop
  endfacet
  facet normal 0 0 1
    outer loop
      vertex -1.25 13.75 2.4
      vertex -27.7979 19.2021 2.4
      vertex -27.6859 19.0785 2.4
    endloop
  endfacet
  facet normal 0 0 1
    outer loop
      vertex -1.25 13.75 2.4
      vertex -27.9215 19.3141 2.4
      vertex -27.7979 19.2021 2.4
    endloop
  endfacet
  facet normal 0 0 1
    outer loop
      vertex -1.25 13.75 2.4
      vertex -34.2 26.2 2.4
      vertex -27.9215 19.3141 2.4
    endloop
  endfacet
  facet normal 0 0 1
    outer loop
      vertex -27.9215 19.3141 2.4
      vertex -34.2 26.2 2.4
      vertex -28.0555 19.4135 2.4
    endloop
  endfacet
  facet normal 0 0 1
    outer loop
      vertex -28.0555 19.4135 2.4
      vertex -34.2 26.2 2.4
      vertex -28.1986 19.4993 2.4
    endloop
  endfacet
  facet normal 0 0 1
    outer loop
      vertex -28.1986 19.4993 2.4
      vertex -34.2 26.2 2.4
      vertex -28.3494 19.5706 2.4
    endloop
  endfacet
  facet normal 0 0 1
    outer loop
      vertex -28.3494 19.5706 2.4
      vertex -34.2 26.2 2.4
      vertex -28.5065 19.6268 2.4
    endloop
  endfacet
  facet normal 0 0 1
    outer loop
      vertex -28.5065 19.6268 2.4
      vertex -34.2 26.2 2.4
      vertex -28.6683 19.6673 2.4
    endloop
  endfacet
  facet normal 0 0 1
    outer loop
      vertex -28.6683 19.6673 2.4
      vertex -34.2 26.2 2.4
      vertex -28.8334 19.6918 2.4
    endloop
  endfacet
  facet normal 0 0 1
    outer loop
      vertex -28.8334 19.6918 2.4
      vertex -34.2 26.2 2.4
      vertex -29 19.7 2.4
    endloop
  endfacet
  facet normal 0 0 1
    outer loop
      vertex -30.6918 18.1666 2.4
      vertex -37.2 23.2 2.4
      vertex -30.7 18 2.4
    endloop
  endfacet
  facet normal 0 0 1
    outer loop
      vertex -30.6673 18.3317 2.4
      vertex -37.2 23.2 2.4
      vertex -30.6918 18.1666 2.4
    endloop
  endfacet
  facet normal 0 0 1
    outer loop
      vertex -30.6268 18.4935 2.4
      vertex -37.2 23.2 2.4
      vertex -30.6673 18.3317 2.4
    endloop
  endfacet
  facet normal 0 0 1
    outer loop
      vertex -30.5706 18.6506 2.4
      vertex -37.2 23.2 2.4
      vertex -30.6268 18.4935 2.4
    endloop
  endfacet
  facet normal 0 0 1
    outer loop
      vertex -30.4993 18.8014 2.4
      vertex -37.2 23.2 2.4
      vertex -30.5706 18.6506 2.4
    endloop
  endfacet
  facet normal 0 0 1
    outer loop
      vertex -30.4135 18.9445 2.4
      vertex -37.2 23.2 2.4
      vertex -30.4993 18.8014 2.4
    endloop
  endfacet
  facet normal 0 0 1
    outer loop
      vertex -30.3141 19.0785 2.4
      vertex -37.2 23.2 2.4
      vertex -30.4135 18.9445 2.4
    endloop
  endfacet
  facet normal 0 0 1
    outer loop
      vertex -30.2021 19.2021 2.4
      vertex -37.2 23.2 2.4
      vertex -30.3141 19.0785 2.4
    endloop
  endfacet
  facet normal -0 0 1
    outer loop
      vertex -37.2 23.2 2.4
      vertex -30.2021 19.2021 2.4
      vertex -34.2 26.2 2.4
    endloop
  endfacet
  facet normal 0 0 1
    outer loop
      vertex -30.0785 19.3141 2.4
      vertex -34.2 26.2 2.4
      vertex -30.2021 19.2021 2.4
    endloop
  endfacet
  facet normal 0 0 1
    outer loop
      vertex -29.9445 19.4135 2.4
      vertex -34.2 26.2 2.4
      vertex -30.0785 19.3141 2.4
    endloop
  endfacet
  facet normal 0 0 1
    outer loop
      vertex -29.8014 19.4993 2.4
      vertex -34.2 26.2 2.4
      vertex -29.9445 19.4135 2.4
    endloop
  endfacet
  facet normal 0 0 1
    outer loop
      vertex -29.6506 19.5706 2.4
      vertex -34.2 26.2 2.4
      vertex -29.8014 19.4993 2.4
    endloop
  endfacet
  facet normal 0 0 1
    outer loop
      vertex -29.4935 19.6268 2.4
      vertex -34.2 26.2 2.4
      vertex -29.6506 19.5706 2.4
    endloop
  endfacet
  facet normal 0 0 1
    outer loop
      vertex -29.3317 19.6673 2.4
      vertex -34.2 26.2 2.4
      vertex -29.4935 19.6268 2.4
    endloop
  endfacet
  facet normal 0 0 1
    outer loop
      vertex -29.1666 19.6918 2.4
      vertex -34.2 26.2 2.4
      vertex -29.3317 19.6673 2.4
    endloop
  endfacet
  facet normal 0 0 1
    outer loop
      vertex -29 19.7 2.4
      vertex -34.2 26.2 2.4
      vertex -29.1666 19.6918 2.4
    endloop
  endfacet
  facet normal 0 0 1
    outer loop
      vertex 36.519 -25.1032 2.4
      vertex 34.2 -26.2 2.4
      vertex 36.3213 -25.3213 2.4
    endloop
  endfacet
  facet normal 0 0 1
    outer loop
      vertex 36.3213 -25.3213 2.4
      vertex 34.2 -26.2 2.4
      vertex 36.1032 -25.519 2.4
    endloop
  endfacet
  facet normal 0 0 1
    outer loop
      vertex 36.1032 -25.519 2.4
      vertex 34.2 -26.2 2.4
      vertex 35.8667 -25.6944 2.4
    endloop
  endfacet
  facet normal 0 0 1
    outer loop
      vertex 35.8667 -25.6944 2.4
      vertex 34.2 -26.2 2.4
      vertex 35.6142 -25.8458 2.4
    endloop
  endfacet
  facet normal 0 0 1
    outer loop
      vertex 35.348 -25.9716 2.4
      vertex 34.2 -26.2 2.4
      vertex 35.0709 -26.0708 2.4
    endloop
  endfacet
  facet normal 0 0 1
    outer loop
      vertex 35.0709 -26.0708 2.4
      vertex 34.2 -26.2 2.4
      vertex 34.7853 -26.1424 2.4
    endloop
  endfacet
  facet normal 0 0 1
    outer loop
      vertex 34.7853 -26.1424 2.4
      vertex 34.2 -26.2 2.4
      vertex 34.494 -26.1856 2.4
    endloop
  endfacet
  facet normal 0 0 1
    outer loop
      vertex 35.6142 -25.8458 2.4
      vertex 34.2 -26.2 2.4
      vertex 35.348 -25.9716 2.4
    endloop
  endfacet
  facet normal 0 0 1
    outer loop
      vertex 37.1424 -23.7853 2.4
      vertex 34.2 -26.2 2.4
      vertex 37.0708 -24.0709 2.4
    endloop
  endfacet
  facet normal -0 0 1
    outer loop
      vertex 30.0785 -19.3141 2.4
      vertex 34.2 -26.2 2.4
      vertex 30.2021 -19.2021 2.4
    endloop
  endfacet
  facet normal -0 0 1
    outer loop
      vertex 29.9445 -19.4135 2.4
      vertex 34.2 -26.2 2.4
      vertex 30.0785 -19.3141 2.4
    endloop
  endfacet
  facet normal -0 0 1
    outer loop
      vertex 29.8014 -19.4993 2.4
      vertex 34.2 -26.2 2.4
      vertex 29.9445 -19.4135 2.4
    endloop
  endfacet
  facet normal -0 0 1
    outer loop
      vertex 29.6506 -19.5706 2.4
      vertex 34.2 -26.2 2.4
      vertex 29.8014 -19.4993 2.4
    endloop
  endfacet
  facet normal -0 0 1
    outer loop
      vertex 29.4935 -19.6268 2.4
      vertex 34.2 -26.2 2.4
      vertex 29.6506 -19.5706 2.4
    endloop
  endfacet
  facet normal -0 0 1
    outer loop
      vertex 29.3317 -19.6673 2.4
      vertex 34.2 -26.2 2.4
      vertex 29.4935 -19.6268 2.4
    endloop
  endfacet
  facet normal -0 0 1
    outer loop
      vertex 29.1666 -19.6918 2.4
      vertex 34.2 -26.2 2.4
      vertex 29.3317 -19.6673 2.4
    endloop
  endfacet
  facet normal -0 0 1
    outer loop
      vertex 29 -19.7 2.4
      vertex 34.2 -26.2 2.4
      vertex 29.1666 -19.6918 2.4
    endloop
  endfacet
  facet normal 0 0 1
    outer loop
      vertex 28.8334 -19.6918 2.4
      vertex 34.2 -26.2 2.4
      vertex 29 -19.7 2.4
    endloop
  endfacet
  facet normal 0 0 1
    outer loop
      vertex 28.6683 -19.6673 2.4
      vertex 34.2 -26.2 2.4
      vertex 28.8334 -19.6918 2.4
    endloop
  endfacet
  facet normal 0 0 1
    outer loop
      vertex 28.5065 -19.6268 2.4
      vertex 34.2 -26.2 2.4
      vertex 28.6683 -19.6673 2.4
    endloop
  endfacet
  facet normal 0 0 1
    outer loop
      vertex 28.3494 -19.5706 2.4
      vertex 34.2 -26.2 2.4
      vertex 28.5065 -19.6268 2.4
    endloop
  endfacet
  facet normal 0 0 1
    outer loop
      vertex 28.1986 -19.4993 2.4
      vertex 34.2 -26.2 2.4
      vertex 28.3494 -19.5706 2.4
    endloop
  endfacet
  facet normal 0 0 1
    outer loop
      vertex 28.0555 -19.4135 2.4
      vertex 34.2 -26.2 2.4
      vertex 28.1986 -19.4993 2.4
    endloop
  endfacet
  facet normal 0 0 1
    outer loop
      vertex 27.9215 -19.3141 2.4
      vertex 34.2 -26.2 2.4
      vertex 28.0555 -19.4135 2.4
    endloop
  endfacet
  facet normal 0 0 1
    outer loop
      vertex -27.9215 -19.3141 2.4
      vertex 27.9215 -19.3141 2.4
      vertex 27.7979 -19.2021 2.4
    endloop
  endfacet
  facet normal 0 0 1
    outer loop
      vertex 27.3082 -17.8334 2.4
      vertex -1.25 -1.75 2.4
      vertex 27.3 -18 2.4
    endloop
  endfacet
  facet normal 0 0 1
    outer loop
      vertex 27.3 -18 2.4
      vertex -1.25 -1.75 2.4
      vertex 27.3082 -18.1666 2.4
    endloop
  endfacet
  facet normal 0 0 1
    outer loop
      vertex 27.3082 -18.1666 2.4
      vertex -1.25 -1.75 2.4
      vertex 27.3327 -18.3317 2.4
    endloop
  endfacet
  facet normal 0 0 1
    outer loop
      vertex 27.3327 -18.3317 2.4
      vertex -1.25 -1.75 2.4
      vertex 27.3732 -18.4935 2.4
    endloop
  endfacet
  facet normal 0 0 1
    outer loop
      vertex 27.3732 -18.4935 2.4
      vertex -1.25 -1.75 2.4
      vertex 27.4294 -18.6506 2.4
    endloop
  endfacet
  facet normal 0 0 1
    outer loop
      vertex 27.4294 -18.6506 2.4
      vertex -1.25 -1.75 2.4
      vertex 27.5007 -18.8014 2.4
    endloop
  endfacet
  facet normal 0 0 1
    outer loop
      vertex -27.5007 -18.8014 2.4
      vertex 27.5007 -18.8014 2.4
      vertex -1.25 -1.75 2.4
    endloop
  endfacet
  facet normal 0 0 1
    outer loop
      vertex 27.5007 -18.8014 2.4
      vertex -27.5007 -18.8014 2.4
      vertex 27.5865 -18.9445 2.4
    endloop
  endfacet
  facet normal 0 0 1
    outer loop
      vertex -27.5865 -18.9445 2.4
      vertex 27.5865 -18.9445 2.4
      vertex -27.5007 -18.8014 2.4
    endloop
  endfacet
  facet normal 0 0 1
    outer loop
      vertex 27.5865 -18.9445 2.4
      vertex -27.5865 -18.9445 2.4
      vertex 27.6859 -19.0785 2.4
    endloop
  endfacet
  facet normal 0 0 1
    outer loop
      vertex -27.3 -18 2.4
      vertex -1.25 -1.75 2.4
      vertex -26.75 -1.75 2.4
    endloop
  endfacet
  facet normal -0 0 1
    outer loop
      vertex -27.3327 17.6683 2.4
      vertex -26.75 13.75 2.4
      vertex -27.3082 17.8334 2.4
    endloop
  endfacet
  facet normal 0 0 1
    outer loop
      vertex -27.3082 -18.1666 2.4
      vertex -1.25 -1.75 2.4
      vertex -27.3 -18 2.4
    endloop
  endfacet
  facet normal 0 0 1
    outer loop
      vertex -27.3327 -18.3317 2.4
      vertex -1.25 -1.75 2.4
      vertex -27.3082 -18.1666 2.4
    endloop
  endfacet
  facet normal 0 0 1
    outer loop
      vertex -27.3732 -18.4935 2.4
      vertex -1.25 -1.75 2.4
      vertex -27.3327 -18.3317 2.4
    endloop
  endfacet
  facet normal 0 0 1
    outer loop
      vertex -27.4294 -18.6506 2.4
      vertex -1.25 -1.75 2.4
      vertex -27.3732 -18.4935 2.4
    endloop
  endfacet
  facet normal 0 0 1
    outer loop
      vertex -27.5007 -18.8014 2.4
      vertex -1.25 -1.75 2.4
      vertex -27.4294 -18.6506 2.4
    endloop
  endfacet
  facet normal 0 0 1
    outer loop
      vertex -27.6859 -19.0785 2.4
      vertex 27.6859 -19.0785 2.4
      vertex -27.5865 -18.9445 2.4
    endloop
  endfacet
  facet normal 0 0 1
    outer loop
      vertex 27.6859 -19.0785 2.4
      vertex -27.6859 -19.0785 2.4
      vertex 27.7979 -19.2021 2.4
    endloop
  endfacet
  facet normal 0 0 1
    outer loop
      vertex -27.7979 -19.2021 2.4
      vertex 27.7979 -19.2021 2.4
      vertex -27.6859 -19.0785 2.4
    endloop
  endfacet
  facet normal 0 0 1
    outer loop
      vertex -27.9215 -19.3141 2.4
      vertex 27.7979 -19.2021 2.4
      vertex -27.7979 -19.2021 2.4
    endloop
  endfacet
  facet normal 0 0 1
    outer loop
      vertex 27.9215 -19.3141 2.4
      vertex -27.9215 -19.3141 2.4
      vertex 34.2 -26.2 2.4
    endloop
  endfacet
  facet normal 0 0 1
    outer loop
      vertex -34.2 -26.2 2.4
      vertex -27.9215 -19.3141 2.4
      vertex -28.0555 -19.4135 2.4
    endloop
  endfacet
  facet normal 0 0 1
    outer loop
      vertex -34.2 -26.2 2.4
      vertex -28.0555 -19.4135 2.4
      vertex -28.1986 -19.4993 2.4
    endloop
  endfacet
  facet normal 0 0 1
    outer loop
      vertex -34.2 -26.2 2.4
      vertex -28.1986 -19.4993 2.4
      vertex -28.3494 -19.5706 2.4
    endloop
  endfacet
  facet normal 0 0 1
    outer loop
      vertex -34.2 -26.2 2.4
      vertex -28.3494 -19.5706 2.4
      vertex -28.5065 -19.6268 2.4
    endloop
  endfacet
  facet normal 0 0 1
    outer loop
      vertex -34.2 -26.2 2.4
      vertex -28.5065 -19.6268 2.4
      vertex -28.6683 -19.6673 2.4
    endloop
  endfacet
  facet normal 0 0 1
    outer loop
      vertex -34.2 -26.2 2.4
      vertex -28.6683 -19.6673 2.4
      vertex -28.8334 -19.6918 2.4
    endloop
  endfacet
  facet normal 0 0 1
    outer loop
      vertex -34.2 -26.2 2.4
      vertex -28.8334 -19.6918 2.4
      vertex -29 -19.7 2.4
    endloop
  endfacet
  facet normal 0 0 1
    outer loop
      vertex -34.2 -26.2 2.4
      vertex -29 -19.7 2.4
      vertex -29.1666 -19.6918 2.4
    endloop
  endfacet
  facet normal 0 0 1
    outer loop
      vertex -30.6673 -17.6683 2.4
      vertex -37.2 -23.2 2.4
      vertex -30.6918 -17.8334 2.4
    endloop
  endfacet
  facet normal 0 0 1
    outer loop
      vertex -27.9215 -19.3141 2.4
      vertex -34.2 -26.2 2.4
      vertex 34.2 -26.2 2.4
    endloop
  endfacet
  facet normal 0 0 1
    outer loop
      vertex -29.3317 -19.6673 2.4
      vertex -34.2 -26.2 2.4
      vertex -29.1666 -19.6918 2.4
    endloop
  endfacet
  facet normal 0 0 1
    outer loop
      vertex -29.4935 -19.6268 2.4
      vertex -34.2 -26.2 2.4
      vertex -29.3317 -19.6673 2.4
    endloop
  endfacet
  facet normal 0 0 1
    outer loop
      vertex -29.6506 -19.5706 2.4
      vertex -34.2 -26.2 2.4
      vertex -29.4935 -19.6268 2.4
    endloop
  endfacet
  facet normal 0 0 1
    outer loop
      vertex -29.8014 -19.4993 2.4
      vertex -34.2 -26.2 2.4
      vertex -29.6506 -19.5706 2.4
    endloop
  endfacet
  facet normal 0 0 1
    outer loop
      vertex -29.9445 -19.4135 2.4
      vertex -34.2 -26.2 2.4
      vertex -29.8014 -19.4993 2.4
    endloop
  endfacet
  facet normal 0 0 1
    outer loop
      vertex -30.0785 -19.3141 2.4
      vertex -34.2 -26.2 2.4
      vertex -29.9445 -19.4135 2.4
    endloop
  endfacet
  facet normal 0 0 1
    outer loop
      vertex -30.2021 -19.2021 2.4
      vertex -34.2 -26.2 2.4
      vertex -30.0785 -19.3141 2.4
    endloop
  endfacet
  facet normal 0 0 1
    outer loop
      vertex -37.2 -23.2 2.4
      vertex -30.2021 -19.2021 2.4
      vertex -30.3141 -19.0785 2.4
    endloop
  endfacet
  facet normal 0 0 1
    outer loop
      vertex -37.2 -23.2 2.4
      vertex -30.3141 -19.0785 2.4
      vertex -30.4135 -18.9445 2.4
    endloop
  endfacet
  facet normal 0 0 1
    outer loop
      vertex -37.2 -23.2 2.4
      vertex -30.4135 -18.9445 2.4
      vertex -30.4993 -18.8014 2.4
    endloop
  endfacet
  facet normal 0 0 1
    outer loop
      vertex -37.2 -23.2 2.4
      vertex -30.4993 -18.8014 2.4
      vertex -30.5706 -18.6506 2.4
    endloop
  endfacet
  facet normal 0 0 1
    outer loop
      vertex -37.2 -23.2 2.4
      vertex -30.5706 -18.6506 2.4
      vertex -30.6268 -18.4935 2.4
    endloop
  endfacet
  facet normal 0 0 1
    outer loop
      vertex -37.2 -23.2 2.4
      vertex -30.6268 -18.4935 2.4
      vertex -30.6673 -18.3317 2.4
    endloop
  endfacet
  facet normal 0 0 1
    outer loop
      vertex -37.2 -23.2 2.4
      vertex -30.6673 -18.3317 2.4
      vertex -30.6918 -18.1666 2.4
    endloop
  endfacet
  facet normal 0 0 1
    outer loop
      vertex -30.6918 -17.8334 2.4
      vertex -37.2 -23.2 2.4
      vertex -30.7 -18 2.4
    endloop
  endfacet
  facet normal 0 0 1
    outer loop
      vertex -37.2 23.2 2.4
      vertex -34.2 26.2 2.4
      vertex -34.494 26.1856 2.4
    endloop
  endfacet
  facet normal 0 0 1
    outer loop
      vertex -30.7 -18 2.4
      vertex -37.2 -23.2 2.4
      vertex -30.6918 -18.1666 2.4
    endloop
  endfacet
  facet normal 0 0 1
    outer loop
      vertex -37.2 23.2 2.4
      vertex -34.494 26.1856 2.4
      vertex -34.7853 26.1424 2.4
    endloop
  endfacet
  facet normal 0 0 1
    outer loop
      vertex -30.2021 -19.2021 2.4
      vertex -37.2 -23.2 2.4
      vertex -34.2 -26.2 2.4
    endloop
  endfacet
  facet normal 0 0 1
    outer loop
      vertex -37.2 23.2 2.4
      vertex -34.7853 26.1424 2.4
      vertex -35.0709 26.0708 2.4
    endloop
  endfacet
  facet normal 0 0 1
    outer loop
      vertex -34.2 -26.2 2.4
      vertex -37.2 -23.2 2.4
      vertex -34.494 -26.1856 2.4
    endloop
  endfacet
  facet normal 0 0 1
    outer loop
      vertex -37.2 23.2 2.4
      vertex -35.0709 26.0708 2.4
      vertex -35.348 25.9716 2.4
    endloop
  endfacet
  facet normal 0 0 1
    outer loop
      vertex -34.494 -26.1856 2.4
      vertex -37.2 -23.2 2.4
      vertex -34.7853 -26.1424 2.4
    endloop
  endfacet
  facet normal 0 0 1
    outer loop
      vertex -37.2 23.2 2.4
      vertex -35.348 25.9716 2.4
      vertex -35.6142 25.8458 2.4
    endloop
  endfacet
  facet normal 0 0 1
    outer loop
      vertex -34.7853 -26.1424 2.4
      vertex -37.2 -23.2 2.4
      vertex -35.0709 -26.0708 2.4
    endloop
  endfacet
  facet normal 0 0 1
    outer loop
      vertex -37.2 23.2 2.4
      vertex -35.6142 25.8458 2.4
      vertex -35.8667 25.6944 2.4
    endloop
  endfacet
  facet normal 0 0 1
    outer loop
      vertex -35.0709 -26.0708 2.4
      vertex -37.2 -23.2 2.4
      vertex -35.348 -25.9716 2.4
    endloop
  endfacet
  facet normal 0 0 1
    outer loop
      vertex -37.2 23.2 2.4
      vertex -35.8667 25.6944 2.4
      vertex -36.1032 25.519 2.4
    endloop
  endfacet
  facet normal 0 0 1
    outer loop
      vertex -35.348 -25.9716 2.4
      vertex -37.2 -23.2 2.4
      vertex -35.6142 -25.8458 2.4
    endloop
  endfacet
  facet normal 0 0 1
    outer loop
      vertex -37.2 23.2 2.4
      vertex -36.1032 25.519 2.4
      vertex -36.3213 25.3213 2.4
    endloop
  endfacet
  facet normal 0 0 1
    outer loop
      vertex -35.6142 -25.8458 2.4
      vertex -37.2 -23.2 2.4
      vertex -35.8667 -25.6944 2.4
    endloop
  endfacet
  facet normal 0 0 1
    outer loop
      vertex -37.2 23.2 2.4
      vertex -36.3213 25.3213 2.4
      vertex -36.519 25.1032 2.4
    endloop
  endfacet
  facet normal 0 0 1
    outer loop
      vertex -35.8667 -25.6944 2.4
      vertex -37.2 -23.2 2.4
      vertex -36.1032 -25.519 2.4
    endloop
  endfacet
  facet normal 0 0 1
    outer loop
      vertex -37.2 23.2 2.4
      vertex -36.519 25.1032 2.4
      vertex -36.6944 24.8667 2.4
    endloop
  endfacet
  facet normal 0 0 1
    outer loop
      vertex -36.1032 -25.519 2.4
      vertex -37.2 -23.2 2.4
      vertex -36.3213 -25.3213 2.4
    endloop
  endfacet
  facet normal 0 0 1
    outer loop
      vertex -37.2 23.2 2.4
      vertex -36.6944 24.8667 2.4
      vertex -36.8458 24.6142 2.4
    endloop
  endfacet
  facet normal 0 0 1
    outer loop
      vertex -36.3213 -25.3213 2.4
      vertex -37.2 -23.2 2.4
      vertex -36.519 -25.1032 2.4
    endloop
  endfacet
  facet normal 0 0 1
    outer loop
      vertex -37.2 23.2 2.4
      vertex -36.8458 24.6142 2.4
      vertex -36.9716 24.348 2.4
    endloop
  endfacet
  facet normal 0 0 1
    outer loop
      vertex -36.519 -25.1032 2.4
      vertex -37.2 -23.2 2.4
      vertex -36.6944 -24.8667 2.4
    endloop
  endfacet
  facet normal 0 0 1
    outer loop
      vertex -37.2 23.2 2.4
      vertex -36.9716 24.348 2.4
      vertex -37.0708 24.0709 2.4
    endloop
  endfacet
  facet normal 0 0 1
    outer loop
      vertex -36.6944 -24.8667 2.4
      vertex -37.2 -23.2 2.4
      vertex -36.8458 -24.6142 2.4
    endloop
  endfacet
  facet normal 0 0 1
    outer loop
      vertex -37.2 23.2 2.4
      vertex -37.0708 24.0709 2.4
      vertex -37.1424 23.7853 2.4
    endloop
  endfacet
  facet normal 0 0 1
    outer loop
      vertex -36.8458 -24.6142 2.4
      vertex -37.2 -23.2 2.4
      vertex -36.9716 -24.348 2.4
    endloop
  endfacet
  facet normal 0 0 1
    outer loop
      vertex -37.2 23.2 2.4
      vertex -37.1424 23.7853 2.4
      vertex -37.1856 23.4941 2.4
    endloop
  endfacet
  facet normal 0 0 1
    outer loop
      vertex -36.9716 -24.348 2.4
      vertex -37.2 -23.2 2.4
      vertex -37.0708 -24.0709 2.4
    endloop
  endfacet
  facet normal 0 0 1
    outer loop
      vertex -37.0708 -24.0709 2.4
      vertex -37.2 -23.2 2.4
      vertex -37.1424 -23.7853 2.4
    endloop
  endfacet
  facet normal 0 0 1
    outer loop
      vertex -37.1424 -23.7853 2.4
      vertex -37.2 -23.2 2.4
      vertex -37.1856 -23.4941 2.4
    endloop
  endfacet
  facet normal -0.740908 0.671607 0
    outer loop
      vertex -36.519 25.1032 0
      vertex -36.3213 25.3213 2.4
      vertex -36.3213 25.3213 0
    endloop
  endfacet
  facet normal -0.740908 0.671607 0
    outer loop
      vertex -36.3213 25.3213 2.4
      vertex -36.519 25.1032 0
      vertex -36.519 25.1032 2.4
    endloop
  endfacet
  facet normal -1 0 0
    outer loop
      vertex -1.25 -1.75 1.5
      vertex -1.25 13.75 2.4
      vertex -1.25 13.75 1.5
    endloop
  endfacet
  facet normal -1 -0 0
    outer loop
      vertex -1.25 13.75 2.4
      vertex -1.25 -1.75 1.5
      vertex -1.25 -1.75 2.4
    endloop
  endfacet
  facet normal 1 -0 0
    outer loop
      vertex -26.75 -1.75 2.4
      vertex -26.75 13.75 1.5
      vertex -26.75 13.75 2.4
    endloop
  endfacet
  facet normal 1 0 0
    outer loop
      vertex -26.75 13.75 1.5
      vertex -26.75 -1.75 2.4
      vertex -26.75 -1.75 1.5
    endloop
  endfacet
  facet normal 0 -1 0
    outer loop
      vertex -26.75 13.75 1.5
      vertex -1.25 13.75 2.4
      vertex -26.75 13.75 2.4
    endloop
  endfacet
  facet normal 0 -1 -0
    outer loop
      vertex -1.25 13.75 2.4
      vertex -26.75 13.75 1.5
      vertex -1.25 13.75 1.5
    endloop
  endfacet
  facet normal 0 1 -0
    outer loop
      vertex -1.25 -1.75 1.5
      vertex -26.75 -1.75 2.4
      vertex -1.25 -1.75 2.4
    endloop
  endfacet
  facet normal 0 1 0
    outer loop
      vertex -26.75 -1.75 2.4
      vertex -1.25 -1.75 1.5
      vertex -26.75 -1.75 1.5
    endloop
  endfacet
  facet normal -1 0 0
    outer loop
      vertex 0.75 -8.75 0
      vertex 0.75 20.75 1.5
      vertex 0.75 20.75 0
    endloop
  endfacet
  facet normal -1 -0 0
    outer loop
      vertex 0.75 20.75 1.5
      vertex 0.75 -8.75 0
      vertex 0.75 -8.75 1.5
    endloop
  endfacet
  facet normal 0 0 -1
    outer loop
      vertex 0.75 -8.75 1.5
      vertex -1.25 -1.75 1.5
      vertex 0.75 20.75 1.5
    endloop
  endfacet
  facet normal 0 0 -1
    outer loop
      vertex 0.75 -8.75 1.5
      vertex -26.75 -1.75 1.5
      vertex -1.25 -1.75 1.5
    endloop
  endfacet
  facet normal 0 0 -1
    outer loop
      vertex -28.75 16.3206 1.5
      vertex -26.75 13.75 1.5
      vertex -26.75 -1.75 1.5
    endloop
  endfacet
  facet normal 0 0 -1
    outer loop
      vertex -26.75 13.75 1.5
      vertex -27.3082 17.8334 1.5
      vertex -27.3 18 1.5
    endloop
  endfacet
  facet normal 0 0 -1
    outer loop
      vertex -26.75 13.75 1.5
      vertex -27.3327 17.6683 1.5
      vertex -27.3082 17.8334 1.5
    endloop
  endfacet
  facet normal 0 0 -1
    outer loop
      vertex -26.75 13.75 1.5
      vertex -27.3732 17.5065 1.5
      vertex -27.3327 17.6683 1.5
    endloop
  endfacet
  facet normal 0 0 -1
    outer loop
      vertex -26.75 13.75 1.5
      vertex -27.4294 17.3494 1.5
      vertex -27.3732 17.5065 1.5
    endloop
  endfacet
  facet normal 0 0 -1
    outer loop
      vertex -26.75 13.75 1.5
      vertex -27.5007 17.1986 1.5
      vertex -27.4294 17.3494 1.5
    endloop
  endfacet
  facet normal 0 0 -1
    outer loop
      vertex -26.75 13.75 1.5
      vertex -27.5865 17.0555 1.5
      vertex -27.5007 17.1986 1.5
    endloop
  endfacet
  facet normal 0 0 -1
    outer loop
      vertex -26.75 13.75 1.5
      vertex -27.6859 16.9215 1.5
      vertex -27.5865 17.0555 1.5
    endloop
  endfacet
  facet normal 0 0 -1
    outer loop
      vertex -26.75 13.75 1.5
      vertex -27.7979 16.7979 1.5
      vertex -27.6859 16.9215 1.5
    endloop
  endfacet
  facet normal 0 0 -1
    outer loop
      vertex -26.75 13.75 1.5
      vertex -27.9215 16.6859 1.5
      vertex -27.7979 16.7979 1.5
    endloop
  endfacet
  facet normal 0 0 -1
    outer loop
      vertex -26.75 13.75 1.5
      vertex -28.0555 16.5865 1.5
      vertex -27.9215 16.6859 1.5
    endloop
  endfacet
  facet normal 0 0 -1
    outer loop
      vertex -26.75 13.75 1.5
      vertex -28.1986 16.5007 1.5
      vertex -28.0555 16.5865 1.5
    endloop
  endfacet
  facet normal 0 0 -1
    outer loop
      vertex -26.75 13.75 1.5
      vertex -28.3494 16.4294 1.5
      vertex -28.1986 16.5007 1.5
    endloop
  endfacet
  facet normal 0 0 -1
    outer loop
      vertex -26.75 13.75 1.5
      vertex -28.5065 16.3732 1.5
      vertex -28.3494 16.4294 1.5
    endloop
  endfacet
  facet normal 0 0 -1
    outer loop
      vertex -26.75 13.75 1.5
      vertex -28.6683 16.3327 1.5
      vertex -28.5065 16.3732 1.5
    endloop
  endfacet
  facet normal 0 0 -1
    outer loop
      vertex -28.75 -8.75 1.5
      vertex -26.75 -1.75 1.5
      vertex 0.75 -8.75 1.5
    endloop
  endfacet
  facet normal 0 0 -1
    outer loop
      vertex -28.75 16.3206 1.5
      vertex -26.75 -1.75 1.5
      vertex -28.75 -8.75 1.5
    endloop
  endfacet
  facet normal 0 0 -1
    outer loop
      vertex -26.75 13.75 1.5
      vertex -28.75 16.3206 1.5
      vertex -28.6683 16.3327 1.5
    endloop
  endfacet
  facet normal 0 0 -1
    outer loop
      vertex -1.25 13.75 1.5
      vertex 0.75 20.75 1.5
      vertex -1.25 -1.75 1.5
    endloop
  endfacet
  facet normal 0 0 -1
    outer loop
      vertex -27.3 18 1.5
      vertex -1.25 13.75 1.5
      vertex -26.75 13.75 1.5
    endloop
  endfacet
  facet normal 0 0 -1
    outer loop
      vertex -27.3082 18.1666 1.5
      vertex -1.25 13.75 1.5
      vertex -27.3 18 1.5
    endloop
  endfacet
  facet normal 0 0 -1
    outer loop
      vertex -27.3327 18.3317 1.5
      vertex -1.25 13.75 1.5
      vertex -27.3082 18.1666 1.5
    endloop
  endfacet
  facet normal 0 0 -1
    outer loop
      vertex -1.25 13.75 1.5
      vertex -27.3327 18.3317 1.5
      vertex 0.75 20.75 1.5
    endloop
  endfacet
  facet normal 0 0 -1
    outer loop
      vertex -27.3732 18.4935 1.5
      vertex 0.75 20.75 1.5
      vertex -27.3327 18.3317 1.5
    endloop
  endfacet
  facet normal 0 0 -1
    outer loop
      vertex -27.4294 18.6506 1.5
      vertex 0.75 20.75 1.5
      vertex -27.3732 18.4935 1.5
    endloop
  endfacet
  facet normal 0 0 -1
    outer loop
      vertex -27.5007 18.8014 1.5
      vertex 0.75 20.75 1.5
      vertex -27.4294 18.6506 1.5
    endloop
  endfacet
  facet normal 0 0 -1
    outer loop
      vertex -27.5865 18.9445 1.5
      vertex 0.75 20.75 1.5
      vertex -27.5007 18.8014 1.5
    endloop
  endfacet
  facet normal 0 0 -1
    outer loop
      vertex -27.6859 19.0785 1.5
      vertex 0.75 20.75 1.5
      vertex -27.5865 18.9445 1.5
    endloop
  endfacet
  facet normal 0 0 -1
    outer loop
      vertex -28.75 20.75 1.5
      vertex -27.6859 19.0785 1.5
      vertex -27.7979 19.2021 1.5
    endloop
  endfacet
  facet normal 0 0 -1
    outer loop
      vertex -28.75 20.75 1.5
      vertex -27.7979 19.2021 1.5
      vertex -27.9215 19.3141 1.5
    endloop
  endfacet
  facet normal 0 0 -1
    outer loop
      vertex -28.75 20.75 1.5
      vertex -27.9215 19.3141 1.5
      vertex -28.0555 19.4135 1.5
    endloop
  endfacet
  facet normal 0 0 -1
    outer loop
      vertex -28.75 20.75 1.5
      vertex -28.0555 19.4135 1.5
      vertex -28.1986 19.4993 1.5
    endloop
  endfacet
  facet normal 0 0 -1
    outer loop
      vertex -28.75 20.75 1.5
      vertex -28.1986 19.4993 1.5
      vertex -28.3494 19.5706 1.5
    endloop
  endfacet
  facet normal 0 0 -1
    outer loop
      vertex -28.75 20.75 1.5
      vertex -28.3494 19.5706 1.5
      vertex -28.5065 19.6268 1.5
    endloop
  endfacet
  facet normal 0 0 -1
    outer loop
      vertex -28.75 20.75 1.5
      vertex -28.5065 19.6268 1.5
      vertex -28.6683 19.6673 1.5
    endloop
  endfacet
  facet normal 0 0 -1
    outer loop
      vertex -28.75 20.75 1.5
      vertex -28.6683 19.6673 1.5
      vertex -28.75 19.6794 1.5
    endloop
  endfacet
  facet normal 0 0 -1
    outer loop
      vertex -27.6859 19.0785 1.5
      vertex -28.75 20.75 1.5
      vertex 0.75 20.75 1.5
    endloop
  endfacet
  facet normal 1 -0 0
    outer loop
      vertex -28.75 19.6794 1.5
      vertex -28.75 20.75 0
      vertex -28.75 20.75 1.5
    endloop
  endfacet
  facet normal 1 0 0
    outer loop
      vertex -28.75 20.75 0
      vertex -28.75 19.6794 1.5
      vertex -28.75 19.6794 0
    endloop
  endfacet
  facet normal 1 -0 0
    outer loop
      vertex -28.75 -8.75 1.5
      vertex -28.75 16.3206 0
      vertex -28.75 16.3206 1.5
    endloop
  endfacet
  facet normal 1 0 0
    outer loop
      vertex -28.75 16.3206 0
      vertex -28.75 -8.75 1.5
      vertex -28.75 -8.75 0
    endloop
  endfacet
  facet normal 0 -1 0
    outer loop
      vertex -28.75 20.75 0
      vertex 0.75 20.75 1.5
      vertex -28.75 20.75 1.5
    endloop
  endfacet
  facet normal 0 -1 -0
    outer loop
      vertex 0.75 20.75 1.5
      vertex -28.75 20.75 0
      vertex 0.75 20.75 0
    endloop
  endfacet
  facet normal 0 1 -0
    outer loop
      vertex 0.75 -8.75 0
      vertex -28.75 -8.75 1.5
      vertex 0.75 -8.75 1.5
    endloop
  endfacet
  facet normal 0 1 0
    outer loop
      vertex -28.75 -8.75 1.5
      vertex 0.75 -8.75 0
      vertex -28.75 -8.75 0
    endloop
  endfacet
endsolid OpenSCAD_Model
